customer_id,recency,frequency,monetary,R_score,F_score,M_score,rfm_score,rfm_segment_code,segment,customer_value,days_since_purchase,revenue_2023,revenue_2024
1,512,4,6322.97,3,3,4,3.3333333333333335,334,Potential Loyalists,1580.7425,512,1298.17,5024.8
2,739,1,455.29,1,1,1,1.0,111,Lost,455.29,739,455.29,0.0
3,402,4,2770.76,5,3,2,3.3333333333333335,532,Potential Loyalists,692.69,402,1125.37,1645.39
4,450,4,10882.06,4,3,5,4.0,435,Loyal Customers,2720.515,450,0.0,10882.06
5,522,3,4344.43,3,2,3,2.6666666666666665,323,Need Attention,1448.1433333333334,522,3112.93,1231.5
6,573,3,1529.81,2,2,1,1.6666666666666667,221,Need Attention,509.93666666666667,573,1053.49,476.32
7,533,4,11642.65,2,3,5,3.3333333333333335,235,Cant Lose Them,2910.6625,533,5589.88,6052.77
8,618,4,4945.95,2,3,3,2.6666666666666665,233,Cant Lose Them,1236.4875,618,1686.87,3259.08
9,820,1,491.71,1,1,1,1.0,111,Lost,491.71,820,491.71,0.0
10,422,7,5285.58,4,5,4,4.333333333333333,454,Champions,755.0828571428572,422,895.66,4389.92
11,584,4,9821.59,2,3,5,3.3333333333333335,235,Cant Lose Them,2455.3975,584,3522.07,6299.52
12,493,5,5712.950000000001,3,4,4,3.6666666666666665,344,Potential Loyalists,1142.5900000000001,493,2517.5,3195.45
13,493,2,2212.24,3,1,2,2.0,312,Need Attention,1106.12,493,1440.97,771.27
14,611,4,2304.3,2,3,2,2.3333333333333335,232,Cant Lose Them,576.075,611,1693.4,610.9
15,523,1,4280.68,3,1,3,2.3333333333333335,313,Need Attention,4280.68,523,0.0,4280.68
16,439,6,6628.0,4,4,4,4.0,444,Champions,1104.6666666666667,439,4897.87,1730.13
17,397,3,2713.83,5,2,2,3.0,522,Recent Customers,904.61,397,0.0,2713.83
18,530,2,1604.03,2,1,1,1.3333333333333333,211,Need Attention,802.015,530,0.0,1604.03
19,601,3,3090.16,2,2,2,2.0,222,Need Attention,1030.0533333333333,601,2426.59,663.57
20,503,3,3274.64,3,2,2,2.3333333333333335,322,Need Attention,1091.5466666666666,503,2154.39,1120.25
21,385,8,11547.45,5,5,5,5.0,555,Champions,1443.43125,385,6391.94,5155.51
22,406,6,5652.389999999999,5,4,4,4.333333333333333,544,Champions,942.0649999999999,406,2202.84,3449.55
23,729,2,724.51,1,1,1,1.0,111,Lost,362.255,729,270.56,453.95
24,785,3,7109.140000000001,1,2,4,2.3333333333333335,124,Lost,2369.7133333333336,785,7109.14,0.0
25,500,5,3221.77,3,4,2,3.0,342,Potential Loyalists,644.354,500,1998.23,1223.54
26,606,5,6879.420000000001,2,4,4,3.3333333333333335,244,At Risk,1375.8840000000002,606,5785.83,1093.59
27,366,7,7233.28,5,5,4,4.666666666666667,554,Champions,1033.3257142857142,366,1612.75,5620.53
28,382,3,1626.44,5,2,1,2.6666666666666665,521,Recent Customers,542.1466666666666,382,938.54,687.9
29,390,7,8672.23,5,5,5,5.0,555,Champions,1238.8899999999999,390,790.1,7882.13
30,469,4,2626.98,3,3,2,2.6666666666666665,332,Potential Loyalists,656.745,469,1113.9,1513.08
31,470,3,6213.62,3,2,4,3.0,324,Need Attention,2071.2066666666665,470,963.46,5250.16
32,426,7,9285.78,4,5,5,4.666666666666667,455,Champions,1326.5400000000002,426,2084.22,7201.56
33,631,5,9846.18,2,4,5,3.6666666666666665,245,At Risk,1969.236,631,1381.54,8464.64
34,641,1,557.13,2,1,1,1.3333333333333333,211,Need Attention,557.13,641,0.0,557.13
35,539,5,11358.39,2,4,5,3.6666666666666665,245,At Risk,2271.678,539,10207.24,1151.15
37,373,6,5817.33,5,4,4,4.333333333333333,544,Champions,969.555,373,1022.46,4794.87
38,436,6,10286.89,4,4,5,4.333333333333333,445,Champions,1714.4816666666666,436,3453.61,6833.28
39,431,5,8005.4400000000005,4,4,5,4.333333333333333,445,Champions,1601.0880000000002,431,7185.8,819.64
40,395,2,3161.26,5,1,2,2.6666666666666665,512,Recent Customers,1580.63,395,2236.26,925.0
41,388,8,9273.03,5,5,5,5.0,555,Champions,1159.12875,388,6192.03,3081.0
42,464,4,6244.4,3,3,4,3.3333333333333335,334,Potential Loyalists,1561.1,464,3761.86,2482.54
43,371,6,3998.58,5,4,3,4.0,543,Loyal Customers,666.43,371,1786.95,2211.63
44,487,3,2135.02,3,2,2,2.3333333333333335,322,Need Attention,711.6733333333333,487,974.52,1160.5
45,393,3,2529.44,5,2,2,3.0,522,Recent Customers,843.1466666666666,393,455.84,2073.6
46,367,3,5161.67,5,2,4,3.6666666666666665,524,Recent Customers,1720.5566666666666,367,2001.83,3159.84
47,440,3,6676.59,4,2,4,3.3333333333333335,424,Recent Customers,2225.53,440,786.85,5889.74
48,510,3,6170.5,3,2,4,3.0,324,Need Attention,2056.8333333333335,510,838.17,5332.33
49,574,3,4205.85,2,2,3,2.3333333333333335,223,Need Attention,1401.95,574,312.5,3893.35
50,398,2,842.31,5,1,1,2.3333333333333335,511,Recent Customers,421.155,398,0.0,842.31
51,649,3,10916.630000000001,2,2,5,3.0,225,Need Attention,3638.876666666667,649,6127.55,4789.08
52,368,7,11425.14,5,5,5,5.0,555,Champions,1632.162857142857,368,2555.64,8869.5
53,378,6,8041.620000000001,5,4,5,4.666666666666667,545,Champions,1340.2700000000002,378,1523.75,6517.87
54,366,3,3671.6499999999996,5,2,3,3.3333333333333335,523,Recent Customers,1223.8833333333332,366,2261.22,1410.43
55,453,4,2484.27,4,3,2,3.0,432,Potential Loyalists,621.0675,453,2021.41,462.86
56,408,8,10455.28,5,5,5,5.0,555,Champions,1306.91,408,6198.46,4256.82
57,714,2,1615.85,1,1,1,1.0,111,Lost,807.925,714,960.26,655.59
59,494,6,11395.15,3,4,5,4.0,345,Potential Loyalists,1899.1916666666666,494,2501.58,8893.57
60,459,4,5386.15,4,3,4,3.6666666666666665,434,Loyal Customers,1346.5375,459,309.34,5076.81
61,480,5,4010.0299999999997,3,4,3,3.3333333333333335,343,Potential Loyalists,802.006,480,2052.33,1957.7
62,383,2,5204.97,5,1,4,3.3333333333333335,514,Recent Customers,2602.485,383,719.35,4485.62
63,472,3,1298.24,3,2,1,2.0,321,Need Attention,432.74666666666667,472,432.85,865.39
64,432,4,4267.9,4,3,3,3.3333333333333335,433,Loyal Customers,1066.975,432,2108.42,2159.48
65,438,2,2489.25,4,1,2,2.3333333333333335,412,Recent Customers,1244.625,438,0.0,2489.25
66,718,4,2760.7599999999998,1,3,2,2.0,132,Cant Lose Them,690.1899999999999,718,1689.43,1071.33
67,552,2,936.51,2,1,1,1.3333333333333333,211,Need Attention,468.255,552,0.0,936.51
68,523,6,4892.66,3,4,3,3.3333333333333335,343,Potential Loyalists,815.4433333333333,523,2230.87,2661.79
69,659,4,7033.43,1,3,4,2.6666666666666665,134,Cant Lose Them,1758.3575,659,909.63,6123.8
70,767,1,373.01,1,1,1,1.0,111,Lost,373.01,767,373.01,0.0
71,576,4,7951.610000000001,2,3,5,3.3333333333333335,235,Cant Lose Them,1987.9025000000001,576,1329.77,6621.84
72,826,1,220.49,1,1,1,1.0,111,Lost,220.49,826,220.49,0.0
73,374,5,5100.89,5,4,3,4.0,543,Loyal Customers,1020.1780000000001,374,3426.69,1674.2
74,441,4,5214.0,4,3,4,3.6666666666666665,434,Loyal Customers,1303.5,441,3510.3,1703.7
75,550,5,2812.67,2,4,2,2.6666666666666665,242,At Risk,562.534,550,1840.02,972.65
76,374,5,5118.83,5,4,3,4.0,543,Loyal Customers,1023.766,374,2701.1,2417.73
77,482,4,2306.26,3,3,2,2.6666666666666665,332,Potential Loyalists,576.565,482,1252.55,1053.71
78,449,9,8491.88,4,5,5,4.666666666666667,455,Champions,943.5422222222221,449,2963.52,5528.36
79,438,4,4009.4300000000003,4,3,3,3.3333333333333335,433,Loyal Customers,1002.3575000000001,438,373.48,3635.95
80,444,5,5240.57,4,4,4,4.0,444,Champions,1048.114,444,2594.56,2646.01
81,582,2,2820.2000000000003,2,1,2,1.6666666666666667,212,Need Attention,1410.1000000000001,582,2452.07,368.13
82,375,9,9386.550000000001,5,5,5,5.0,555,Champions,1042.95,375,7173.1,2213.45
83,910,1,647.27,1,1,1,1.0,111,Lost,647.27,910,647.27,0.0
84,871,3,2998.4,1,2,2,1.6666666666666667,122,Lost,999.4666666666667,871,2998.4,0.0
85,504,3,6767.780000000001,3,2,4,3.0,324,Need Attention,2255.9266666666667,504,4956.58,1811.2
86,620,2,2712.0699999999997,2,1,2,1.6666666666666667,212,Need Attention,1356.0349999999999,620,783.72,1928.35
87,847,1,6017.53,1,1,4,2.0,114,Lost,6017.53,847,6017.53,0.0
88,564,4,9274.71,2,3,5,3.3333333333333335,235,Cant Lose Them,2318.6775,564,1872.46,7402.25
89,442,4,2820.31,4,3,2,3.0,432,Potential Loyalists,705.0775,442,2031.05,789.26
90,410,6,10186.890000000001,4,4,5,4.333333333333333,445,Champions,1697.8150000000003,410,4356.69,5830.2
91,382,4,7947.57,5,3,5,4.333333333333333,535,Loyal Customers,1986.8925,382,2835.86,5111.71
92,663,6,12180.39,1,4,5,3.3333333333333335,145,At Risk,2030.0649999999998,663,10751.6,1428.79
93,539,4,3095.49,2,3,2,2.3333333333333335,232,Cant Lose Them,773.8725,539,1043.92,2051.57
94,839,2,1005.98,1,1,1,1.0,111,Lost,502.99,839,1005.98,0.0
95,447,5,5946.63,4,4,4,4.0,444,Champions,1189.326,447,530.1,5416.53
96,923,4,4652.1900000000005,1,3,3,2.3333333333333335,133,Cant Lose Them,1163.0475000000001,923,4652.19,0.0
97,413,5,4733.18,4,4,3,3.6666666666666665,443,Loyal Customers,946.6360000000001,413,2974.16,1759.02
98,614,5,4088.92,2,4,3,3.0,243,At Risk,817.784,614,2990.89,1098.03
99,441,6,10548.789999999999,4,4,5,4.333333333333333,445,Champions,1758.1316666666664,441,7746.19,2802.6
100,371,6,9349.880000000001,5,4,5,4.666666666666667,545,Champions,1558.3133333333335,371,2079.2,7270.68
101,949,2,925.16,1,1,1,1.0,111,Lost,462.58,949,925.16,0.0
102,542,5,3361.3599999999997,2,4,3,3.0,243,At Risk,672.2719999999999,542,2060.53,1300.83
103,471,4,1646.79,3,3,1,2.3333333333333335,331,Potential Loyalists,411.6975,471,1192.45,454.34
104,670,6,4431.15,1,4,3,2.6666666666666665,143,At Risk,738.525,670,3986.06,445.09
105,998,1,927.79,1,1,1,1.0,111,Lost,927.79,998,927.79,0.0
106,614,6,5683.67,2,4,4,3.3333333333333335,244,At Risk,947.2783333333333,614,4130.45,1553.22
107,464,5,5181.8,3,4,4,3.6666666666666665,344,Potential Loyalists,1036.3600000000001,464,3560.03,1621.77
108,875,3,5608.4,1,2,4,2.3333333333333335,124,Lost,1869.4666666666665,875,5608.4,0.0
109,805,3,1154.45,1,2,1,1.3333333333333333,121,Lost,384.81666666666666,805,1154.45,0.0
110,441,2,5134.15,4,1,3,2.6666666666666665,413,Recent Customers,2567.075,441,0.0,5134.15
111,460,4,2737.57,4,3,2,3.0,432,Potential Loyalists,684.3925,460,557.43,2180.14
112,381,4,4510.4400000000005,5,3,3,3.6666666666666665,533,Loyal Customers,1127.6100000000001,381,397.21,4113.23
113,636,3,1892.4,2,2,1,1.6666666666666667,221,Need Attention,630.8000000000001,636,1326.02,566.38
114,655,5,4009.19,1,4,3,2.6666666666666665,143,At Risk,801.838,655,3055.67,953.52
115,547,3,2664.5699999999997,2,2,2,2.0,222,Need Attention,888.1899999999999,547,1856.75,807.82
116,401,4,7950.04,5,3,5,4.333333333333333,535,Loyal Customers,1987.51,401,0.0,7950.04
117,460,5,4368.86,4,4,3,3.6666666666666665,443,Loyal Customers,873.7719999999999,460,3309.16,1059.7
118,614,6,11345.18,2,4,5,3.6666666666666665,245,At Risk,1890.8633333333335,614,10291.8,1053.38
120,444,3,3967.78,4,2,3,3.0,423,Recent Customers,1322.5933333333335,444,540.21,3427.57
121,471,7,8558.52,3,5,5,4.333333333333333,355,Potential Loyalists,1222.6457142857143,471,5946.74,2611.78
122,549,5,3597.1600000000003,2,4,3,3.0,243,At Risk,719.432,549,590.9,3006.26
123,747,1,242.9,1,1,1,1.0,111,Lost,242.9,747,242.9,0.0
124,477,2,2345.54,3,1,2,2.0,312,Need Attention,1172.77,477,1021.96,1323.58
125,884,2,2983.04,1,1,2,1.3333333333333333,112,Lost,1491.52,884,2983.04,0.0
126,402,4,4310.49,5,3,3,3.6666666666666665,533,Loyal Customers,1077.6225,402,0.0,4310.49
127,613,2,992.71,2,1,1,1.3333333333333333,211,Need Attention,496.355,613,529.33,463.38
128,619,2,2508.16,2,1,2,1.6666666666666667,212,Need Attention,1254.08,619,0.0,2508.16
129,462,4,6034.469999999999,4,3,4,3.6666666666666665,434,Loyal Customers,1508.6174999999998,462,2482.64,3551.83
130,804,2,1155.73,1,1,1,1.0,111,Lost,577.865,804,1155.73,0.0
131,534,4,6067.42,2,3,4,3.0,234,Cant Lose Them,1516.855,534,1618.92,4448.5
132,461,5,14703.05,4,4,5,4.333333333333333,445,Champions,2940.6099999999997,461,582.17,14120.88
133,377,4,2245.25,5,3,2,3.3333333333333335,532,Potential Loyalists,561.3125,377,483.8,1761.45
134,967,3,2048.96,1,2,2,1.6666666666666667,122,Lost,682.9866666666667,967,2048.96,0.0
135,377,2,1302.54,5,1,1,2.3333333333333335,511,Recent Customers,651.27,377,881.67,420.87
136,607,2,1505.67,2,1,1,1.3333333333333333,211,Need Attention,752.835,607,465.54,1040.13
137,485,5,2634.33,3,4,2,3.0,342,Potential Loyalists,526.866,485,2197.32,437.01
138,475,3,5995.1,3,2,4,3.0,324,Need Attention,1998.3666666666668,475,2471.68,3523.42
139,585,4,2014.51,2,3,2,2.3333333333333335,232,Cant Lose Them,503.6275,585,1005.58,1008.93
140,441,9,14720.5,4,5,5,4.666666666666667,455,Champions,1635.611111111111,441,1594.6,13125.9
141,378,4,2578.48,5,3,2,3.3333333333333335,532,Potential Loyalists,644.62,378,0.0,2578.48
142,481,3,2565.1400000000003,3,2,2,2.3333333333333335,322,Need Attention,855.0466666666667,481,2091.66,473.48
143,387,5,6525.62,5,4,4,4.333333333333333,544,Champions,1305.124,387,1464.79,5060.83
145,578,2,1845.8200000000002,2,1,1,1.3333333333333333,211,Need Attention,922.9100000000001,578,612.64,1233.18
146,478,6,12577.23,3,4,5,4.0,345,Potential Loyalists,2096.205,478,11066.18,1511.05
147,430,6,10656.03,4,4,5,4.333333333333333,445,Champions,1776.005,430,1694.78,8961.25
148,715,4,4566.639999999999,1,3,3,2.3333333333333335,133,Cant Lose Them,1141.6599999999999,715,3687.91,878.73
149,473,8,6467.85,3,5,4,4.0,354,Potential Loyalists,808.48125,473,5620.13,847.72
150,382,5,5097.23,5,4,3,4.0,543,Loyal Customers,1019.4459999999999,382,3235.41,1861.82
152,437,9,14865.98,4,5,5,4.666666666666667,455,Champions,1651.7755555555555,437,11085.76,3780.22
153,531,4,5578.96,2,3,4,3.0,234,Cant Lose Them,1394.74,531,2328.95,3250.01
154,404,3,5263.54,5,2,4,3.6666666666666665,524,Recent Customers,1754.5133333333333,404,0.0,5263.54
155,405,6,5881.089999999999,5,4,4,4.333333333333333,544,Champions,980.1816666666665,405,1599.01,4282.08
156,697,2,5537.03,1,1,4,2.0,114,Lost,2768.515,697,3090.93,2446.1
157,407,3,3733.59,5,2,3,3.3333333333333335,523,Recent Customers,1244.53,407,2162.94,1570.65
158,622,5,4717.05,2,4,3,3.0,243,At Risk,943.4100000000001,622,4245.62,471.43
159,498,2,1429.53,3,1,1,1.6666666666666667,311,Need Attention,714.765,498,694.89,734.64
160,694,3,1239.5700000000002,1,2,1,1.3333333333333333,121,Lost,413.19000000000005,694,669.55,570.02
161,516,3,1248.15,3,2,1,2.0,321,Need Attention,416.05,516,749.72,498.43
162,404,5,3123.1899999999996,5,4,2,3.6666666666666665,542,Potential Loyalists,624.6379999999999,404,915.18,2208.01
163,655,2,3259.4300000000003,1,1,2,1.3333333333333333,112,Lost,1629.7150000000001,655,2332.8,926.63
164,437,2,1149.56,4,1,1,2.0,411,Recent Customers,574.78,437,0.0,1149.56
165,372,5,8436.73,5,4,5,4.666666666666667,545,Champions,1687.346,372,7077.28,1359.45
166,511,4,4931.89,3,3,3,3.0,333,Potential Loyalists,1232.9725,511,0.0,4931.89
167,396,4,2564.24,5,3,2,3.3333333333333335,532,Potential Loyalists,641.06,396,1061.62,1502.62
168,414,3,5886.41,4,2,4,3.3333333333333335,424,Recent Customers,1962.1366666666665,414,0.0,5886.41
169,436,7,11236.6,4,5,5,4.666666666666667,455,Champions,1605.2285714285715,436,1844.44,9392.16
170,530,6,8619.55,2,4,5,3.6666666666666665,245,At Risk,1436.5916666666665,530,8247.72,371.83
171,531,4,7770.960000000001,2,3,4,3.0,234,Cant Lose Them,1942.7400000000002,531,3580.32,4190.64
172,376,2,1897.04,5,1,1,2.3333333333333335,511,Recent Customers,948.52,376,0.0,1897.04
173,796,1,661.96,1,1,1,1.0,111,Lost,661.96,796,661.96,0.0
174,967,1,2200.98,1,1,2,1.3333333333333333,112,Lost,2200.98,967,2200.98,0.0
175,794,4,3517.25,1,3,3,2.3333333333333335,133,Cant Lose Them,879.3125,794,3517.25,0.0
176,373,6,10510.34,5,4,5,4.666666666666667,545,Champions,1751.7233333333334,373,4030.25,6480.09
177,400,3,1524.52,5,2,1,2.6666666666666665,521,Recent Customers,508.17333333333335,400,553.34,971.18
178,609,2,2314.46,2,1,2,1.6666666666666667,212,Need Attention,1157.23,609,438.67,1875.79
179,646,5,3736.6,2,4,3,3.0,243,At Risk,747.3199999999999,646,2290.0,1446.6
180,468,4,3345.1099999999997,3,3,2,2.6666666666666665,332,Potential Loyalists,836.2774999999999,468,857.56,2487.55
181,489,4,5843.389999999999,3,3,4,3.3333333333333335,334,Potential Loyalists,1460.8474999999999,489,1295.85,4547.54
182,459,2,1069.0500000000002,4,1,1,2.0,411,Recent Customers,534.5250000000001,459,622.32,446.73
183,588,1,311.4,2,1,1,1.3333333333333333,211,Need Attention,311.4,588,0.0,311.4
184,869,1,542.59,1,1,1,1.0,111,Lost,542.59,869,542.59,0.0
185,404,5,5779.42,5,4,4,4.333333333333333,544,Champions,1155.884,404,1811.63,3967.79
186,368,4,3302.1400000000003,5,3,2,3.3333333333333335,532,Potential Loyalists,825.5350000000001,368,0.0,3302.14
187,610,4,2946.6299999999997,2,3,2,2.3333333333333335,232,Cant Lose Them,736.6574999999999,610,1048.93,1897.7
188,527,4,7555.09,3,3,4,3.3333333333333335,334,Potential Loyalists,1888.7725,527,2888.65,4666.44
189,616,2,1425.34,2,1,1,1.3333333333333333,211,Need Attention,712.67,616,986.81,438.53
190,550,2,977.8299999999999,2,1,1,1.3333333333333333,211,Need Attention,488.91499999999996,550,0.0,977.83
191,521,2,1051.31,3,1,1,1.6666666666666667,311,Need Attention,525.655,521,0.0,1051.31
192,544,3,3156.4399999999996,2,2,2,2.0,222,Need Attention,1052.1466666666665,544,2529.2,627.24
193,706,2,2212.79,1,1,2,1.3333333333333333,112,Lost,1106.395,706,525.71,1687.08
194,415,3,3542.79,4,2,3,3.0,423,Recent Customers,1180.93,415,572.6,2970.19
195,827,5,8778.67,1,4,5,3.3333333333333335,145,At Risk,1755.734,827,8778.67,0.0
196,430,2,4545.22,4,1,3,2.6666666666666665,413,Recent Customers,2272.61,430,4071.91,473.31
197,451,4,2626.39,4,3,2,3.0,432,Potential Loyalists,656.5975,451,1256.95,1369.44
198,836,4,3682.6000000000004,1,3,3,2.3333333333333335,133,Cant Lose Them,920.6500000000001,836,3682.6,0.0
199,793,2,6908.41,1,1,4,2.0,114,Lost,3454.205,793,6908.41,0.0
200,658,2,1482.15,1,1,1,1.0,111,Lost,741.075,658,460.68,1021.47
201,436,2,1046.61,4,1,1,2.0,411,Recent Customers,523.305,436,597.53,449.08
202,494,3,2909.7400000000002,3,2,2,2.3333333333333335,322,Need Attention,969.9133333333334,494,1950.55,959.19
203,679,3,3013.38,1,2,2,1.6666666666666667,122,Lost,1004.46,679,1165.78,1847.6
204,434,3,1409.3300000000002,4,2,1,2.3333333333333335,421,Recent Customers,469.7766666666667,434,883.76,525.57
205,370,3,3617.57,5,2,3,3.3333333333333335,523,Recent Customers,1205.8566666666668,370,1745.61,1871.96
206,849,3,1437.63,1,2,1,1.3333333333333333,121,Lost,479.21000000000004,849,1437.63,0.0
207,427,6,6140.31,4,4,4,4.0,444,Champions,1023.3850000000001,427,2046.38,4093.93
208,478,3,4030.88,3,2,3,2.6666666666666665,323,Need Attention,1343.6266666666668,478,0.0,4030.88
209,1074,1,511.6,1,1,1,1.0,111,Lost,511.6,1074,511.6,0.0
210,374,3,4051.55,5,2,3,3.3333333333333335,523,Recent Customers,1350.5166666666667,374,2613.39,1438.16
211,379,7,8569.82,5,5,5,5.0,555,Champions,1224.26,379,3793.98,4775.84
212,428,7,4624.72,4,5,3,4.0,453,Loyal Customers,660.6742857142857,428,487.31,4137.41
213,524,7,7094.45,3,5,4,4.0,354,Potential Loyalists,1013.4928571428571,524,3449.08,3645.37
214,550,7,4794.09,2,5,3,3.3333333333333335,253,At Risk,684.87,550,3587.55,1206.54
215,471,5,4896.08,3,4,3,3.3333333333333335,343,Potential Loyalists,979.216,471,4119.48,776.6
216,494,7,8631.4,3,5,5,4.333333333333333,355,Potential Loyalists,1233.0571428571427,494,7616.78,1014.62
217,395,3,2221.6,5,2,2,3.0,522,Recent Customers,740.5333333333333,395,0.0,2221.6
218,408,8,15525.66,5,5,5,5.0,555,Champions,1940.7075,408,7740.54,7785.12
219,375,2,5287.039999999999,5,1,4,3.3333333333333335,514,Recent Customers,2643.5199999999995,375,0.0,5287.04
220,538,6,4727.76,2,4,3,3.0,243,At Risk,787.96,538,4164.8,562.96
221,562,5,4656.53,2,4,3,3.0,243,At Risk,931.3059999999999,562,3613.33,1043.2
222,494,2,1434.67,3,1,1,1.6666666666666667,311,Need Attention,717.335,494,771.71,662.96
223,566,4,2219.39,2,3,2,2.3333333333333335,232,Cant Lose Them,554.8475,566,552.22,1667.17
224,1073,1,227.75,1,1,1,1.0,111,Lost,227.75,1073,227.75,0.0
225,412,4,3604.5600000000004,4,3,3,3.3333333333333335,433,Loyal Customers,901.1400000000001,412,2341.14,1263.42
226,439,8,7276.48,4,5,4,4.333333333333333,454,Champions,909.56,439,3527.83,3748.65
227,395,9,7294.69,5,5,4,4.666666666666667,554,Champions,810.521111111111,395,3666.28,3628.41
228,551,4,6634.29,2,3,4,3.0,234,Cant Lose Them,1658.5725,551,1319.79,5314.5
229,466,6,4912.32,3,4,3,3.3333333333333335,343,Potential Loyalists,818.7199999999999,466,1346.24,3566.08
230,373,3,2048.31,5,2,2,3.0,522,Recent Customers,682.77,373,428.06,1620.25
231,393,3,6047.78,5,2,4,3.6666666666666665,524,Recent Customers,2015.9266666666665,393,1212.48,4835.3
232,485,8,12446.38,3,5,5,4.333333333333333,355,Potential Loyalists,1555.7975,485,6468.99,5977.39
233,851,4,2807.02,1,3,2,2.0,132,Cant Lose Them,701.755,851,2807.02,0.0
234,395,4,3381.55,5,3,3,3.6666666666666665,533,Loyal Customers,845.3875,395,1547.14,1834.41
235,378,5,5454.23,5,4,4,4.333333333333333,544,Champions,1090.846,378,3249.07,2205.16
236,669,4,2109.39,1,3,2,2.0,132,Cant Lose Them,527.3475,669,907.26,1202.13
237,709,2,2124.39,1,1,2,1.3333333333333333,112,Lost,1062.195,709,542.93,1581.46
238,606,4,3526.9700000000003,2,3,3,2.6666666666666665,233,Cant Lose Them,881.7425000000001,606,3173.7,353.27
239,446,5,7366.22,4,4,4,4.0,444,Champions,1473.2440000000001,446,3463.95,3902.27
240,804,4,4520.83,1,3,3,2.3333333333333335,133,Cant Lose Them,1130.2075,804,4520.83,0.0
241,379,7,5486.84,5,5,4,4.666666666666667,554,Champions,783.8342857142858,379,1357.45,4129.39
242,947,1,618.77,1,1,1,1.0,111,Lost,618.77,947,618.77,0.0
243,433,5,5838.67,4,4,4,4.0,444,Champions,1167.734,433,1476.59,4362.08
244,421,4,4139.76,4,3,3,3.3333333333333335,433,Loyal Customers,1034.94,421,3261.8,877.96
245,518,3,1499.87,3,2,1,2.0,321,Need Attention,499.95666666666665,518,548.68,951.19
246,385,5,8690.960000000001,5,4,5,4.666666666666667,545,Champions,1738.1920000000002,385,1885.37,6805.59
247,565,7,8456.68,2,5,5,4.0,255,At Risk,1208.097142857143,565,7761.35,695.33
248,743,3,3979.13,1,2,3,2.0,123,Lost,1326.3766666666668,743,3979.13,0.0
249,739,2,1507.46,1,1,1,1.0,111,Lost,753.73,739,1507.46,0.0
250,435,1,1217.23,4,1,1,2.0,411,Recent Customers,1217.23,435,0.0,1217.23
251,693,4,2882.77,1,3,2,2.0,132,Cant Lose Them,720.6925,693,1359.78,1522.99
253,637,3,3778.81,2,2,3,2.3333333333333335,223,Need Attention,1259.6033333333332,637,3245.42,533.39
254,510,4,8363.41,3,3,5,3.6666666666666665,335,Potential Loyalists,2090.8525,510,1204.83,7158.58
255,458,6,10948.1,4,4,5,4.333333333333333,445,Champions,1824.6833333333334,458,10381.85,566.25
256,818,2,2098.91,1,1,2,1.3333333333333333,112,Lost,1049.455,818,2098.91,0.0
257,581,5,9597.21,2,4,5,3.6666666666666665,245,At Risk,1919.4419999999998,581,5464.36,4132.85
258,388,4,1803.22,5,3,1,3.0,531,Potential Loyalists,450.805,388,0.0,1803.22
259,483,5,2422.49,3,4,2,3.0,342,Potential Loyalists,484.49799999999993,483,1305.6,1116.89
260,804,2,2437.58,1,1,2,1.3333333333333333,112,Lost,1218.79,804,2437.58,0.0
261,493,4,4016.16,3,3,3,3.0,333,Potential Loyalists,1004.04,493,1742.79,2273.37
262,774,2,895.73,1,1,1,1.0,111,Lost,447.865,774,895.73,0.0
263,464,4,4435.05,3,3,3,3.0,333,Potential Loyalists,1108.7625,464,1071.98,3363.07
264,566,3,2401.4700000000003,2,2,2,2.0,222,Need Attention,800.4900000000001,566,1181.23,1220.24
265,484,5,6463.889999999999,3,4,4,3.6666666666666665,344,Potential Loyalists,1292.7779999999998,484,3557.34,2906.55
266,605,2,1722.76,2,1,1,1.3333333333333333,211,Need Attention,861.38,605,603.48,1119.28
267,411,3,6964.5,4,2,4,3.3333333333333335,424,Recent Customers,2321.5,411,0.0,6964.5
268,496,1,1857.8,3,1,1,1.6666666666666667,311,Need Attention,1857.8,496,0.0,1857.8
269,626,2,1280.02,2,1,1,1.3333333333333333,211,Need Attention,640.01,626,495.9,784.12
270,551,7,5825.0599999999995,2,5,4,3.6666666666666665,254,At Risk,832.1514285714285,551,2313.11,3511.95
271,396,4,2857.1800000000003,5,3,2,3.3333333333333335,532,Potential Loyalists,714.2950000000001,396,481.25,2375.93
272,704,1,498.32,1,1,1,1.0,111,Lost,498.32,704,0.0,498.32
273,498,9,15749.42,3,5,5,4.333333333333333,355,Potential Loyalists,1749.9355555555555,498,2067.46,13681.96
274,557,4,1958.5500000000002,2,3,1,2.0,231,Cant Lose Them,489.63750000000005,557,1323.67,634.88
275,890,2,2437.27,1,1,2,1.3333333333333333,112,Lost,1218.635,890,2437.27,0.0
276,380,7,3581.52,5,5,3,4.333333333333333,553,Loyal Customers,511.6457142857143,380,2705.98,875.54
277,386,3,3418.0299999999997,5,2,3,3.3333333333333335,523,Recent Customers,1139.3433333333332,386,0.0,3418.03
278,403,3,2249.62,5,2,2,3.0,522,Recent Customers,749.8733333333333,403,1680.98,568.64
279,627,3,1925.2,2,2,1,1.6666666666666667,221,Need Attention,641.7333333333333,627,978.05,947.15
280,473,6,4016.88,3,4,3,3.3333333333333335,343,Potential Loyalists,669.48,473,2354.1,1662.78
281,900,2,846.24,1,1,1,1.0,111,Lost,423.12,900,846.24,0.0
282,435,1,600.38,4,1,1,2.0,411,Recent Customers,600.38,435,0.0,600.38
283,647,8,8283.439999999999,2,5,5,4.0,255,At Risk,1035.4299999999998,647,2869.72,5413.72
284,477,3,2732.23,3,2,2,2.3333333333333335,322,Need Attention,910.7433333333333,477,1298.9,1433.33
285,436,6,5983.41,4,4,4,4.0,444,Champions,997.235,436,2951.21,3032.2
286,583,5,3700.93,2,4,3,3.0,243,At Risk,740.1859999999999,583,1512.37,2188.56
287,647,4,7977.42,2,3,5,3.3333333333333335,235,Cant Lose Them,1994.355,647,3221.21,4756.21
288,529,1,1464.39,3,1,1,1.6666666666666667,311,Need Attention,1464.39,529,0.0,1464.39
289,553,1,469.4,2,1,1,1.3333333333333333,211,Need Attention,469.4,553,0.0,469.4
290,663,5,8123.410000000001,1,4,5,3.3333333333333335,145,At Risk,1624.6820000000002,663,7237.98,885.43
291,576,5,3343.2200000000003,2,4,2,2.6666666666666665,242,At Risk,668.644,576,1602.87,1740.35
292,461,1,781.77,4,1,1,2.0,411,Recent Customers,781.77,461,0.0,781.77
293,406,7,6711.37,5,5,4,4.666666666666667,554,Champions,958.7671428571429,406,3439.71,3271.66
294,409,3,3184.14,4,2,2,2.6666666666666665,422,Recent Customers,1061.3799999999999,409,2660.07,524.07
295,451,3,6004.030000000001,4,2,4,3.3333333333333335,424,Recent Customers,2001.3433333333335,451,538.16,5465.87
296,682,4,5028.07,1,3,3,2.3333333333333335,133,Cant Lose Them,1257.0175,682,458.25,4569.82
297,836,1,575.25,1,1,1,1.0,111,Lost,575.25,836,575.25,0.0
298,697,2,2318.25,1,1,2,1.3333333333333333,112,Lost,1159.125,697,0.0,2318.25
299,633,1,522.06,2,1,1,1.3333333333333333,211,Need Attention,522.06,633,0.0,522.06
300,688,2,4665.13,1,1,3,1.6666666666666667,113,Lost,2332.565,688,4152.78,512.35
301,670,2,6023.62,1,1,4,2.0,114,Lost,3011.81,670,429.22,5594.4
302,443,6,6053.08,4,4,4,4.0,444,Champions,1008.8466666666667,443,3996.54,2056.54
303,520,2,2926.9399999999996,3,1,2,2.0,312,Need Attention,1463.4699999999998,520,0.0,2926.94
304,426,6,5280.55,4,4,4,4.0,444,Champions,880.0916666666667,426,2867.64,2412.91
305,404,6,11101.33,5,4,5,4.666666666666667,545,Champions,1850.2216666666666,404,4424.24,6677.09
306,589,3,3360.14,2,2,3,2.3333333333333335,223,Need Attention,1120.0466666666666,589,2932.71,427.43
307,548,4,1683.24,2,3,1,2.0,231,Cant Lose Them,420.81,548,1036.05,647.19
308,423,7,7901.72,4,5,5,4.666666666666667,455,Champions,1128.817142857143,423,2865.18,5036.54
309,566,5,3586.05,2,4,3,3.0,243,At Risk,717.21,566,2081.16,1504.89
310,390,4,4065.9500000000003,5,3,3,3.6666666666666665,533,Loyal Customers,1016.4875000000001,390,1119.05,2946.9
311,512,4,2126.83,3,3,2,2.6666666666666665,332,Potential Loyalists,531.7075,512,821.26,1305.57
312,402,4,3634.1,5,3,3,3.6666666666666665,533,Loyal Customers,908.525,402,492.12,3141.98
313,503,4,3357.7799999999997,3,3,3,3.0,333,Potential Loyalists,839.4449999999999,503,958.0,2399.78
314,505,5,5579.0,3,4,4,3.6666666666666665,344,Potential Loyalists,1115.8,505,1022.29,4556.71
315,381,5,12907.28,5,4,5,4.666666666666667,545,Champions,2581.456,381,5770.43,7136.85
316,840,4,10250.59,1,3,5,3.0,135,Cant Lose Them,2562.6475,840,10250.59,0.0
317,458,7,5890.46,4,5,4,4.333333333333333,454,Champions,841.4942857142858,458,1404.13,4486.33
319,384,7,4245.07,5,5,3,4.333333333333333,553,Loyal Customers,606.4385714285714,384,2067.54,2177.53
320,439,7,9900.86,4,5,5,4.666666666666667,455,Champions,1414.4085714285716,439,7154.22,2746.64
321,377,3,2579.4799999999996,5,2,2,3.0,522,Recent Customers,859.8266666666665,377,572.31,2007.17
322,402,2,4849.8,5,1,3,3.0,513,Recent Customers,2424.9,402,0.0,4849.8
323,828,1,2750.21,1,1,2,1.3333333333333333,112,Lost,2750.21,828,2750.21,0.0
324,794,3,2461.3,1,2,2,1.6666666666666667,122,Lost,820.4333333333334,794,2461.3,0.0
325,386,3,6911.889999999999,5,2,4,3.6666666666666665,524,Recent Customers,2303.963333333333,386,395.28,6516.61
326,678,3,4093.3799999999997,1,2,3,2.0,123,Lost,1364.4599999999998,678,3521.53,571.85
327,488,7,6453.599999999999,3,5,4,4.0,354,Potential Loyalists,921.9428571428571,488,3887.17,2566.43
328,406,3,2333.87,5,2,2,3.0,522,Recent Customers,777.9566666666666,406,1153.72,1180.15
329,416,6,5330.52,4,4,4,4.0,444,Champions,888.4200000000001,416,2899.21,2431.31
330,446,1,513.11,4,1,1,2.0,411,Recent Customers,513.11,446,0.0,513.11
331,519,1,527.76,3,1,1,1.6666666666666667,311,Need Attention,527.76,519,0.0,527.76
332,432,5,9267.55,4,4,5,4.333333333333333,445,Champions,1853.5099999999998,432,3203.19,6064.36
333,493,7,6637.5199999999995,3,5,4,4.0,354,Potential Loyalists,948.2171428571428,493,4569.65,2067.87
334,983,3,4131.41,1,2,3,2.0,123,Lost,1377.1366666666665,983,4131.41,0.0
335,463,6,8352.6,3,4,5,4.0,345,Potential Loyalists,1392.1000000000001,463,2897.28,5455.32
336,858,2,1087.0,1,1,1,1.0,111,Lost,543.5,858,1087.0,0.0
337,624,3,3905.08,2,2,3,2.3333333333333335,223,Need Attention,1301.6933333333334,624,2593.44,1311.64
338,450,3,5131.88,4,2,3,3.0,423,Recent Customers,1710.6266666666668,450,2879.82,2252.06
339,707,3,3596.3599999999997,1,2,3,2.0,123,Lost,1198.7866666666666,707,3045.69,550.67
340,784,1,481.47,1,1,1,1.0,111,Lost,481.47,784,481.47,0.0
341,392,4,8598.59,5,3,5,4.333333333333333,535,Loyal Customers,2149.6475,392,1255.25,7343.34
342,963,2,1130.23,1,1,1,1.0,111,Lost,565.115,963,1130.23,0.0
343,1022,2,1604.48,1,1,1,1.0,111,Lost,802.24,1022,1604.48,0.0
344,379,3,3502.56,5,2,3,3.3333333333333335,523,Recent Customers,1167.52,379,1920.07,1582.49
345,687,3,8791.35,1,2,5,2.6666666666666665,125,Lost,2930.4500000000003,687,6522.78,2268.57
346,744,2,2409.5,1,1,2,1.3333333333333333,112,Lost,1204.75,744,2409.5,0.0
347,682,3,1955.8000000000002,1,2,1,1.3333333333333333,121,Lost,651.9333333333334,682,1381.09,574.71
348,698,2,2801.45,1,1,2,1.3333333333333333,112,Lost,1400.725,698,2168.97,632.48
349,633,1,1016.96,2,1,1,1.3333333333333333,211,Need Attention,1016.96,633,0.0,1016.96
350,462,5,7696.969999999999,4,4,4,4.0,444,Champions,1539.3939999999998,462,6075.5,1621.47
351,447,7,9101.03,4,5,5,4.666666666666667,455,Champions,1300.1471428571429,447,4515.33,4585.7
352,551,5,5222.63,2,4,4,3.3333333333333335,244,At Risk,1044.526,551,2304.91,2917.72
353,404,7,9921.150000000001,5,5,5,5.0,555,Champions,1417.3071428571432,404,5750.59,4170.56
355,563,3,2780.91,2,2,2,2.0,222,Need Attention,926.9699999999999,563,1028.03,1752.88
356,387,7,8052.49,5,5,5,5.0,555,Champions,1150.3557142857142,387,7156.4,896.09
357,677,4,3443.76,1,3,3,2.3333333333333335,133,Cant Lose Them,860.94,677,2520.03,923.73
358,626,5,6794.21,2,4,4,3.3333333333333335,244,At Risk,1358.842,626,0.0,6794.21
359,376,5,3685.49,5,4,3,4.0,543,Loyal Customers,737.098,376,1569.53,2115.96
360,498,2,1750.93,3,1,1,1.6666666666666667,311,Need Attention,875.465,498,1091.45,659.48
361,450,3,2187.85,4,2,2,2.6666666666666665,422,Recent Customers,729.2833333333333,450,1559.36,628.49
362,507,2,2770.56,3,1,2,2.0,312,Need Attention,1385.28,507,2123.7,646.86
363,539,3,3604.4700000000003,2,2,3,2.3333333333333335,223,Need Attention,1201.49,539,520.6,3083.87
364,489,4,3558.82,3,3,3,3.0,333,Potential Loyalists,889.705,489,882.07,2676.75
365,421,9,11896.92,4,5,5,4.666666666666667,455,Champions,1321.88,421,8740.7,3156.22
366,438,6,5403.17,4,4,4,4.0,444,Champions,900.5283333333333,438,1836.33,3566.84
367,976,3,3448.17,1,2,3,2.0,123,Lost,1149.39,976,3448.17,0.0
368,387,4,2004.51,5,3,1,3.0,531,Potential Loyalists,501.1275,387,456.46,1548.05
369,491,6,10008.74,3,4,5,4.0,345,Potential Loyalists,1668.1233333333332,491,9043.27,965.47
370,606,1,2781.88,2,1,2,1.6666666666666667,212,Need Attention,2781.88,606,0.0,2781.88
371,397,6,5889.13,5,5,4,4.666666666666667,554,Champions,981.5216666666666,397,2241.43,3647.7
372,881,3,6573.7,1,2,4,2.3333333333333335,124,Lost,2191.233333333333,881,6573.7,0.0
373,443,5,12011.810000000001,4,4,5,4.333333333333333,445,Champions,2402.362,443,499.97,11511.84
374,543,2,4959.2,2,1,3,2.0,213,Need Attention,2479.6,543,0.0,4959.2
375,366,4,3014.28,5,3,2,3.3333333333333335,532,Potential Loyalists,753.57,366,0.0,3014.28
376,366,7,12970.83,5,5,5,5.0,555,Champions,1852.9757142857143,366,7529.5,5441.33
378,399,4,2015.59,5,3,2,3.3333333333333335,532,Potential Loyalists,503.8975,399,1049.11,966.48
379,488,3,1399.22,3,2,1,2.0,321,Need Attention,466.4066666666667,488,829.85,569.37
380,385,5,6326.91,5,4,4,4.333333333333333,544,Champions,1265.382,385,2549.95,3776.96
381,423,5,3997.9800000000005,4,4,3,3.6666666666666665,443,Loyal Customers,799.5960000000001,423,1014.85,2983.13
382,880,3,6193.91,1,2,4,2.3333333333333335,124,Lost,2064.6366666666668,880,6193.91,0.0
383,473,2,5014.62,3,1,3,2.3333333333333335,313,Need Attention,2507.31,473,0.0,5014.62
384,586,2,5227.38,2,1,4,2.3333333333333335,214,Need Attention,2613.69,586,4751.34,476.04
385,891,2,1007.22,1,1,1,1.0,111,Lost,503.61,891,1007.22,0.0
386,550,5,7789.26,2,4,5,3.6666666666666665,245,At Risk,1557.852,550,7360.55,428.71
387,485,6,8905.84,3,5,5,4.333333333333333,355,Potential Loyalists,1484.3066666666666,485,5716.67,3189.17
388,371,2,1321.51,5,1,1,2.3333333333333335,511,Recent Customers,660.755,371,0.0,1321.51
389,374,5,12391.579999999998,5,4,5,4.666666666666667,545,Champions,2478.316,374,955.9,11435.68
390,662,3,2594.87,1,2,2,1.6666666666666667,122,Lost,864.9566666666666,662,1566.51,1028.36
391,408,3,2533.84,5,2,2,3.0,522,Recent Customers,844.6133333333333,408,720.75,1813.09
392,378,5,4589.02,5,4,3,4.0,543,Loyal Customers,917.8040000000001,378,994.21,3594.81
393,483,5,3698.98,3,4,3,3.3333333333333335,343,Potential Loyalists,739.796,483,1975.4,1723.58
394,404,7,4854.14,5,5,3,4.333333333333333,553,Loyal Customers,693.4485714285714,404,3080.11,1774.03
395,382,4,7718.33,5,3,4,4.0,534,Loyal Customers,1929.5825,382,3257.52,4460.81
396,413,4,7223.61,4,3,4,3.6666666666666665,434,Loyal Customers,1805.9025,413,1257.3,5966.31
397,596,3,4003.14,2,2,3,2.3333333333333335,223,Need Attention,1334.3799999999999,596,0.0,4003.14
398,476,4,3215.44,3,3,2,2.6666666666666665,332,Potential Loyalists,803.86,476,1974.11,1241.33
399,581,2,6195.66,2,1,4,2.3333333333333335,214,Need Attention,3097.83,581,1056.62,5139.04
400,571,2,6550.48,2,1,4,2.3333333333333335,214,Need Attention,3275.24,571,5915.83,634.65
401,391,6,11309.560000000001,5,5,5,5.0,555,Champions,1884.926666666667,391,1604.91,9704.65
403,583,3,3249.68,2,2,2,2.0,222,Need Attention,1083.2266666666667,583,1599.19,1650.49
404,467,3,1524.57,3,2,1,2.0,321,Need Attention,508.19,467,1033.03,491.54
405,398,5,7793.33,5,4,5,4.666666666666667,545,Champions,1558.666,398,6161.22,1632.11
406,403,8,4855.3,5,5,3,4.333333333333333,553,Loyal Customers,606.9125,403,2921.78,1933.52
407,577,5,3448.15,2,4,3,3.0,243,At Risk,689.63,577,287.71,3160.44
408,571,3,1475.43,2,2,1,1.6666666666666667,221,Need Attention,491.81,571,1031.02,444.41
409,625,3,2362.5,2,2,2,2.0,222,Need Attention,787.5,625,1078.5,1284.0
410,565,3,5596.5599999999995,2,2,4,2.6666666666666665,224,Need Attention,1865.5199999999998,565,2425.11,3171.45
412,568,4,10483.64,2,3,5,3.3333333333333335,235,Cant Lose Them,2620.91,568,4001.55,6482.09
413,459,4,4040.19,4,3,3,3.3333333333333335,433,Loyal Customers,1010.0475,459,0.0,4040.19
414,845,1,1051.35,1,1,1,1.0,111,Lost,1051.35,845,1051.35,0.0
415,472,4,2702.42,3,3,2,2.6666666666666665,332,Potential Loyalists,675.605,472,1293.23,1409.19
417,581,4,5880.46,2,3,4,3.0,234,Cant Lose Them,1470.115,581,4469.29,1411.17
418,749,2,5593.12,1,1,4,2.0,114,Lost,2796.56,749,5593.12,0.0
419,484,6,10541.61,3,5,5,4.333333333333333,355,Potential Loyalists,1756.9350000000002,484,8783.48,1758.13
420,568,5,9155.35,2,4,5,3.6666666666666665,245,At Risk,1831.0700000000002,568,8757.08,398.27
421,381,6,8283.76,5,5,5,5.0,555,Champions,1380.6266666666668,381,2857.79,5425.97
422,384,6,10262.56,5,5,5,5.0,555,Champions,1710.4266666666665,384,955.96,9306.6
423,490,4,2692.7,3,3,2,2.6666666666666665,332,Potential Loyalists,673.175,490,497.32,2195.38
424,826,2,7805.94,1,1,5,2.3333333333333335,115,Lost,3902.97,826,7805.94,0.0
425,483,5,8352.15,3,4,5,4.0,345,Potential Loyalists,1670.4299999999998,483,1323.23,7028.92
426,564,6,10017.43,2,5,5,4.0,255,At Risk,1669.5716666666667,564,7658.51,2358.92
427,380,4,8679.28,5,3,5,4.333333333333333,535,Loyal Customers,2169.82,380,6943.56,1735.72
428,399,4,2217.72,5,3,2,3.3333333333333335,532,Potential Loyalists,554.43,399,0.0,2217.72
429,553,2,5583.51,2,1,4,2.3333333333333335,214,Need Attention,2791.755,553,0.0,5583.51
430,371,5,2980.88,5,4,2,3.6666666666666665,542,Potential Loyalists,596.176,371,934.23,2046.65
431,369,1,514.68,5,1,1,2.3333333333333335,511,Recent Customers,514.68,369,0.0,514.68
432,391,5,8877.7,5,4,5,4.666666666666667,545,Champions,1775.5400000000002,391,1932.18,6945.52
433,600,2,1268.17,2,1,1,1.3333333333333333,211,Need Attention,634.085,600,383.34,884.83
434,595,3,8436.53,2,2,5,3.0,225,Need Attention,2812.1766666666667,595,8036.4,400.13
435,412,3,1380.27,4,2,1,2.3333333333333335,421,Recent Customers,460.09,412,483.48,896.79
436,409,2,7996.9400000000005,4,1,5,3.3333333333333335,415,Recent Customers,3998.4700000000003,409,1885.09,6111.85
437,369,2,2905.81,5,1,2,2.6666666666666665,512,Recent Customers,1452.905,369,2493.21,412.6
438,533,5,5097.05,2,4,3,3.0,243,At Risk,1019.4100000000001,533,998.9,4098.15
439,765,2,1255.96,1,1,1,1.0,111,Lost,627.98,765,1255.96,0.0
440,425,5,6248.57,4,4,4,4.0,444,Champions,1249.714,425,5163.41,1085.16
441,508,4,9343.27,3,3,5,3.6666666666666665,335,Potential Loyalists,2335.8175,508,1805.01,7538.26
442,532,3,2270.29,2,2,2,2.0,222,Need Attention,756.7633333333333,532,0.0,2270.29
443,495,7,3845.11,3,5,3,3.6666666666666665,353,Potential Loyalists,549.3014285714286,495,3389.56,455.55
444,625,4,2234.64,2,3,2,2.3333333333333335,232,Cant Lose Them,558.66,625,1146.81,1087.83
445,430,7,7178.54,4,5,4,4.333333333333333,454,Champions,1025.5057142857142,430,6623.34,555.2
446,455,7,5450.1,4,5,4,4.333333333333333,454,Champions,778.5857142857143,455,2977.7,2472.4
447,381,7,7581.13,5,5,4,4.666666666666667,554,Champions,1083.0185714285715,381,3162.93,4418.2
448,701,2,2851.4,1,1,2,1.3333333333333333,112,Lost,1425.7,701,1045.67,1805.73
449,367,7,5731.150000000001,5,5,4,4.666666666666667,554,Champions,818.7357142857144,367,3051.66,2679.49
450,527,5,6469.18,3,4,4,3.6666666666666665,344,Potential Loyalists,1293.836,527,658.32,5810.86
451,463,1,535.5,3,1,1,1.6666666666666667,311,Need Attention,535.5,463,0.0,535.5
452,606,4,3646.5,2,3,3,2.6666666666666665,233,Cant Lose Them,911.625,606,1286.79,2359.71
453,510,9,7624.43,3,5,4,4.0,354,Potential Loyalists,847.1588888888889,510,2958.09,4666.34
454,423,3,5728.9,4,2,4,3.3333333333333335,424,Recent Customers,1909.6333333333332,423,4361.66,1367.24
455,378,5,4079.44,5,4,3,4.0,543,Loyal Customers,815.888,378,494.24,3585.2
456,453,3,7839.03,4,2,5,3.6666666666666665,425,Recent Customers,2613.0099999999998,453,622.81,7216.22
458,414,5,6355.14,4,4,4,4.0,444,Champions,1271.028,414,2939.78,3415.36
459,381,4,4857.42,5,3,3,3.6666666666666665,533,Loyal Customers,1214.355,381,3207.93,1649.49
460,420,4,12807.58,4,3,5,4.0,435,Loyal Customers,3201.895,420,5307.15,7500.43
461,426,5,2748.84,4,4,2,3.3333333333333335,442,Potential Loyalists,549.768,426,1094.79,1654.05
462,615,4,2834.94,2,3,2,2.3333333333333335,232,Cant Lose Them,708.735,615,2343.2,491.74
463,535,7,10169.39,2,5,5,4.0,255,At Risk,1452.77,535,5922.75,4246.64
464,372,8,10249.29,5,5,5,5.0,555,Champions,1281.16125,372,3143.51,7105.78
465,785,3,2934.21,1,2,2,1.6666666666666667,122,Lost,978.07,785,2934.21,0.0
466,497,3,2359.66,3,2,2,2.3333333333333335,322,Need Attention,786.5533333333333,497,1920.61,439.05
467,500,2,2414.0299999999997,3,1,2,2.0,312,Need Attention,1207.0149999999999,500,1803.25,610.78
468,456,3,3107.62,4,2,2,2.6666666666666665,422,Recent Customers,1035.8733333333332,456,0.0,3107.62
469,370,3,3253.67,5,2,2,3.0,522,Recent Customers,1084.5566666666666,370,463.1,2790.57
470,751,2,4478.29,1,1,3,1.6666666666666667,113,Lost,2239.145,751,4478.29,0.0
471,410,6,9130.18,4,5,5,4.666666666666667,455,Champions,1521.6966666666667,410,831.58,8298.6
472,450,5,6090.51,4,4,4,4.0,444,Champions,1218.102,450,2215.01,3875.5
473,464,8,18067.83,3,5,5,4.333333333333333,355,Potential Loyalists,2258.47875,464,3747.6,14320.23
474,531,3,1377.2,2,2,1,1.6666666666666667,221,Need Attention,459.06666666666666,531,916.73,460.47
475,441,4,5372.47,4,3,4,3.6666666666666665,434,Loyal Customers,1343.1175,441,2177.55,3194.92
476,640,5,2768.58,2,4,2,2.6666666666666665,242,At Risk,553.716,640,1905.83,862.75
477,714,3,4983.3099999999995,1,2,3,2.0,123,Lost,1661.1033333333332,714,543.95,4439.36
478,389,3,2344.7,5,2,2,3.0,522,Recent Customers,781.5666666666666,389,1865.93,478.77
479,868,1,667.9,1,1,1,1.0,111,Lost,667.9,868,667.9,0.0
480,549,6,12342.65,2,5,5,4.0,255,At Risk,2057.108333333333,549,7113.57,5229.08
481,514,4,3924.32,3,3,3,3.0,333,Potential Loyalists,981.08,514,1222.51,2701.81
482,552,2,1106.46,2,1,1,1.3333333333333333,211,Need Attention,553.23,552,603.14,503.32
483,473,7,16427.91,3,5,5,4.333333333333333,355,Potential Loyalists,2346.844285714286,473,3068.02,13359.89
484,430,4,7251.7,4,3,4,3.6666666666666665,434,Loyal Customers,1812.925,430,6251.99,999.71
485,437,2,1018.1999999999999,4,1,1,2.0,411,Recent Customers,509.09999999999997,437,460.03,558.17
486,516,5,3250.73,3,4,2,3.0,342,Potential Loyalists,650.146,516,770.54,2480.19
487,390,7,7559.53,5,5,4,4.666666666666667,554,Champions,1079.932857142857,390,4124.54,3434.99
488,857,3,2261.95,1,2,2,1.6666666666666667,122,Lost,753.9833333333332,857,2261.95,0.0
489,456,4,7880.39,4,3,5,4.0,435,Loyal Customers,1970.0975,456,4041.55,3838.84
490,517,6,8221.34,3,5,5,4.333333333333333,355,Potential Loyalists,1370.2233333333334,517,1498.61,6722.73
491,936,1,1270.55,1,1,1,1.0,111,Lost,1270.55,936,1270.55,0.0
492,657,4,3562.96,1,3,3,2.3333333333333335,133,Cant Lose Them,890.74,657,3140.84,422.12
493,414,7,5228.08,4,5,4,4.333333333333333,454,Champions,746.8685714285714,414,312.43,4915.65
494,452,5,4894.74,4,4,3,3.6666666666666665,443,Loyal Customers,978.948,452,4051.81,842.93
495,425,10,8595.76,4,5,5,4.666666666666667,455,Champions,859.576,425,5299.37,3296.39
496,462,4,2522.15,4,3,2,3.0,432,Potential Loyalists,630.5375,462,0.0,2522.15
497,600,7,9667.19,2,5,5,4.0,255,At Risk,1381.027142857143,600,7948.92,1718.27
498,559,2,902.1600000000001,2,1,1,1.3333333333333333,211,Need Attention,451.08000000000004,559,0.0,902.16
499,388,6,13003.16,5,5,5,5.0,555,Champions,2167.193333333333,388,1562.83,11440.33
500,397,3,3894.37,5,2,3,3.3333333333333335,523,Recent Customers,1298.1233333333332,397,2269.2,1625.17
501,503,5,5714.92,3,4,4,3.6666666666666665,344,Potential Loyalists,1142.984,503,1032.38,4682.54
502,366,3,3376.77,5,2,3,3.3333333333333335,523,Recent Customers,1125.59,366,2339.12,1037.65
503,480,2,3990.79,3,1,3,2.3333333333333335,313,Need Attention,1995.395,480,0.0,3990.79
504,828,3,1733.3899999999999,1,2,1,1.3333333333333333,121,Lost,577.7966666666666,828,1733.39,0.0
505,739,1,609.31,1,1,1,1.0,111,Lost,609.31,739,609.31,0.0
507,509,3,1628.29,3,2,1,2.0,321,Need Attention,542.7633333333333,509,574.42,1053.87
508,422,11,7906.9400000000005,4,5,5,4.666666666666667,455,Champions,718.8127272727273,422,2510.09,5396.85
509,442,6,10497.54,4,5,5,4.666666666666667,455,Champions,1749.5900000000001,442,7981.23,2516.31
510,424,2,978.3,4,1,1,2.0,411,Recent Customers,489.15,424,515.71,462.59
511,415,9,11657.300000000001,4,5,5,4.666666666666667,455,Champions,1295.2555555555557,415,6689.83,4967.47
512,484,3,2895.44,3,2,2,2.3333333333333335,322,Need Attention,965.1466666666666,484,1678.68,1216.76
513,453,3,2695.87,4,2,2,2.6666666666666665,422,Recent Customers,898.6233333333333,453,1815.83,880.04
514,387,6,5428.27,5,5,4,4.666666666666667,554,Champions,904.7116666666667,387,3005.05,2423.22
515,1028,1,475.01,1,1,1,1.0,111,Lost,475.01,1028,475.01,0.0
516,435,7,8649.22,4,5,5,4.666666666666667,455,Champions,1235.6028571428571,435,7303.38,1345.84
517,410,5,4160.51,4,4,3,3.6666666666666665,443,Loyal Customers,832.1020000000001,410,0.0,4160.51
518,526,6,10565.76,3,5,5,4.333333333333333,355,Potential Loyalists,1760.96,526,599.37,9966.39
519,941,1,554.15,1,1,1,1.0,111,Lost,554.15,941,554.15,0.0
520,379,6,6440.28,5,5,4,4.666666666666667,554,Champions,1073.3799999999999,379,5199.72,1240.56
521,377,4,9814.01,5,3,5,4.333333333333333,535,Loyal Customers,2453.5025,377,2993.11,6820.9
522,399,4,3312.2799999999997,5,3,2,3.3333333333333335,532,Potential Loyalists,828.0699999999999,399,624.73,2687.55
523,445,2,1207.81,4,1,1,2.0,411,Recent Customers,603.905,445,0.0,1207.81
524,799,4,4049.67,1,3,3,2.3333333333333335,133,Cant Lose Them,1012.4175,799,4049.67,0.0
525,420,6,6185.860000000001,4,5,4,4.333333333333333,454,Champions,1030.9766666666667,420,2997.01,3188.85
526,397,2,3237.54,5,1,2,2.6666666666666665,512,Recent Customers,1618.77,397,0.0,3237.54
527,598,1,511.8,2,1,1,1.3333333333333333,211,Need Attention,511.8,598,0.0,511.8
528,411,5,6107.62,4,4,4,4.0,444,Champions,1221.524,411,4744.62,1363.0
529,670,3,6497.6,1,2,4,2.3333333333333335,124,Lost,2165.866666666667,670,3980.32,2517.28
530,493,4,4740.58,3,3,3,3.0,333,Potential Loyalists,1185.145,493,2793.81,1946.77
531,369,5,6359.2,5,4,4,4.333333333333333,544,Champions,1271.84,369,2415.77,3943.43
532,655,3,3135.27,1,2,2,1.6666666666666667,122,Lost,1045.09,655,1996.34,1138.93
533,719,1,4228.21,1,1,3,1.6666666666666667,113,Lost,4228.21,719,0.0,4228.21
534,511,4,2003.51,3,3,1,2.3333333333333335,331,Potential Loyalists,500.8775,511,1081.62,921.89
535,371,4,2766.7,5,3,2,3.3333333333333335,532,Potential Loyalists,691.675,371,0.0,2766.7
536,561,1,749.4,2,1,1,1.3333333333333333,211,Need Attention,749.4,561,0.0,749.4
537,457,4,6598.79,4,3,4,3.6666666666666665,434,Loyal Customers,1649.6975,457,5578.4,1020.39
538,561,4,4251.339999999999,2,3,3,2.6666666666666665,233,Cant Lose Them,1062.8349999999998,561,352.28,3899.06
539,653,1,1054.1,1,1,1,1.0,111,Lost,1054.1,653,0.0,1054.1
540,387,8,5166.58,5,5,4,4.666666666666667,554,Champions,645.8225,387,3612.85,1553.73
541,440,7,4401.49,4,5,3,4.0,453,Loyal Customers,628.7842857142857,440,2401.39,2000.1
542,494,6,7229.65,3,5,4,4.0,354,Potential Loyalists,1204.9416666666666,494,3881.79,3347.86
543,729,2,2565.91,1,1,2,1.3333333333333333,112,Lost,1282.955,729,1635.9,930.01
544,447,2,1330.6100000000001,4,1,1,2.0,411,Recent Customers,665.3050000000001,447,0.0,1330.61
545,619,3,1689.81,2,2,1,1.6666666666666667,221,Need Attention,563.27,619,1285.48,404.33
546,500,6,4702.26,3,5,3,3.6666666666666665,353,Potential Loyalists,783.71,500,3658.33,1043.93
547,757,5,5308.58,1,4,4,3.0,144,At Risk,1061.716,757,5308.58,0.0
548,759,3,4920.63,1,2,3,2.0,123,Lost,1640.21,759,4920.63,0.0
549,423,5,3207.66,4,4,2,3.3333333333333335,442,Potential Loyalists,641.5319999999999,423,1094.94,2112.72
550,453,3,3868.02,4,2,3,3.0,423,Recent Customers,1289.34,453,1130.93,2737.09
551,456,3,11578.74,4,2,5,3.6666666666666665,425,Recent Customers,3859.58,456,1606.32,9972.42
552,451,3,1415.8000000000002,4,2,1,2.3333333333333335,421,Recent Customers,471.9333333333334,451,358.22,1057.58
553,650,3,2892.2799999999997,1,2,2,1.6666666666666667,122,Lost,964.0933333333332,650,1910.87,981.41
554,518,8,11771.92,3,5,5,4.333333333333333,355,Potential Loyalists,1471.49,518,5217.81,6554.11
555,468,7,13918.83,3,5,5,4.333333333333333,355,Potential Loyalists,1988.4042857142856,468,12860.05,1058.78
556,721,5,11701.939999999999,1,4,5,3.3333333333333335,145,At Risk,2340.388,721,11188.11,513.83
557,395,5,5914.24,5,4,4,4.333333333333333,544,Champions,1182.848,395,2746.34,3167.9
558,503,4,6454.589999999999,3,3,4,3.3333333333333335,334,Potential Loyalists,1613.6474999999998,503,1123.57,5331.02
559,384,4,2520.36,5,3,2,3.3333333333333335,532,Potential Loyalists,630.09,384,2066.67,453.69
560,400,4,3929.77,5,3,3,3.6666666666666665,533,Loyal Customers,982.4425,400,2603.76,1326.01
561,433,4,9113.69,4,3,5,4.0,435,Loyal Customers,2278.4225,433,2144.55,6969.14
562,449,4,3956.22,4,3,3,3.3333333333333335,433,Loyal Customers,989.055,449,1628.72,2327.5
563,370,3,7173.870000000001,5,2,4,3.6666666666666665,524,Recent Customers,2391.2900000000004,370,599.27,6574.6
564,469,2,3450.7200000000003,3,1,3,2.3333333333333335,313,Need Attention,1725.3600000000001,469,0.0,3450.72
565,485,5,4737.66,3,4,3,3.3333333333333335,343,Potential Loyalists,947.5319999999999,485,2581.37,2156.29
566,697,2,1485.58,1,1,1,1.0,111,Lost,742.79,697,311.97,1173.61
567,565,4,9169.22,2,3,5,3.3333333333333335,235,Cant Lose Them,2292.305,565,8440.5,728.72
568,412,6,3283.36,4,5,2,3.6666666666666665,452,Potential Loyalists,547.2266666666667,412,500.22,2783.14
569,522,4,6260.43,3,3,4,3.3333333333333335,334,Potential Loyalists,1565.1075,522,5763.69,496.74
570,428,9,18227.23,4,5,5,4.666666666666667,455,Champions,2025.2477777777776,428,14090.05,4137.18
571,525,3,2196.52,3,2,2,2.3333333333333335,322,Need Attention,732.1733333333333,525,1585.65,610.87
572,512,4,1925.67,3,3,1,2.3333333333333335,331,Potential Loyalists,481.4175,512,1529.9,395.77
573,497,6,3372.25,3,5,3,3.6666666666666665,353,Potential Loyalists,562.0416666666666,497,1293.28,2078.97
574,431,6,8065.46,4,5,5,4.666666666666667,455,Champions,1344.2433333333333,431,1610.64,6454.82
575,390,4,2708.16,5,3,2,3.3333333333333335,532,Potential Loyalists,677.04,390,453.14,2255.02
576,416,5,9506.55,4,4,5,4.333333333333333,445,Champions,1901.31,416,7264.65,2241.9
577,434,4,2241.55,4,3,2,3.0,432,Potential Loyalists,560.3875,434,363.13,1878.42
578,416,6,7213.57,4,5,4,4.333333333333333,454,Champions,1202.2616666666665,416,1152.55,6061.02
579,451,5,3849.7799999999997,4,4,3,3.6666666666666665,443,Loyal Customers,769.9559999999999,451,2756.23,1093.55
580,589,4,4943.01,2,3,3,2.6666666666666665,233,Cant Lose Them,1235.7525,589,789.67,4153.34
581,652,3,1602.02,1,2,1,1.3333333333333333,121,Lost,534.0066666666667,652,430.57,1171.45
582,784,2,1230.53,1,1,1,1.0,111,Lost,615.265,784,1230.53,0.0
583,534,4,9305.33,2,3,5,3.3333333333333335,235,Cant Lose Them,2326.3325,534,8331.19,974.14
584,384,3,2722.2200000000003,5,2,2,3.0,522,Recent Customers,907.4066666666668,384,1737.43,984.79
585,388,7,5003.87,5,5,3,4.333333333333333,553,Loyal Customers,714.8385714285714,388,3487.54,1516.33
586,676,2,1543.21,1,1,1,1.0,111,Lost,771.605,676,599.76,943.45
587,720,2,933.61,1,1,1,1.0,111,Lost,466.805,720,405.22,528.39
588,619,3,4102.8099999999995,2,2,3,2.3333333333333335,223,Need Attention,1367.6033333333332,619,2473.41,1629.4
589,525,4,2412.2,3,3,2,2.6666666666666665,332,Potential Loyalists,603.05,525,642.02,1770.18
590,406,4,8603.14,5,3,5,4.333333333333333,535,Loyal Customers,2150.785,406,5531.44,3071.7
591,405,4,5769.41,5,3,4,4.0,534,Loyal Customers,1442.3525,405,4800.34,969.07
592,654,6,10753.53,1,5,5,3.6666666666666665,155,At Risk,1792.255,654,10324.92,428.61
593,529,6,9961.26,3,5,5,4.333333333333333,355,Potential Loyalists,1660.21,529,7592.85,2368.41
594,530,4,2353.39,2,3,2,2.3333333333333335,232,Cant Lose Them,588.3475,530,875.9,1477.49
595,595,4,2822.1,2,3,2,2.3333333333333335,232,Cant Lose Them,705.525,595,348.01,2474.09
596,411,5,6004.36,4,4,4,4.0,444,Champions,1200.8719999999998,411,413.15,5591.21
597,500,7,6374.29,3,5,4,4.0,354,Potential Loyalists,910.6128571428571,500,1544.04,4830.25
598,417,2,1672.6,4,1,1,2.0,411,Recent Customers,836.3,417,1080.53,592.07
599,385,6,5117.9,5,5,3,4.333333333333333,553,Loyal Customers,852.9833333333332,385,2846.93,2270.97
600,381,6,8076.64,5,5,5,5.0,555,Champions,1346.1066666666668,381,1443.64,6633.0
601,423,7,6312.16,4,5,4,4.333333333333333,454,Champions,901.7371428571429,423,4495.37,1816.79
602,534,5,11712.259999999998,2,4,5,3.6666666666666665,245,At Risk,2342.4519999999998,534,3792.45,7919.81
603,400,2,5347.14,5,1,4,3.3333333333333335,514,Recent Customers,2673.57,400,4910.33,436.81
604,958,2,2638.52,1,1,2,1.3333333333333333,112,Lost,1319.26,958,2638.52,0.0
605,397,11,14802.439999999999,5,5,5,5.0,555,Champions,1345.6763636363635,397,8917.18,5885.26
606,1044,1,482.36,1,1,1,1.0,111,Lost,482.36,1044,482.36,0.0
607,439,2,2989.92,4,1,2,2.3333333333333335,412,Recent Customers,1494.96,439,698.94,2290.98
608,594,3,2662.45,2,2,2,2.0,222,Need Attention,887.4833333333332,594,659.97,2002.48
609,646,3,5409.24,2,2,4,2.6666666666666665,224,Need Attention,1803.08,646,1132.46,4276.78
610,585,3,2542.31,2,2,2,2.0,222,Need Attention,847.4366666666666,585,2037.41,504.9
611,418,2,2394.62,4,1,2,2.3333333333333335,412,Recent Customers,1197.31,418,543.34,1851.28
612,557,4,3384.33,2,3,3,2.6666666666666665,233,Cant Lose Them,846.0825,557,2796.11,588.22
613,517,1,382.95,3,1,1,1.6666666666666667,311,Need Attention,382.95,517,0.0,382.95
614,393,8,17549.84,5,5,5,5.0,555,Champions,2193.73,393,8494.12,9055.72
615,660,4,7002.77,1,3,4,2.6666666666666665,134,Cant Lose Them,1750.6925,660,6464.27,538.5
616,570,3,4470.8099999999995,2,2,3,2.3333333333333335,223,Need Attention,1490.2699999999998,570,0.0,4470.81
617,900,3,2589.8100000000004,1,2,2,1.6666666666666667,122,Lost,863.2700000000001,900,2589.81,0.0
618,390,10,17749.0,5,5,5,5.0,555,Champions,1774.9,390,14211.67,3537.33
619,411,5,2739.05,4,4,2,3.3333333333333335,442,Potential Loyalists,547.8100000000001,411,1940.13,798.92
620,445,7,13782.99,4,5,5,4.666666666666667,455,Champions,1968.9985714285715,445,4284.05,9498.94
621,458,7,10574.6,4,5,5,4.666666666666667,455,Champions,1510.6571428571428,458,8064.77,2509.83
622,614,2,2838.9,2,1,2,1.6666666666666667,212,Need Attention,1419.45,614,658.35,2180.55
623,416,7,7680.400000000001,4,5,4,4.333333333333333,454,Champions,1097.2,416,1434.89,6245.51
624,399,2,5676.0599999999995,5,1,4,3.3333333333333335,514,Recent Customers,2838.0299999999997,399,0.0,5676.06
625,521,4,5670.79,3,3,4,3.3333333333333335,334,Potential Loyalists,1417.6975,521,637.38,5033.41
626,503,5,3602.4700000000003,3,4,3,3.3333333333333335,343,Potential Loyalists,720.494,503,1881.0,1721.47
627,571,5,3200.1,2,4,2,2.6666666666666665,242,At Risk,640.02,571,1446.11,1753.99
628,435,6,8247.32,4,5,5,4.666666666666667,455,Champions,1374.5533333333333,435,7767.73,479.59
629,579,5,2814.96,2,4,2,2.6666666666666665,242,At Risk,562.992,579,886.05,1928.91
630,380,4,3305.6499999999996,5,3,2,3.3333333333333335,532,Potential Loyalists,826.4124999999999,380,1132.2,2173.45
631,451,2,1798.46,4,1,1,2.0,411,Recent Customers,899.23,451,540.07,1258.39
632,653,3,2197.54,1,2,2,1.6666666666666667,122,Lost,732.5133333333333,653,1721.98,475.56
633,375,8,6985.94,5,5,4,4.666666666666667,554,Champions,873.2425,375,4206.1,2779.84
634,587,4,6992.99,2,3,4,3.0,234,Cant Lose Them,1748.2475,587,2263.17,4729.82
635,637,3,5409.0599999999995,2,2,4,2.6666666666666665,224,Need Attention,1803.0199999999998,637,4875.63,533.43
636,787,3,1805.22,1,2,1,1.3333333333333333,121,Lost,601.74,787,1805.22,0.0
637,432,8,16103.61,4,5,5,4.666666666666667,455,Champions,2012.95125,432,5068.81,11034.8
638,447,4,3524.68,4,3,3,3.3333333333333335,433,Loyal Customers,881.17,447,1960.77,1563.91
639,426,4,4572.54,4,3,3,3.3333333333333335,433,Loyal Customers,1143.135,426,1153.08,3419.46
640,544,5,8620.05,2,4,5,3.6666666666666665,245,At Risk,1724.0099999999998,544,2149.61,6470.44
641,526,5,2822.63,3,4,2,3.0,342,Potential Loyalists,564.5260000000001,526,2227.66,594.97
642,591,6,7611.450000000001,2,5,4,3.6666666666666665,254,At Risk,1268.575,591,5831.68,1779.77
643,535,3,1974.96,2,2,1,1.6666666666666667,221,Need Attention,658.32,535,455.92,1519.04
644,480,4,2518.09,3,3,2,2.6666666666666665,332,Potential Loyalists,629.5225,480,1031.94,1486.15
645,644,3,4284.73,2,2,3,2.3333333333333335,223,Need Attention,1428.243333333333,644,3910.36,374.37
646,571,1,1312.6,2,1,1,1.3333333333333333,211,Need Attention,1312.6,571,0.0,1312.6
647,653,3,2873.27,1,2,2,1.6666666666666667,122,Lost,957.7566666666667,653,1715.95,1157.32
648,823,4,2960.21,1,3,2,2.0,132,Cant Lose Them,740.0525,823,2960.21,0.0
649,432,8,4219.08,4,5,3,4.0,453,Loyal Customers,527.385,432,1044.98,3174.1
650,448,4,3820.11,4,3,3,3.3333333333333335,433,Loyal Customers,955.0275,448,3028.67,791.44
651,450,4,2426.24,4,3,2,3.0,432,Potential Loyalists,606.56,450,1579.48,846.76
652,378,5,9991.36,5,4,5,4.666666666666667,545,Champions,1998.2720000000002,378,3433.72,6557.64
653,395,4,6760.200000000001,5,3,4,4.0,534,Loyal Customers,1690.0500000000002,395,5733.06,1027.14
654,399,5,3180.98,5,4,2,3.6666666666666665,542,Potential Loyalists,636.196,399,964.04,2216.94
655,373,5,7901.4,5,4,5,4.666666666666667,545,Champions,1580.28,373,1856.96,6044.44
656,660,3,4558.14,1,2,3,2.0,123,Lost,1519.38,660,1958.34,2599.8
657,487,2,4777.29,3,1,3,2.3333333333333335,313,Need Attention,2388.645,487,727.71,4049.58
658,408,4,2492.76,5,3,2,3.3333333333333335,532,Potential Loyalists,623.19,408,504.27,1988.49
659,368,6,5453.86,5,5,4,4.666666666666667,554,Champions,908.9766666666666,368,990.67,4463.19
660,479,3,1507.88,3,2,1,2.0,321,Need Attention,502.6266666666667,479,1090.99,416.89
661,973,2,1649.79,1,1,1,1.0,111,Lost,824.895,973,1649.79,0.0
662,721,4,3897.12,1,3,3,2.3333333333333335,133,Cant Lose Them,974.28,721,1684.97,2212.15
663,461,5,6612.4400000000005,4,4,4,4.0,444,Champions,1322.488,461,1812.15,4800.29
664,523,7,6002.31,3,5,4,4.0,354,Potential Loyalists,857.4728571428572,523,857.34,5144.97
665,671,3,2812.35,1,2,2,1.6666666666666667,122,Lost,937.4499999999999,671,2265.94,546.41
666,502,9,18991.56,3,5,5,4.333333333333333,355,Potential Loyalists,2110.1733333333336,502,9314.96,9676.6
667,467,2,5069.11,3,1,3,2.3333333333333335,313,Need Attention,2534.555,467,0.0,5069.11
668,445,5,5056.98,4,4,3,3.6666666666666665,443,Loyal Customers,1011.396,445,2068.59,2988.39
669,431,5,8064.74,4,4,5,4.333333333333333,445,Champions,1612.9479999999999,431,2793.58,5271.16
670,630,3,3312.84,2,2,2,2.0,222,Need Attention,1104.28,630,554.61,2758.23
671,398,2,1145.0900000000001,5,1,1,2.3333333333333335,511,Recent Customers,572.5450000000001,398,0.0,1145.09
672,591,4,8863.4,2,3,5,3.3333333333333335,235,Cant Lose Them,2215.85,591,7044.4,1819.0
673,465,8,13475.69,3,5,5,4.333333333333333,355,Potential Loyalists,1684.46125,465,6333.41,7142.28
674,471,3,3165.7499999999995,3,2,2,2.3333333333333335,322,Need Attention,1055.2499999999998,471,2684.05,481.7
675,394,3,1993.27,5,2,1,2.6666666666666665,521,Recent Customers,664.4233333333333,394,0.0,1993.27
676,492,3,3805.83,3,2,3,2.6666666666666665,323,Need Attention,1268.61,492,625.37,3180.46
677,507,4,4273.45,3,3,3,3.0,333,Potential Loyalists,1068.3625,507,1650.32,2623.13
678,781,3,2606.3199999999997,1,2,2,1.6666666666666667,122,Lost,868.7733333333332,781,2606.32,0.0
679,571,5,14690.95,2,4,5,3.6666666666666665,245,At Risk,2938.19,571,3912.38,10778.57
680,395,9,9768.9,5,5,5,5.0,555,Champions,1085.4333333333334,395,6095.25,3673.65
681,598,4,2722.84,2,3,2,2.3333333333333335,232,Cant Lose Them,680.71,598,1192.04,1530.8
683,403,5,3238.8,5,4,2,3.6666666666666665,542,Potential Loyalists,647.76,403,1087.75,2151.05
684,370,6,10102.83,5,5,5,5.0,555,Champions,1683.805,370,2705.89,7396.94
685,535,4,7264.03,2,3,4,3.0,234,Cant Lose Them,1816.0075,535,5055.4,2208.63
686,387,5,2829.39,5,4,2,3.6666666666666665,542,Potential Loyalists,565.8779999999999,387,0.0,2829.39
687,509,2,1459.3899999999999,3,1,1,1.6666666666666667,311,Need Attention,729.6949999999999,509,0.0,1459.39
688,370,3,2166.0699999999997,5,2,2,3.0,522,Recent Customers,722.0233333333332,370,0.0,2166.07
689,454,5,9498.47,4,4,5,4.333333333333333,445,Champions,1899.694,454,6455.67,3042.8
690,497,5,3082.2200000000003,3,4,2,3.0,342,Potential Loyalists,616.4440000000001,497,1591.62,1490.6
691,459,5,7539.78,4,4,4,4.0,444,Champions,1507.956,459,5526.16,2013.62
692,462,2,2453.76,4,1,2,2.3333333333333335,412,Recent Customers,1226.88,462,2024.54,429.22
693,422,1,376.44,4,1,1,2.0,411,Recent Customers,376.44,422,0.0,376.44
694,374,3,2796.63,5,2,2,3.0,522,Recent Customers,932.21,374,1287.45,1509.18
695,386,5,9204.73,5,4,5,4.666666666666667,545,Champions,1840.946,386,7287.21,1917.52
696,463,2,1501.66,3,1,1,1.6666666666666667,311,Need Attention,750.83,463,0.0,1501.66
697,692,1,1971.05,1,1,1,1.0,111,Lost,1971.05,692,0.0,1971.05
698,400,6,3913.3599999999997,5,5,3,4.333333333333333,553,Loyal Customers,652.2266666666666,400,1680.94,2232.42
699,851,3,1815.8,1,2,1,1.3333333333333333,121,Lost,605.2666666666667,851,1815.8,0.0
700,461,6,9661.76,4,5,5,4.666666666666667,455,Champions,1610.2933333333333,461,2612.68,7049.08
701,794,4,6415.39,1,3,4,2.6666666666666665,134,Cant Lose Them,1603.8475,794,6415.39,0.0
702,559,6,3055.12,2,5,2,3.0,252,At Risk,509.18666666666667,559,1946.13,1108.99
703,439,3,2215.9700000000003,4,2,2,2.6666666666666665,422,Recent Customers,738.6566666666668,439,999.3,1216.67
704,405,5,6728.62,5,4,4,4.333333333333333,544,Champions,1345.724,405,5040.12,1688.5
705,547,5,10095.15,2,4,5,3.6666666666666665,245,At Risk,2019.03,547,9070.64,1024.51
706,416,4,3445.6800000000003,4,3,3,3.3333333333333335,433,Loyal Customers,861.4200000000001,416,2807.86,637.82
707,729,3,3408.4,1,2,3,2.0,123,Lost,1136.1333333333334,729,1599.83,1808.57
709,527,4,4035.1600000000003,3,3,3,3.0,333,Potential Loyalists,1008.7900000000001,527,625.56,3409.6
710,462,8,17915.8,4,5,5,4.666666666666667,455,Champions,2239.475,462,7013.01,10902.79
711,608,3,3802.1600000000003,2,2,3,2.3333333333333335,223,Need Attention,1267.3866666666668,608,0.0,3802.16
712,652,3,4228.66,1,2,3,2.0,123,Lost,1409.5533333333333,652,2988.79,1239.87
713,532,3,6060.7,2,2,4,2.6666666666666665,224,Need Attention,2020.2333333333333,532,3812.23,2248.47
714,638,3,2092.17,2,2,2,2.0,222,Need Attention,697.39,638,1560.92,531.25
715,414,6,9073.58,4,5,5,4.666666666666667,455,Champions,1512.2633333333333,414,1832.58,7241.0
716,374,6,3814.32,5,5,3,4.333333333333333,553,Loyal Customers,635.72,374,952.05,2862.27
717,526,5,5474.139999999999,3,4,4,3.6666666666666665,344,Potential Loyalists,1094.828,526,2771.33,2702.81
718,426,5,4163.82,4,4,3,3.6666666666666665,443,Loyal Customers,832.7639999999999,426,2235.54,1928.28
719,793,3,1660.75,1,2,1,1.3333333333333333,121,Lost,553.5833333333334,793,1660.75,0.0
720,725,1,1240.02,1,1,1,1.0,111,Lost,1240.02,725,0.0,1240.02
721,458,4,2253.0299999999997,4,3,2,3.0,432,Potential Loyalists,563.2574999999999,458,1006.93,1246.1
722,561,4,2637.48,2,3,2,2.3333333333333335,232,Cant Lose Them,659.37,561,2183.77,453.71
723,393,3,6900.220000000001,5,2,4,3.6666666666666665,524,Recent Customers,2300.0733333333337,393,6332.41,567.81
724,521,4,5972.94,3,3,4,3.3333333333333335,334,Potential Loyalists,1493.235,521,1099.07,4873.87
725,439,6,3471.6,4,5,3,4.0,453,Loyal Customers,578.6,439,1472.83,1998.77
726,896,3,1577.75,1,2,1,1.3333333333333333,121,Lost,525.9166666666666,896,1577.75,0.0
727,407,7,6696.23,5,5,4,4.666666666666667,554,Champions,956.6042857142857,407,3465.37,3230.86
728,535,2,1686.67,2,1,1,1.3333333333333333,211,Need Attention,843.335,535,836.28,850.39
729,390,2,3307.7799999999997,5,1,2,2.6666666666666665,512,Recent Customers,1653.8899999999999,390,2245.48,1062.3
730,507,4,5245.22,3,3,4,3.3333333333333335,334,Potential Loyalists,1311.305,507,469.07,4776.15
731,494,4,4055.23,3,3,3,3.0,333,Potential Loyalists,1013.8075,494,1517.29,2537.94
732,411,7,12297.82,4,5,5,4.666666666666667,455,Champions,1756.8314285714284,411,11273.04,1024.78
733,390,5,4759.14,5,4,3,4.0,543,Loyal Customers,951.8280000000001,390,395.19,4363.95
734,388,3,2013.56,5,2,2,3.0,522,Recent Customers,671.1866666666666,388,742.61,1270.95
735,527,5,9186.26,3,4,5,4.0,345,Potential Loyalists,1837.252,527,8856.77,329.49
736,525,4,5986.94,3,3,4,3.3333333333333335,334,Potential Loyalists,1496.735,525,4724.95,1261.99
737,922,1,1929.95,1,1,1,1.0,111,Lost,1929.95,922,1929.95,0.0
739,421,5,4314.43,4,4,3,3.6666666666666665,443,Loyal Customers,862.8860000000001,421,2897.29,1417.14
740,422,3,2961.44,4,2,2,2.6666666666666665,422,Recent Customers,987.1466666666666,422,1465.92,1495.52
741,459,3,6257.870000000001,4,2,4,3.3333333333333335,424,Recent Customers,2085.956666666667,459,5238.27,1019.6
742,706,2,1971.6100000000001,1,1,1,1.0,111,Lost,985.8050000000001,706,837.18,1134.43
743,427,8,5646.85,4,5,4,4.333333333333333,454,Champions,705.85625,427,4214.0,1432.85
744,527,3,9607.029999999999,3,2,5,3.3333333333333335,325,Need Attention,3202.343333333333,527,5165.3,4441.73
745,398,2,987.74,5,1,1,2.3333333333333335,511,Recent Customers,493.87,398,477.02,510.72
746,377,3,2152.48,5,2,2,3.0,522,Recent Customers,717.4933333333333,377,423.23,1729.25
747,382,6,4935.9,5,5,3,4.333333333333333,553,Loyal Customers,822.65,382,2596.09,2339.81
748,535,3,2379.5699999999997,2,2,2,2.0,222,Need Attention,793.1899999999999,535,1485.93,893.64
749,800,3,1171.72,1,2,1,1.3333333333333333,121,Lost,390.5733333333333,800,1171.72,0.0
751,508,5,3888.0,3,4,3,3.3333333333333335,343,Potential Loyalists,777.6,508,1503.81,2384.19
752,658,3,6083.820000000001,1,2,4,2.3333333333333335,124,Lost,2027.9400000000003,658,5249.02,834.8
753,475,3,7936.25,3,2,5,3.3333333333333335,325,Need Attention,2645.4166666666665,475,2168.66,5767.59
754,468,7,14072.93,3,5,5,4.333333333333333,355,Potential Loyalists,2010.4185714285716,468,3169.36,10903.57
755,540,3,1967.44,2,2,1,1.6666666666666667,221,Need Attention,655.8133333333334,540,940.74,1026.7
756,554,4,4307.79,2,3,3,2.6666666666666665,233,Cant Lose Them,1076.9475,554,1871.2,2436.59
757,750,5,4757.24,1,4,3,2.6666666666666665,143,At Risk,951.448,750,4757.24,0.0
758,733,1,1136.98,1,1,1,1.0,111,Lost,1136.98,733,1136.98,0.0
759,558,2,4961.200000000001,2,1,3,2.0,213,Need Attention,2480.6000000000004,558,2249.63,2711.57
760,687,2,1599.92,1,1,1,1.0,111,Lost,799.96,687,1197.71,402.21
761,419,6,6959.25,4,5,4,4.333333333333333,454,Champions,1159.875,419,5346.58,1612.67
762,437,5,4588.93,4,4,3,3.6666666666666665,443,Loyal Customers,917.7860000000001,437,1694.25,2894.68
763,581,5,9045.79,2,4,5,3.6666666666666665,245,At Risk,1809.1580000000001,581,5514.13,3531.66
764,481,6,3687.21,3,5,3,3.6666666666666665,353,Potential Loyalists,614.535,481,1546.88,2140.33
765,438,1,504.75,4,1,1,2.0,411,Recent Customers,504.75,438,0.0,504.75
766,622,4,5513.08,2,3,4,3.0,234,Cant Lose Them,1378.27,622,3287.43,2225.65
767,698,3,2190.0099999999998,1,2,2,1.6666666666666667,122,Lost,730.0033333333332,698,1616.4,573.61
768,402,5,7407.17,5,4,4,4.333333333333333,544,Champions,1481.434,402,5034.39,2372.78
769,629,3,4555.89,2,2,3,2.3333333333333335,223,Need Attention,1518.63,629,1085.73,3470.16
770,416,3,3156.01,4,2,2,2.6666666666666665,422,Recent Customers,1052.0033333333333,416,1530.92,1625.09
771,393,4,2392.0,5,3,2,3.3333333333333335,532,Potential Loyalists,598.0,393,528.96,1863.04
772,1093,1,2662.86,1,1,2,1.3333333333333333,112,Lost,2662.86,1093,2662.86,0.0
773,590,4,3390.59,2,3,3,2.6666666666666665,233,Cant Lose Them,847.6475,590,3009.11,381.48
774,704,3,6684.54,1,2,4,2.3333333333333335,124,Lost,2228.18,704,6172.13,512.41
775,474,5,9041.73,3,4,5,4.0,345,Potential Loyalists,1808.346,474,6838.66,2203.07
776,425,6,7045.46,4,5,4,4.333333333333333,454,Champions,1174.2433333333333,425,3403.7,3641.76
777,411,6,6777.03,4,5,4,4.333333333333333,454,Champions,1129.5049999999999,411,3718.79,3058.24
778,748,5,4868.06,1,4,3,2.6666666666666665,143,At Risk,973.6120000000001,748,4868.06,0.0
779,402,4,4651.8,5,3,3,3.6666666666666665,533,Loyal Customers,1162.95,402,782.58,3869.22
780,580,5,4475.29,2,4,3,3.0,243,At Risk,895.058,580,3402.85,1072.44
781,483,7,5830.05,3,5,4,4.0,354,Potential Loyalists,832.8642857142858,483,3499.87,2330.18
784,425,2,1142.3,4,1,1,2.0,411,Recent Customers,571.15,425,326.32,815.98
786,511,7,7521.98,3,5,4,4.0,354,Potential Loyalists,1074.5685714285714,511,5180.05,2341.93
787,669,4,3831.91,1,3,3,2.3333333333333335,133,Cant Lose Them,957.9775,669,2156.88,1675.03
788,576,2,4954.66,2,1,3,2.0,213,Need Attention,2477.33,576,520.51,4434.15
789,389,5,2435.7,5,4,2,3.6666666666666665,542,Potential Loyalists,487.14,389,0.0,2435.7
790,753,1,488.52,1,1,1,1.0,111,Lost,488.52,753,488.52,0.0
791,553,5,2902.7,2,4,2,2.6666666666666665,242,At Risk,580.54,553,1899.79,1002.91
792,374,8,7789.35,5,5,5,5.0,555,Champions,973.66875,374,4184.07,3605.28
793,490,6,8553.98,3,5,5,4.333333333333333,355,Potential Loyalists,1425.6633333333332,490,7476.21,1077.77
794,1064,2,2131.46,1,1,2,1.3333333333333333,112,Lost,1065.73,1064,2131.46,0.0
795,397,4,2964.84,5,3,2,3.3333333333333335,532,Potential Loyalists,741.21,397,0.0,2964.84
796,759,1,584.18,1,1,1,1.0,111,Lost,584.18,759,584.18,0.0
797,413,3,3876.0699999999997,4,2,3,3.0,423,Recent Customers,1292.0233333333333,413,0.0,3876.07
798,487,5,10329.94,3,4,5,4.0,345,Potential Loyalists,2065.9880000000003,487,1263.21,9066.73
799,433,5,4256.25,4,4,3,3.6666666666666665,443,Loyal Customers,851.25,433,1692.21,2564.04
801,608,2,935.64,2,1,1,1.3333333333333333,211,Need Attention,467.82,608,445.77,489.87
802,420,3,1585.26,4,2,1,2.3333333333333335,421,Recent Customers,528.42,420,0.0,1585.26
803,984,1,1699.73,1,1,1,1.0,111,Lost,1699.73,984,1699.73,0.0
804,466,3,7784.3099999999995,3,2,4,3.0,324,Need Attention,2594.77,466,0.0,7784.31
805,386,3,1813.7600000000002,5,2,1,2.6666666666666665,521,Recent Customers,604.5866666666667,386,0.0,1813.76
806,486,5,9377.59,3,4,5,4.0,345,Potential Loyalists,1875.518,486,8986.81,390.78
807,616,4,9171.05,2,3,5,3.3333333333333335,235,Cant Lose Them,2292.7625,616,7621.03,1550.02
808,373,4,3658.1,5,3,3,3.6666666666666665,533,Loyal Customers,914.525,373,1936.37,1721.73
809,422,3,5730.93,4,2,4,3.3333333333333335,424,Recent Customers,1910.3100000000002,422,4386.79,1344.14
810,454,6,4888.9,4,5,3,4.0,453,Loyal Customers,814.8166666666666,454,4044.07,844.83
811,404,2,7295.4400000000005,5,1,4,3.3333333333333335,514,Recent Customers,3647.7200000000003,404,1072.51,6222.93
812,441,6,9233.63,4,5,5,4.666666666666667,455,Champions,1538.9383333333333,441,3911.05,5322.58
813,587,2,6141.150000000001,2,1,4,2.3333333333333335,214,Need Attention,3070.5750000000003,587,446.51,5694.64
814,482,8,10282.08,3,5,5,4.333333333333333,355,Potential Loyalists,1285.26,482,8632.68,1649.4
815,522,3,1262.03,3,2,1,2.0,321,Need Attention,420.6766666666667,522,987.58,274.45
816,401,10,8127.5599999999995,5,5,5,5.0,555,Champions,812.756,401,5282.3,2845.26
817,503,2,3901.42,3,1,3,2.3333333333333335,313,Need Attention,1950.71,503,0.0,3901.42
818,460,5,9871.199999999999,4,4,5,4.333333333333333,445,Champions,1974.2399999999998,460,8915.06,956.14
819,445,4,5061.84,4,3,3,3.3333333333333335,433,Loyal Customers,1265.46,445,3800.18,1261.66
820,608,2,2906.93,2,1,2,1.6666666666666667,212,Need Attention,1453.465,608,0.0,2906.93
821,580,4,7934.78,2,3,5,3.3333333333333335,235,Cant Lose Them,1983.695,580,2422.18,5512.6
822,683,2,1405.62,1,1,1,1.0,111,Lost,702.81,683,0.0,1405.62
823,410,6,4459.67,4,5,3,4.0,453,Loyal Customers,743.2783333333333,410,1638.09,2821.58
824,402,3,1839.56,5,2,1,2.6666666666666665,521,Recent Customers,613.1866666666666,402,0.0,1839.56
825,419,3,5722.19,4,2,4,3.3333333333333335,424,Recent Customers,1907.3966666666665,419,572.07,5150.12
826,707,6,11835.66,1,5,5,3.6666666666666665,155,At Risk,1972.61,707,10766.32,1069.34
827,597,4,4015.96,2,3,3,2.6666666666666665,233,Cant Lose Them,1003.99,597,2378.94,1637.02
828,390,4,4196.09,5,3,3,3.6666666666666665,533,Loyal Customers,1049.0225,390,587.31,3608.78
829,458,1,5794.43,4,1,4,3.0,414,Recent Customers,5794.43,458,0.0,5794.43
830,500,5,7156.65,3,4,4,3.6666666666666665,344,Potential Loyalists,1431.33,500,5649.08,1507.57
831,430,4,4621.28,4,3,3,3.3333333333333335,433,Loyal Customers,1155.32,430,582.65,4038.63
832,591,2,1122.74,2,1,1,1.3333333333333333,211,Need Attention,561.37,591,0.0,1122.74
833,480,6,10687.71,3,5,5,4.333333333333333,355,Potential Loyalists,1781.2849999999999,480,7821.48,2866.23
834,981,1,443.92,1,1,1,1.0,111,Lost,443.92,981,443.92,0.0
835,966,1,4092.13,1,1,3,1.6666666666666667,113,Lost,4092.13,966,4092.13,0.0
836,607,1,1103.09,2,1,1,1.3333333333333333,211,Need Attention,1103.09,607,0.0,1103.09
837,426,2,7501.13,4,1,4,3.0,414,Recent Customers,3750.565,426,5722.7,1778.43
838,469,5,3298.01,3,4,2,3.0,342,Potential Loyalists,659.6020000000001,469,989.9,2308.11
839,442,7,9890.279999999999,4,5,5,4.666666666666667,455,Champions,1412.8971428571426,442,2434.97,7455.31
840,454,6,5884.12,4,5,4,4.333333333333333,454,Champions,980.6866666666666,454,3704.79,2179.33
841,408,2,971.29,5,1,1,2.3333333333333335,511,Recent Customers,485.645,408,472.89,498.4
842,379,2,2239.18,5,1,2,2.6666666666666665,512,Recent Customers,1119.59,379,0.0,2239.18
843,721,4,4578.75,1,3,3,2.3333333333333335,133,Cant Lose Them,1144.6875,721,3767.91,810.84
844,376,3,10197.59,5,2,5,4.0,525,Recent Customers,3399.1966666666667,376,0.0,10197.59
845,376,9,5835.08,5,5,4,4.666666666666667,554,Champions,648.3422222222222,376,4292.86,1542.22
846,427,4,3246.25,4,3,2,3.0,432,Potential Loyalists,811.5625,427,957.55,2288.7
847,750,4,2034.5500000000002,1,3,2,2.0,132,Cant Lose Them,508.63750000000005,750,2034.55,0.0
848,482,6,5566.33,3,5,4,4.0,354,Potential Loyalists,927.7216666666667,482,3054.33,2512.0
849,622,4,9570.35,2,3,5,3.3333333333333335,235,Cant Lose Them,2392.5875,622,8390.93,1179.42
850,438,4,2037.42,4,3,2,3.0,432,Potential Loyalists,509.355,438,1148.13,889.29
851,588,3,2256.04,2,2,2,2.0,222,Need Attention,752.0133333333333,588,653.95,1602.09
852,588,2,2968.02,2,1,2,1.6666666666666667,212,Need Attention,1484.01,588,1928.71,1039.31
853,712,3,7720.28,1,2,4,2.3333333333333335,124,Lost,2573.4266666666667,712,3327.63,4392.65
854,667,2,3026.01,1,1,2,1.3333333333333333,112,Lost,1513.005,667,1693.68,1332.33
855,445,3,5140.85,4,2,3,3.0,423,Recent Customers,1713.6166666666668,445,333.81,4807.04
856,525,6,5907.52,3,5,4,4.0,354,Potential Loyalists,984.5866666666667,525,2158.78,3748.74
857,867,1,469.34,1,1,1,1.0,111,Lost,469.34,867,469.34,0.0
858,529,4,7183.32,3,3,4,3.3333333333333335,334,Potential Loyalists,1795.83,529,1688.7,5494.62
859,460,2,1657.1100000000001,4,1,1,2.0,411,Recent Customers,828.5550000000001,460,423.46,1233.65
860,400,4,8600.7,5,3,5,4.333333333333333,535,Loyal Customers,2150.175,400,5145.32,3455.38
861,403,5,5957.88,5,4,4,4.333333333333333,544,Champions,1191.576,403,4112.97,1844.91
862,528,4,3343.41,3,3,2,2.6666666666666665,332,Potential Loyalists,835.8525,528,657.25,2686.16
863,428,8,10795.86,4,5,5,4.666666666666667,455,Champions,1349.4825,428,2274.76,8521.1
864,621,3,1431.3899999999999,2,2,1,1.6666666666666667,221,Need Attention,477.12999999999994,621,0.0,1431.39
865,843,1,920.94,1,1,1,1.0,111,Lost,920.94,843,920.94,0.0
866,558,3,2610.33,2,2,2,2.0,222,Need Attention,870.11,558,0.0,2610.33
867,416,4,4953.83,4,3,3,3.3333333333333335,433,Loyal Customers,1238.4575,416,2895.97,2057.86
868,514,2,818.3199999999999,3,1,1,1.6666666666666667,311,Need Attention,409.15999999999997,514,0.0,818.32
869,591,6,7792.98,2,5,5,4.0,255,At Risk,1298.83,591,6167.15,1625.83
870,559,4,3001.16,2,3,2,2.3333333333333335,232,Cant Lose Them,750.29,559,2293.26,707.9
871,394,9,19244.879999999997,5,5,5,5.0,555,Champions,2138.3199999999997,394,11294.7,7950.18
872,397,4,3008.7799999999997,5,3,2,3.3333333333333335,532,Potential Loyalists,752.1949999999999,397,571.72,2437.06
873,717,4,8916.970000000001,1,3,5,3.0,135,Cant Lose Them,2229.2425000000003,717,8286.83,630.14
874,457,5,3506.93,4,4,3,3.6666666666666665,443,Loyal Customers,701.386,457,1265.84,2241.09
875,710,1,431.92,1,1,1,1.0,111,Lost,431.92,710,0.0,431.92
876,525,4,2960.15,3,3,2,2.6666666666666665,332,Potential Loyalists,740.0375,525,1442.74,1517.41
877,402,3,9143.460000000001,5,2,5,4.0,525,Recent Customers,3047.82,402,1895.06,7248.4
878,736,6,8658.039999999999,1,5,5,3.6666666666666665,155,At Risk,1443.0066666666664,736,8658.04,0.0
879,963,2,972.5899999999999,1,1,1,1.0,111,Lost,486.29499999999996,963,972.59,0.0
880,553,4,1972.76,2,3,1,2.0,231,Cant Lose Them,493.19,553,1178.7,794.06
881,515,8,23620.58,3,5,5,4.333333333333333,355,Potential Loyalists,2952.5725,515,17623.32,5997.26
882,489,3,5039.84,3,2,3,2.6666666666666665,323,Need Attention,1679.9466666666667,489,1866.61,3173.23
883,370,7,13917.650000000001,5,5,5,5.0,555,Champions,1988.2357142857145,370,7977.62,5940.03
884,481,5,5211.129999999999,3,4,4,3.6666666666666665,344,Potential Loyalists,1042.2259999999999,481,3129.85,2081.28
885,831,6,8373.85,1,5,5,3.6666666666666665,155,At Risk,1395.6416666666667,831,8373.85,0.0
886,522,9,12323.92,3,5,5,4.333333333333333,355,Potential Loyalists,1369.3244444444445,522,9909.71,2414.21
887,405,5,7246.14,5,4,4,4.333333333333333,544,Champions,1449.228,405,5349.69,1896.45
888,382,5,5219.09,5,4,4,4.333333333333333,544,Champions,1043.818,382,3531.27,1687.82
889,747,7,10155.439999999999,1,5,5,3.6666666666666665,155,At Risk,1450.7771428571427,747,10155.44,0.0
890,504,4,2056.57,3,3,2,2.6666666666666665,332,Potential Loyalists,514.1425,504,1522.87,533.7
891,404,2,2600.97,5,1,2,2.6666666666666665,512,Recent Customers,1300.485,404,0.0,2600.97
892,542,6,10458.38,2,5,5,4.0,255,At Risk,1743.0633333333333,542,5858.48,4599.9
893,466,8,12851.49,3,5,5,4.333333333333333,355,Potential Loyalists,1606.43625,466,11038.07,1813.42
894,661,2,871.5,1,1,1,1.0,111,Lost,435.75,661,359.85,511.65
895,604,5,6177.16,2,4,4,3.3333333333333335,244,At Risk,1235.432,604,4727.21,1449.95
896,388,5,4356.45,5,4,3,4.0,543,Loyal Customers,871.29,388,2309.7,2046.75
897,599,1,1537.38,2,1,1,1.3333333333333333,211,Need Attention,1537.38,599,0.0,1537.38
898,457,10,11713.29,4,5,5,4.666666666666667,455,Champions,1171.3290000000002,457,6407.47,5305.82
899,477,6,13864.36,3,5,5,4.333333333333333,355,Potential Loyalists,2310.726666666667,477,489.31,13375.05
900,400,6,5006.45,5,5,3,4.333333333333333,553,Loyal Customers,834.4083333333333,400,637.7,4368.75
901,391,6,8118.0599999999995,5,5,5,5.0,555,Champions,1353.01,391,2636.4,5481.66
902,553,8,11693.26,2,5,5,4.0,255,At Risk,1461.6575,553,8931.51,2761.75
903,430,5,3784.4300000000003,4,4,3,3.6666666666666665,443,Loyal Customers,756.8860000000001,430,1633.38,2151.05
904,515,2,821.05,3,1,1,1.6666666666666667,311,Need Attention,410.525,515,347.39,473.66
905,475,3,1586.15,3,2,1,2.0,321,Need Attention,528.7166666666667,475,324.29,1261.86
906,383,5,2525.38,5,4,2,3.6666666666666665,542,Potential Loyalists,505.076,383,602.24,1923.14
907,473,4,9595.3,3,3,5,3.6666666666666665,335,Potential Loyalists,2398.825,473,8012.92,1582.38
908,487,6,8396.1,3,5,5,4.333333333333333,355,Potential Loyalists,1399.3500000000001,487,2569.91,5826.19
909,974,1,563.03,1,1,1,1.0,111,Lost,563.03,974,563.03,0.0
910,525,4,3351.41,3,3,3,3.0,333,Potential Loyalists,837.8525,525,2275.57,1075.84
911,469,3,8178.54,3,2,5,3.3333333333333335,325,Need Attention,2726.18,469,2202.72,5975.82
912,688,3,4382.8099999999995,1,2,3,2.0,123,Lost,1460.9366666666665,688,1560.83,2821.98
913,403,6,14438.439999999999,5,5,5,5.0,555,Champions,2406.4066666666663,403,13457.66,980.78
914,753,5,5859.14,1,4,4,3.0,144,At Risk,1171.828,753,5859.14,0.0
915,481,3,1987.21,3,2,1,2.0,321,Need Attention,662.4033333333333,481,551.41,1435.8
916,458,6,4469.8099999999995,4,5,3,4.0,453,Loyal Customers,744.9683333333332,458,2501.57,1968.24
917,622,7,6220.67,2,5,4,3.6666666666666665,254,At Risk,888.6671428571428,622,3229.87,2990.8
918,482,4,8840.2,3,3,5,3.6666666666666665,335,Potential Loyalists,2210.05,482,7821.72,1018.48
919,385,5,6354.95,5,4,4,4.333333333333333,544,Champions,1270.99,385,1131.61,5223.34
920,368,5,3974.0699999999997,5,4,3,4.0,543,Loyal Customers,794.814,368,2256.22,1717.85
921,429,7,10829.18,4,5,5,4.666666666666667,455,Champions,1547.0257142857142,429,1135.45,9693.73
922,553,7,11946.150000000001,2,5,5,4.0,255,At Risk,1706.5928571428574,553,8127.08,3819.07
923,544,4,3912.67,2,3,3,2.6666666666666665,233,Cant Lose Them,978.1675,544,516.03,3396.64
924,411,4,5900.54,4,3,4,3.6666666666666665,434,Loyal Customers,1475.135,411,4636.84,1263.7
925,366,6,10295.3,5,5,5,5.0,555,Champions,1715.8833333333332,366,6265.66,4029.64
926,676,4,3312.67,1,3,2,2.0,132,Cant Lose Them,828.1675,676,1791.37,1521.3
927,459,3,7794.360000000001,4,2,5,3.6666666666666665,425,Recent Customers,2598.1200000000003,459,2159.93,5634.43
928,935,4,3228.73,1,3,2,2.0,132,Cant Lose Them,807.1825,935,3228.73,0.0
929,372,3,2020.48,5,2,2,3.0,522,Recent Customers,673.4933333333333,372,1030.38,990.1
930,442,6,6596.3,4,5,4,4.333333333333333,454,Champions,1099.3833333333334,442,3613.03,2983.27
931,455,6,9500.38,4,5,5,4.666666666666667,455,Champions,1583.3966666666665,455,1833.69,7666.69
932,431,6,3601.2400000000002,4,5,3,4.0,453,Loyal Customers,600.2066666666667,431,1964.49,1636.75
933,456,3,6200.65,4,2,4,3.3333333333333335,424,Recent Customers,2066.883333333333,456,447.4,5753.25
934,521,3,6357.340000000001,3,2,4,3.0,324,Need Attention,2119.1133333333337,521,472.1,5885.24
935,430,3,3411.5199999999995,4,2,3,3.0,423,Recent Customers,1137.1733333333332,430,1173.82,2237.7
936,715,5,6210.1900000000005,1,4,4,3.0,144,At Risk,1242.038,715,5040.04,1170.15
937,590,4,5288.68,2,3,4,3.0,234,Cant Lose Them,1322.17,590,645.54,4643.14
938,414,10,9039.33,4,5,5,4.666666666666667,455,Champions,903.933,414,4182.41,4856.92
939,629,1,1175.85,2,1,1,1.3333333333333333,211,Need Attention,1175.85,629,0.0,1175.85
940,460,4,3670.08,4,3,3,3.3333333333333335,433,Loyal Customers,917.52,460,1196.73,2473.35
941,431,5,3743.28,4,4,3,3.6666666666666665,443,Loyal Customers,748.6560000000001,431,964.44,2778.84
942,507,6,12972.85,3,5,5,4.333333333333333,355,Potential Loyalists,2162.141666666667,507,5364.38,7608.47
943,480,6,11797.349999999999,3,5,5,4.333333333333333,355,Potential Loyalists,1966.2249999999997,480,6214.54,5582.81
944,413,10,16344.15,4,5,5,4.666666666666667,455,Champions,1634.415,413,6616.16,9727.99
945,518,2,2777.33,3,1,2,2.0,312,Need Attention,1388.665,518,2233.75,543.58
946,462,7,14232.66,4,5,5,4.666666666666667,455,Champions,2033.2371428571428,462,3564.2,10668.46
947,423,2,1483.56,4,1,1,2.0,411,Recent Customers,741.78,423,440.24,1043.32
948,368,12,10947.3,5,5,5,5.0,555,Champions,912.275,368,5806.98,5140.32
949,698,4,2267.77,1,3,2,2.0,132,Cant Lose Them,566.9425,698,1884.27,383.5
950,475,4,10678.89,3,3,5,3.6666666666666665,335,Potential Loyalists,2669.7225,475,4075.62,6603.27
951,416,4,4053.0299999999997,4,3,3,3.3333333333333335,433,Loyal Customers,1013.2574999999999,416,1312.83,2740.2
952,373,6,10774.69,5,5,5,5.0,555,Champions,1795.7816666666668,373,9356.34,1418.35
953,571,3,7558.5199999999995,2,2,4,2.6666666666666665,224,Need Attention,2519.5066666666667,571,6506.35,1052.17
954,392,8,6659.08,5,5,4,4.666666666666667,554,Champions,832.385,392,4103.01,2556.07
955,387,7,7748.74,5,5,4,4.666666666666667,554,Champions,1106.962857142857,387,1161.53,6587.21
956,923,2,1036.98,1,1,1,1.0,111,Lost,518.49,923,1036.98,0.0
957,644,2,2963.98,2,1,2,1.6666666666666667,212,Need Attention,1481.99,644,2603.29,360.69
958,572,2,1682.85,2,1,1,1.3333333333333333,211,Need Attention,841.425,572,451.35,1231.5
959,549,4,6426.139999999999,2,3,4,3.0,234,Cant Lose Them,1606.5349999999999,549,2865.08,3561.06
960,687,1,1883.3,1,1,1,1.0,111,Lost,1883.3,687,0.0,1883.3
961,643,4,5822.37,2,3,4,3.0,234,Cant Lose Them,1455.5925,643,4787.34,1035.03
962,396,6,13756.43,5,5,5,5.0,555,Champions,2292.7383333333332,396,7155.71,6600.72
963,413,5,5130.48,4,4,3,3.6666666666666665,443,Loyal Customers,1026.096,413,2584.05,2546.43
964,545,3,5556.45,2,2,4,2.6666666666666665,224,Need Attention,1852.1499999999999,545,2966.46,2589.99
965,407,10,6083.31,5,5,4,4.666666666666667,554,Champions,608.331,407,3677.61,2405.7
966,452,6,3342.45,4,5,2,3.6666666666666665,452,Potential Loyalists,557.0749999999999,452,2893.44,449.01
967,832,3,3503.66,1,2,3,2.0,123,Lost,1167.8866666666665,832,3503.66,0.0
968,366,4,5193.97,5,3,4,4.0,534,Loyal Customers,1298.4925,366,547.16,4646.81
969,430,7,3928.36,4,5,3,4.0,453,Loyal Customers,561.1942857142857,430,1022.73,2905.63
970,430,3,1865.0700000000002,4,2,1,2.3333333333333335,421,Recent Customers,621.69,430,531.98,1333.09
971,423,3,6943.64,4,2,4,3.3333333333333335,424,Recent Customers,2314.5466666666666,423,3681.36,3262.28
972,404,5,3893.51,5,4,3,4.0,543,Loyal Customers,778.702,404,1055.89,2837.62
973,446,6,6405.76,4,5,4,4.333333333333333,454,Champions,1067.6266666666668,446,1723.98,4681.78
974,518,3,2858.43,3,2,2,2.3333333333333335,322,Need Attention,952.81,518,919.92,1938.51
975,507,8,10278.7,3,5,5,4.333333333333333,355,Potential Loyalists,1284.8375,507,7833.56,2445.14
976,482,8,6554.43,3,5,4,4.0,354,Potential Loyalists,819.30375,482,833.88,5720.55
977,513,4,5617.22,3,3,4,3.3333333333333335,334,Potential Loyalists,1404.305,513,529.44,5087.78
978,471,6,5252.63,3,5,4,4.0,354,Potential Loyalists,875.4383333333334,471,905.45,4347.18
979,530,2,1413.3600000000001,2,1,1,1.3333333333333333,211,Need Attention,706.6800000000001,530,0.0,1413.36
980,526,2,4658.37,3,1,3,2.3333333333333335,313,Need Attention,2329.185,526,4064.56,593.81
981,642,3,2569.65,2,2,2,2.0,222,Need Attention,856.5500000000001,642,1270.01,1299.64
982,383,8,10356.95,5,5,5,5.0,555,Champions,1294.61875,383,4566.67,5790.28
983,732,4,2492.14,1,3,2,2.0,132,Cant Lose Them,623.035,732,2492.14,0.0
984,761,5,3470.5,1,4,3,2.6666666666666665,143,At Risk,694.1,761,3470.5,0.0
985,470,5,5499.33,3,4,4,3.6666666666666665,344,Potential Loyalists,1099.866,470,1124.2,4375.13
986,381,7,8566.31,5,5,5,5.0,555,Champions,1223.7585714285713,381,1975.62,6590.69
987,667,4,1939.4099999999999,1,3,1,1.6666666666666667,131,Cant Lose Them,484.85249999999996,667,1054.54,884.87
988,641,4,2883.67,2,3,2,2.3333333333333335,232,Cant Lose Them,720.9175,641,1624.79,1258.88
989,649,4,2346.79,2,3,2,2.3333333333333335,232,Cant Lose Them,586.6975,649,1741.88,604.91
990,387,6,3582.65,5,5,3,4.333333333333333,553,Loyal Customers,597.1083333333333,387,2034.8,1547.85
991,533,2,2117.68,2,1,2,1.6666666666666667,212,Need Attention,1058.84,533,352.2,1765.48
992,403,3,6907.09,5,2,4,3.6666666666666665,524,Recent Customers,2302.3633333333332,403,5211.28,1695.81
993,832,2,3072.74,1,1,2,1.3333333333333333,112,Lost,1536.37,832,3072.74,0.0
994,498,5,7854.48,3,4,5,4.0,345,Potential Loyalists,1570.896,498,1190.26,6664.22
995,504,2,1274.38,3,1,1,1.6666666666666667,311,Need Attention,637.19,504,0.0,1274.38
996,618,1,1025.01,2,1,1,1.3333333333333333,211,Need Attention,1025.01,618,0.0,1025.01
997,373,6,6298.91,5,5,4,4.666666666666667,554,Champions,1049.8183333333334,373,3564.65,2734.26
998,469,1,666.53,3,1,1,1.6666666666666667,311,Need Attention,666.53,469,0.0,666.53
999,688,5,7810.05,1,4,5,3.3333333333333335,145,At Risk,1562.01,688,6679.92,1130.13
1000,811,5,3012.79,1,4,2,2.3333333333333335,142,At Risk,602.558,811,3012.79,0.0
1001,457,4,8092.1900000000005,4,3,5,4.0,435,Loyal Customers,2023.0475000000001,457,6400.28,1691.91
1002,647,2,1252.9,2,1,1,1.3333333333333333,211,Need Attention,626.45,647,699.88,553.02
1003,519,2,878.76,3,1,1,1.6666666666666667,311,Need Attention,439.38,519,381.9,496.86
1004,418,6,4708.63,4,5,3,4.0,453,Loyal Customers,784.7716666666666,418,2032.65,2675.98
1005,582,4,4030.7700000000004,2,3,3,2.6666666666666665,233,Cant Lose Them,1007.6925000000001,582,959.15,3071.62
1006,429,3,3307.2799999999997,4,2,2,2.6666666666666665,422,Recent Customers,1102.4266666666665,429,537.24,2770.04
1007,500,2,1448.65,3,1,1,1.6666666666666667,311,Need Attention,724.325,500,564.76,883.89
1008,385,5,6058.62,5,4,4,4.333333333333333,544,Champions,1211.724,385,4878.64,1179.98
1009,906,2,3919.7700000000004,1,1,3,1.6666666666666667,113,Lost,1959.8850000000002,906,3919.77,0.0
1010,404,3,2493.05,5,2,2,3.0,522,Recent Customers,831.0166666666668,404,696.36,1796.69
1011,507,2,6847.4,3,1,4,2.6666666666666665,314,Need Attention,3423.7,507,932.27,5915.13
1012,485,3,5725.929999999999,3,2,4,3.0,324,Need Attention,1908.6433333333332,485,5312.28,413.65
1013,574,4,2183.46,2,3,2,2.3333333333333335,232,Cant Lose Them,545.865,574,1387.97,795.49
1014,746,7,15653.68,1,5,5,3.6666666666666665,155,At Risk,2236.2400000000002,746,15653.68,0.0
1015,501,3,7073.41,3,2,4,3.0,324,Need Attention,2357.8033333333333,501,3815.45,3257.96
1016,688,5,4505.82,1,4,3,2.6666666666666665,143,At Risk,901.164,688,4125.62,380.2
1017,394,4,3147.62,5,3,2,3.3333333333333335,532,Potential Loyalists,786.905,394,516.18,2631.44
1018,395,3,2056.08,5,2,2,3.0,522,Recent Customers,685.36,395,957.26,1098.82
1019,467,5,5871.42,3,4,4,3.6666666666666665,344,Potential Loyalists,1174.284,467,538.11,5333.31
1020,804,4,3807.37,1,3,3,2.3333333333333335,133,Cant Lose Them,951.8425,804,3807.37,0.0
1021,408,3,1658.45,5,2,1,2.6666666666666665,521,Recent Customers,552.8166666666667,408,536.7,1121.75
1022,478,8,9282.06,3,5,5,4.333333333333333,355,Potential Loyalists,1160.2575,478,3321.96,5960.1
1023,494,4,5596.27,3,3,4,3.3333333333333335,334,Potential Loyalists,1399.0675,494,499.82,5096.45
1024,497,3,1718.56,3,2,1,2.0,321,Need Attention,572.8533333333334,497,0.0,1718.56
1025,524,6,3555.97,3,5,3,3.6666666666666665,353,Potential Loyalists,592.6616666666666,524,2442.17,1113.8
1027,459,7,7517.4400000000005,4,5,4,4.333333333333333,454,Champions,1073.92,459,1717.95,5799.49
1028,463,3,8587.59,3,2,5,3.3333333333333335,325,Need Attention,2862.53,463,5654.68,2932.91
1029,628,4,8869.69,2,3,5,3.3333333333333335,235,Cant Lose Them,2217.4225,628,7640.65,1229.04
1030,466,4,2669.66,3,3,2,2.6666666666666665,332,Potential Loyalists,667.415,466,521.47,2148.19
1031,392,5,8007.75,5,4,5,4.666666666666667,545,Champions,1601.55,392,4101.86,3905.89
1032,755,4,3837.81,1,3,3,2.3333333333333335,133,Cant Lose Them,959.4525,755,3837.81,0.0
1033,652,1,487.54,1,1,1,1.0,111,Lost,487.54,652,0.0,487.54
1034,461,3,4962.32,4,2,3,3.0,423,Recent Customers,1654.1066666666666,461,3591.72,1370.6
1035,572,4,5063.860000000001,2,3,3,2.6666666666666665,233,Cant Lose Them,1265.9650000000001,572,4001.73,1062.13
1036,402,7,16955.35,5,5,5,5.0,555,Champions,2422.192857142857,402,10449.01,6506.34
1037,1060,1,370.39,1,1,1,1.0,111,Lost,370.39,1060,370.39,0.0
1038,463,5,7309.41,3,4,4,3.6666666666666665,344,Potential Loyalists,1461.882,463,1817.9,5491.51
1039,870,4,8392.82,1,3,5,3.0,135,Cant Lose Them,2098.205,870,8392.82,0.0
1040,368,2,1180.21,5,1,1,2.3333333333333335,511,Recent Customers,590.105,368,649.38,530.83
1041,457,5,4216.4,4,4,3,3.6666666666666665,443,Loyal Customers,843.28,457,1779.39,2437.01
1042,402,6,10713.93,5,5,5,5.0,555,Champions,1785.655,402,2566.09,8147.84
1043,468,4,3273.77,3,3,2,2.6666666666666665,332,Potential Loyalists,818.4425,468,775.61,2498.16
1044,423,4,3006.58,4,3,2,3.0,432,Potential Loyalists,751.645,423,1420.69,1585.89
1045,436,4,2421.54,4,3,2,3.0,432,Potential Loyalists,605.385,436,1338.63,1082.91
1046,516,3,3200.59,3,2,2,2.3333333333333335,322,Need Attention,1066.8633333333335,516,1934.72,1265.87
1047,387,3,2218.85,5,2,2,3.0,522,Recent Customers,739.6166666666667,387,443.33,1775.52
1048,373,3,4684.820000000001,5,2,3,3.3333333333333335,523,Recent Customers,1561.6066666666668,373,0.0,4684.82
1049,568,3,1549.92,2,2,1,1.6666666666666667,221,Need Attention,516.64,568,0.0,1549.92
1050,715,4,2821.13,1,3,2,2.0,132,Cant Lose Them,705.2825,715,2084.51,736.62
1051,391,5,8508.28,5,4,5,4.666666666666667,545,Champions,1701.6560000000002,391,770.09,7738.19
1052,476,6,6109.48,3,5,4,4.0,354,Potential Loyalists,1018.2466666666666,476,3800.07,2309.41
1053,413,5,7402.34,4,4,4,4.0,444,Champions,1480.468,413,1523.78,5878.56
1054,393,5,4584.1900000000005,5,4,3,4.0,543,Loyal Customers,916.8380000000001,393,3644.0,940.19
1055,640,2,2944.87,2,1,2,1.6666666666666667,212,Need Attention,1472.435,640,2264.77,680.1
1056,475,4,4909.64,3,3,3,3.0,333,Potential Loyalists,1227.41,475,3571.93,1337.71
1057,450,6,7334.39,4,5,4,4.333333333333333,454,Champions,1222.3983333333333,450,6508.66,825.73
1058,514,5,10086.39,3,4,5,4.0,345,Potential Loyalists,2017.2779999999998,514,3237.26,6849.13
1059,466,3,3853.7300000000005,3,2,3,2.6666666666666665,323,Need Attention,1284.5766666666668,466,3079.66,774.07
1060,633,4,3528.13,2,3,3,2.6666666666666665,233,Cant Lose Them,882.0325,633,1715.48,1812.65
1061,442,6,6445.36,4,5,4,4.333333333333333,454,Champions,1074.2266666666667,442,6188.34,257.02
1062,524,8,13433.08,3,5,5,4.333333333333333,355,Potential Loyalists,1679.135,524,7422.09,6010.99
1063,638,4,4865.3,2,3,3,2.6666666666666665,233,Cant Lose Them,1216.325,638,4216.85,648.45
1064,794,2,972.2,1,1,1,1.0,111,Lost,486.1,794,972.2,0.0
1065,651,1,655.18,1,1,1,1.0,111,Lost,655.18,651,0.0,655.18
1066,420,6,3411.77,4,5,3,4.0,453,Loyal Customers,568.6283333333333,420,3021.41,390.36
1067,449,3,2534.46,4,2,2,2.6666666666666665,422,Recent Customers,844.82,449,2001.27,533.19
1068,577,5,2868.94,2,4,2,2.6666666666666665,242,At Risk,573.788,577,2093.98,774.96
1069,452,3,1997.9099999999999,4,2,1,2.3333333333333335,421,Recent Customers,665.9699999999999,452,482.28,1515.63
1070,444,2,2242.52,4,1,2,2.3333333333333335,412,Recent Customers,1121.26,444,0.0,2242.52
1071,422,2,900.19,4,1,1,2.0,411,Recent Customers,450.095,422,0.0,900.19
1072,828,2,1236.58,1,1,1,1.0,111,Lost,618.29,828,1236.58,0.0
1073,529,8,11708.1,3,5,5,4.333333333333333,355,Potential Loyalists,1463.5125,529,6570.55,5137.55
1074,512,4,2294.06,3,3,2,2.6666666666666665,332,Potential Loyalists,573.515,512,1517.65,776.41
1075,601,3,1400.01,2,2,1,1.6666666666666667,221,Need Attention,466.67,601,774.12,625.89
1076,456,5,3654.1400000000003,4,4,3,3.6666666666666665,443,Loyal Customers,730.8280000000001,456,1747.0,1907.14
1077,600,5,2899.47,2,4,2,2.6666666666666665,242,At Risk,579.894,600,2380.41,519.06
1078,398,2,5705.38,5,1,4,3.3333333333333335,514,Recent Customers,2852.69,398,1028.64,4676.74
1079,452,4,8651.720000000001,4,3,5,4.0,435,Loyal Customers,2162.9300000000003,452,822.42,7829.3
1080,709,2,3181.8,1,1,2,1.3333333333333333,112,Lost,1590.9,709,2073.52,1108.28
1081,399,8,15901.8,5,5,5,5.0,555,Champions,1987.725,399,12631.98,3269.82
1082,707,2,6623.64,1,1,4,2.0,114,Lost,3311.82,707,0.0,6623.64
1083,389,5,5528.1,5,4,4,4.333333333333333,544,Champions,1105.6200000000001,389,3797.71,1730.39
1084,437,4,3175.83,4,3,2,3.0,432,Potential Loyalists,793.9575,437,1397.31,1778.52
1085,534,4,2944.23,2,3,2,2.3333333333333335,232,Cant Lose Them,736.0575,534,2572.72,371.51
1087,528,3,1628.29,3,2,1,2.0,321,Need Attention,542.7633333333333,528,1029.58,598.71
1088,436,2,2493.8,4,1,2,2.3333333333333335,412,Recent Customers,1246.9,436,573.92,1919.88
1089,580,2,2509.02,2,1,2,1.6666666666666667,212,Need Attention,1254.51,580,596.09,1912.93
1090,423,6,7805.16,4,5,5,4.666666666666667,455,Champions,1300.86,423,4627.24,3177.92
1091,427,3,1395.1499999999999,4,2,1,2.3333333333333335,421,Recent Customers,465.04999999999995,427,382.34,1012.81
1092,767,5,5439.610000000001,1,4,4,3.0,144,At Risk,1087.922,767,5439.61,0.0
1093,1049,1,384.81,1,1,1,1.0,111,Lost,384.81,1049,384.81,0.0
1094,391,2,991.28,5,1,1,2.3333333333333335,511,Recent Customers,495.64,391,425.6,565.68
1095,396,3,3155.12,5,2,2,3.0,522,Recent Customers,1051.7066666666667,396,2668.07,487.05
1096,451,9,12253.02,4,5,5,4.666666666666667,455,Champions,1361.4466666666667,451,8717.98,3535.04
1097,532,3,4208.57,2,2,3,2.3333333333333335,223,Need Attention,1402.8566666666666,532,3090.87,1117.7
1098,525,3,3013.2799999999997,3,2,2,2.3333333333333335,322,Need Attention,1004.4266666666666,525,1801.67,1211.61
1099,372,3,4455.42,5,2,3,3.3333333333333335,523,Recent Customers,1485.14,372,2761.56,1693.86
1100,493,5,9271.82,3,4,5,4.0,345,Potential Loyalists,1854.364,493,7646.58,1625.24
1101,539,8,5493.0,2,5,4,3.6666666666666665,254,At Risk,686.625,539,4393.32,1099.68
1102,624,6,6277.88,2,5,4,3.6666666666666665,254,At Risk,1046.3133333333333,624,2867.12,3410.76
1103,781,4,5077.89,1,3,3,2.3333333333333335,133,Cant Lose Them,1269.4725,781,5077.89,0.0
1104,573,5,10665.689999999999,2,4,5,3.6666666666666665,245,At Risk,2133.138,573,7747.07,2918.62
1105,508,3,5140.78,3,2,3,2.6666666666666665,323,Need Attention,1713.5933333333332,508,4340.45,800.33
1106,428,3,1659.97,4,2,1,2.3333333333333335,421,Recent Customers,553.3233333333334,428,645.56,1014.41
1107,871,3,7272.849999999999,1,2,4,2.3333333333333335,124,Lost,2424.2833333333333,871,7272.85,0.0
1108,644,2,931.3499999999999,2,1,1,1.3333333333333333,211,Need Attention,465.67499999999995,644,477.51,453.84
1109,478,3,1944.81,3,2,1,2.0,321,Need Attention,648.27,478,1097.83,846.98
1110,518,7,10657.33,3,5,5,4.333333333333333,355,Potential Loyalists,1522.4757142857143,518,7434.76,3222.57
1111,445,4,13303.769999999999,4,3,5,4.0,435,Loyal Customers,3325.9424999999997,445,9648.13,3655.64
1112,481,6,5248.25,3,5,4,4.0,354,Potential Loyalists,874.7083333333334,481,0.0,5248.25
1113,495,7,4827.719999999999,3,5,3,3.6666666666666665,353,Potential Loyalists,689.6742857142856,495,3203.1,1624.62
1114,403,6,11119.39,5,5,5,5.0,555,Champions,1853.2316666666666,403,5728.77,5390.62
1115,391,3,3918.09,5,2,3,3.3333333333333335,523,Recent Customers,1306.03,391,0.0,3918.09
1117,591,4,4954.469999999999,2,3,3,2.6666666666666665,233,Cant Lose Them,1238.6174999999998,591,3092.63,1861.84
1118,723,3,2509.13,1,2,2,1.6666666666666667,122,Lost,836.3766666666667,723,1322.06,1187.07
1119,745,1,545.24,1,1,1,1.0,111,Lost,545.24,745,545.24,0.0
1120,403,5,4527.66,5,4,3,4.0,543,Loyal Customers,905.5319999999999,403,2906.69,1620.97
1121,431,4,2834.9700000000003,4,3,2,3.0,432,Potential Loyalists,708.7425000000001,431,1659.64,1175.33
1122,491,6,9830.869999999999,3,5,5,4.333333333333333,355,Potential Loyalists,1638.4783333333332,491,8076.34,1754.53
1123,557,2,694.0,2,1,1,1.3333333333333333,211,Need Attention,347.0,557,325.9,368.1
1124,693,1,395.97,1,1,1,1.0,111,Lost,395.97,693,0.0,395.97
1125,852,4,6894.82,1,3,4,2.6666666666666665,134,Cant Lose Them,1723.705,852,6894.82,0.0
1126,559,3,2997.77,2,2,2,2.0,222,Need Attention,999.2566666666667,559,1526.04,1471.73
1127,382,6,7742.929999999999,5,5,4,4.666666666666667,554,Champions,1290.4883333333332,382,1212.28,6530.65
1128,466,5,8348.5,3,4,5,4.0,345,Potential Loyalists,1669.7,466,1412.01,6936.49
1129,421,7,9314.74,4,5,5,4.666666666666667,455,Champions,1330.6771428571428,421,6111.35,3203.39
1130,426,6,8705.380000000001,4,5,5,4.666666666666667,455,Champions,1450.8966666666668,426,6663.49,2041.89
1131,438,5,7198.900000000001,4,4,4,4.0,444,Champions,1439.7800000000002,438,4761.03,2437.87
1132,428,5,9483.09,4,4,5,4.333333333333333,445,Champions,1896.618,428,6630.84,2852.25
1133,390,1,585.75,5,1,1,2.3333333333333335,511,Recent Customers,585.75,390,0.0,585.75
1134,445,2,1378.08,4,1,1,2.0,411,Recent Customers,689.04,445,469.07,909.01
1135,744,3,3773.7200000000003,1,2,3,2.0,123,Lost,1257.9066666666668,744,3773.72,0.0
1136,414,5,4312.89,4,4,3,3.6666666666666665,443,Loyal Customers,862.5780000000001,414,956.45,3356.44
1137,718,2,2820.6,1,1,2,1.3333333333333333,112,Lost,1410.3,718,2219.23,601.37
1138,488,6,6638.4400000000005,3,5,4,4.0,354,Potential Loyalists,1106.4066666666668,488,1147.72,5490.72
1139,620,6,3839.25,2,5,3,3.3333333333333335,253,At Risk,639.875,620,2331.42,1507.83
1140,934,1,495.23,1,1,1,1.0,111,Lost,495.23,934,495.23,0.0
1141,384,5,5600.76,5,4,4,4.333333333333333,544,Champions,1120.152,384,3679.12,1921.64
1142,372,5,8612.51,5,4,5,4.666666666666667,545,Champions,1722.502,372,0.0,8612.51
1143,490,6,4545.7,3,5,3,3.6666666666666665,353,Potential Loyalists,757.6166666666667,490,3296.87,1248.83
1144,466,6,6264.27,3,5,4,4.0,354,Potential Loyalists,1044.045,466,1621.98,4642.29
1145,634,5,6064.88,2,4,4,3.3333333333333335,244,At Risk,1212.976,634,4095.35,1969.53
1146,549,2,5218.25,2,1,4,2.3333333333333335,214,Need Attention,2609.125,549,413.85,4804.4
1147,377,5,4832.6900000000005,5,4,3,4.0,543,Loyal Customers,966.5380000000001,377,1446.37,3386.32
1148,740,3,3818.47,1,2,3,2.0,123,Lost,1272.8233333333333,740,3818.47,0.0
1149,423,6,4690.3099999999995,4,5,3,4.0,453,Loyal Customers,781.7183333333332,423,3035.13,1655.18
1150,389,6,8690.19,5,5,5,5.0,555,Champions,1448.365,389,1701.75,6988.44
1151,687,3,2517.44,1,2,2,1.6666666666666667,122,Lost,839.1466666666666,687,2049.72,467.72
1152,379,7,10619.89,5,5,5,5.0,555,Champions,1517.1271428571429,379,5505.53,5114.36
1153,462,6,6819.68,4,5,4,4.333333333333333,454,Champions,1136.6133333333335,462,2471.32,4348.36
1154,409,6,8720.31,4,5,5,4.666666666666667,455,Champions,1453.385,409,464.14,8256.17
1155,368,7,7902.09,5,5,5,5.0,555,Champions,1128.8700000000001,368,2402.35,5499.74
1156,598,4,1902.7,2,3,1,2.0,231,Cant Lose Them,475.675,598,1032.67,870.03
1157,458,3,1576.92,4,2,1,2.3333333333333335,421,Recent Customers,525.64,458,609.26,967.66
1158,406,3,11377.369999999999,5,2,5,4.0,525,Recent Customers,3792.4566666666665,406,6201.39,5175.98
1159,574,3,2735.25,2,2,2,2.0,222,Need Attention,911.75,574,1600.49,1134.76
1160,461,3,6764.83,4,2,4,3.3333333333333335,424,Recent Customers,2254.943333333333,461,1001.89,5762.94
1161,506,9,26685.8,3,5,5,4.333333333333333,355,Potential Loyalists,2965.088888888889,506,19619.15,7066.65
1162,479,5,8602.97,3,4,5,4.0,345,Potential Loyalists,1720.5939999999998,479,3394.07,5208.9
1163,398,5,2407.4,5,4,2,3.6666666666666665,542,Potential Loyalists,481.48,398,1773.86,633.54
1164,630,1,1009.3,2,1,1,1.3333333333333333,211,Need Attention,1009.3,630,0.0,1009.3
1165,722,3,2134.35,1,2,2,1.6666666666666667,122,Lost,711.4499999999999,722,1729.8,404.55
1166,484,5,8998.02,3,4,5,4.0,345,Potential Loyalists,1799.604,484,6230.16,2767.86
1167,699,1,506.38,1,1,1,1.0,111,Lost,506.38,699,0.0,506.38
1168,385,3,2624.9,5,2,2,3.0,522,Recent Customers,874.9666666666667,385,0.0,2624.9
1169,557,6,8471.82,2,5,5,4.0,255,At Risk,1411.97,557,1377.16,7094.66
1170,421,5,4477.209999999999,4,4,3,3.6666666666666665,443,Loyal Customers,895.4419999999998,421,615.14,3862.07
1171,495,4,2956.6899999999996,3,3,2,2.6666666666666665,332,Potential Loyalists,739.1724999999999,495,552.61,2404.08
1172,709,2,1610.81,1,1,1,1.0,111,Lost,805.405,709,539.26,1071.55
1173,467,7,6858.53,3,5,4,4.0,354,Potential Loyalists,979.79,467,2946.34,3912.19
1174,888,1,390.16,1,1,1,1.0,111,Lost,390.16,888,390.16,0.0
1175,471,2,1079.5700000000002,3,1,1,1.6666666666666667,311,Need Attention,539.7850000000001,471,558.47,521.1
1176,704,1,584.66,1,1,1,1.0,111,Lost,584.66,704,0.0,584.66
1177,385,2,5912.32,5,1,4,3.3333333333333335,514,Recent Customers,2956.16,385,704.71,5207.61
1178,480,6,5160.58,3,5,4,4.0,354,Potential Loyalists,860.0966666666667,480,492.31,4668.27
1179,439,2,995.7900000000001,4,1,1,2.0,411,Recent Customers,497.89500000000004,439,0.0,995.79
1180,428,2,780.94,4,1,1,2.0,411,Recent Customers,390.47,428,410.03,370.91
1181,430,7,5256.74,4,5,4,4.333333333333333,454,Champions,750.9628571428572,430,2031.83,3224.91
1182,796,5,5075.99,1,4,3,2.6666666666666665,143,At Risk,1015.198,796,5075.99,0.0
1183,602,3,1567.03,2,2,1,1.6666666666666667,221,Need Attention,522.3433333333334,602,586.26,980.77
1184,604,1,462.85,2,1,1,1.3333333333333333,211,Need Attention,462.85,604,0.0,462.85
1185,636,1,894.97,2,1,1,1.3333333333333333,211,Need Attention,894.97,636,0.0,894.97
1186,716,4,7040.459999999999,1,3,4,2.6666666666666665,134,Cant Lose Them,1760.1149999999998,716,2555.85,4484.61
1187,1056,1,5985.93,1,1,4,2.0,114,Lost,5985.93,1056,5985.93,0.0
1188,719,6,3680.7200000000003,1,5,3,3.0,153,At Risk,613.4533333333334,719,2746.46,934.26
1189,376,4,8461.03,5,3,5,4.333333333333333,535,Loyal Customers,2115.2575,376,653.25,7807.78
1190,499,3,3611.05,3,2,3,2.6666666666666665,323,Need Attention,1203.6833333333334,499,2022.32,1588.73
1191,366,4,7405.86,5,3,4,4.0,534,Loyal Customers,1851.465,366,2800.56,4605.3
1192,651,5,3537.41,1,4,3,2.6666666666666665,143,At Risk,707.482,651,2366.2,1171.21
1193,468,3,1516.7399999999998,3,2,1,2.0,321,Need Attention,505.5799999999999,468,443.58,1073.16
1194,763,2,5971.85,1,1,4,2.0,114,Lost,2985.925,763,5971.85,0.0
1195,476,4,2650.91,3,3,2,2.6666666666666665,332,Potential Loyalists,662.7275,476,599.4,2051.51
1196,713,5,14930.34,1,4,5,3.3333333333333335,145,At Risk,2986.068,713,13837.03,1093.31
1197,585,3,5893.67,2,2,4,2.6666666666666665,224,Need Attention,1964.5566666666666,585,5371.8,521.87
1198,520,2,2713.37,3,1,2,2.0,312,Need Attention,1356.685,520,504.88,2208.49
1199,635,3,4493.1900000000005,2,2,3,2.3333333333333335,223,Need Attention,1497.7300000000002,635,1832.43,2660.76
1200,389,4,3702.5299999999997,5,3,3,3.6666666666666665,533,Loyal Customers,925.6324999999999,389,994.72,2707.81
1201,623,2,985.64,2,1,1,1.3333333333333333,211,Need Attention,492.82,623,636.77,348.87
1202,540,5,2000.01,2,4,1,2.3333333333333335,241,At Risk,400.002,540,334.03,1665.98
1203,616,3,2919.73,2,2,2,2.0,222,Need Attention,973.2433333333333,616,475.73,2444.0
1204,382,7,13783.68,5,5,5,5.0,555,Champions,1969.097142857143,382,3354.94,10428.74
1205,563,3,7130.4400000000005,2,2,4,2.6666666666666665,224,Need Attention,2376.8133333333335,563,6649.2,481.24
1206,432,9,10555.18,4,5,5,4.666666666666667,455,Champions,1172.7977777777778,432,5254.61,5300.57
1207,697,2,984.45,1,1,1,1.0,111,Lost,492.225,697,606.2,378.25
1208,601,6,6840.34,2,5,4,3.6666666666666665,254,At Risk,1140.0566666666666,601,5182.86,1657.48
1209,440,5,5379.58,4,4,4,4.0,444,Champions,1075.916,440,4364.27,1015.31
1210,830,3,5495.719999999999,1,2,4,2.3333333333333335,124,Lost,1831.9066666666665,830,5495.72,0.0
1211,380,3,2236.32,5,2,2,3.0,522,Recent Customers,745.44,380,0.0,2236.32
1212,416,7,7952.459999999999,4,5,5,4.666666666666667,455,Champions,1136.0657142857142,416,5734.69,2217.77
1213,790,2,1291.49,1,1,1,1.0,111,Lost,645.745,790,1291.49,0.0
1214,643,2,777.99,2,1,1,1.3333333333333333,211,Need Attention,388.995,643,0.0,777.99
1215,606,8,5729.52,2,5,4,3.6666666666666665,254,At Risk,716.19,606,3348.79,2380.73
1216,470,5,5254.8,3,4,4,3.6666666666666665,344,Potential Loyalists,1050.96,470,4801.55,453.25
1217,469,1,599.47,3,1,1,1.6666666666666667,311,Need Attention,599.47,469,0.0,599.47
1218,704,5,4001.35,1,4,3,2.6666666666666665,143,At Risk,800.27,704,2970.5,1030.85
1219,429,4,2514.42,4,3,2,3.0,432,Potential Loyalists,628.605,429,1184.91,1329.51
1220,847,2,4437.33,1,1,3,1.6666666666666667,113,Lost,2218.665,847,4437.33,0.0
1221,378,5,3588.63,5,4,3,4.0,543,Loyal Customers,717.726,378,1154.05,2434.58
1222,796,2,3968.2,1,1,3,1.6666666666666667,113,Lost,1984.1,796,3968.2,0.0
1223,570,2,1025.59,2,1,1,1.3333333333333333,211,Need Attention,512.795,570,0.0,1025.59
1224,469,5,10229.67,3,4,5,4.0,345,Potential Loyalists,2045.934,469,1294.81,8934.86
1225,770,5,13518.92,1,4,5,3.3333333333333335,145,At Risk,2703.784,770,13518.92,0.0
1226,911,4,3364.5299999999997,1,3,3,2.3333333333333335,133,Cant Lose Them,841.1324999999999,911,3364.53,0.0
1227,379,5,6263.54,5,4,4,4.333333333333333,544,Champions,1252.708,379,2175.25,4088.29
1228,485,2,2310.4500000000003,3,1,2,2.0,312,Need Attention,1155.2250000000001,485,1812.91,497.54
1229,399,2,3116.22,5,1,2,2.6666666666666665,512,Recent Customers,1558.11,399,529.35,2586.87
1230,686,2,1492.4899999999998,1,1,1,1.0,111,Lost,746.2449999999999,686,532.93,959.56
1231,399,5,4695.63,5,4,3,4.0,543,Loyal Customers,939.126,399,2557.32,2138.31
1232,544,3,2778.1800000000003,2,2,2,2.0,222,Need Attention,926.0600000000001,544,1217.73,1560.45
1233,369,5,7013.63,5,4,4,4.333333333333333,544,Champions,1402.726,369,5367.14,1646.49
1234,634,3,2934.4700000000003,2,2,2,2.0,222,Need Attention,978.1566666666668,634,655.76,2278.71
1235,705,1,1569.34,1,1,1,1.0,111,Lost,1569.34,705,0.0,1569.34
1236,458,8,6445.95,4,5,4,4.333333333333333,454,Champions,805.74375,458,2051.63,4394.32
1237,373,5,7962.97,5,4,5,4.666666666666667,545,Champions,1592.594,373,6442.6,1520.37
1238,645,2,1691.94,2,1,1,1.3333333333333333,211,Need Attention,845.97,645,452.68,1239.26
1239,667,4,1982.08,1,3,1,1.6666666666666667,131,Cant Lose Them,495.52,667,1439.25,542.83
1240,493,4,6860.33,3,3,4,3.3333333333333335,334,Potential Loyalists,1715.0825,493,1319.92,5540.41
1241,415,3,7424.7,4,2,4,3.3333333333333335,424,Recent Customers,2474.9,415,6910.14,514.56
1242,580,4,7057.35,2,3,4,3.0,234,Cant Lose Them,1764.3375,580,2100.05,4957.3
1243,377,9,8595.779999999999,5,5,5,5.0,555,Champions,955.0866666666666,377,5490.41,3105.37
1244,412,6,5572.51,4,5,4,4.333333333333333,454,Champions,928.7516666666667,412,511.22,5061.29
1245,430,9,9511.44,4,5,5,4.666666666666667,455,Champions,1056.8266666666668,430,609.85,8901.59
1246,815,4,2278.65,1,3,2,2.0,132,Cant Lose Them,569.6625,815,2278.65,0.0
1247,462,4,4133.36,4,3,3,3.3333333333333335,433,Loyal Customers,1033.34,462,3152.63,980.73
1248,944,1,412.54,1,1,1,1.0,111,Lost,412.54,944,412.54,0.0
1249,516,3,5547.24,3,2,4,3.0,324,Need Attention,1849.08,516,4298.66,1248.58
1250,500,5,3192.8900000000003,3,4,2,3.0,342,Potential Loyalists,638.5780000000001,500,1892.21,1300.68
1251,433,4,4668.52,4,3,3,3.3333333333333335,433,Loyal Customers,1167.13,433,1925.69,2742.83
1252,456,6,4614.44,4,5,3,4.0,453,Loyal Customers,769.0733333333333,456,1486.83,3127.61
1253,465,5,5005.82,3,4,3,3.3333333333333335,343,Potential Loyalists,1001.164,465,4361.21,644.61
1254,367,3,4840.22,5,2,3,3.3333333333333335,523,Recent Customers,1613.4066666666668,367,552.62,4287.6
1255,893,3,3456.81,1,2,3,2.0,123,Lost,1152.27,893,3456.81,0.0
1256,433,7,11168.28,4,5,5,4.666666666666667,455,Champions,1595.4685714285715,433,1069.85,10098.43
1257,404,7,15538.800000000001,5,5,5,5.0,555,Champions,2219.8285714285716,404,9294.2,6244.6
1258,412,6,6753.530000000001,4,5,4,4.333333333333333,454,Champions,1125.5883333333334,412,5852.68,900.85
1259,766,2,935.38,1,1,1,1.0,111,Lost,467.69,766,935.38,0.0
1260,641,2,4278.04,2,1,3,2.0,213,Need Attention,2139.02,641,2611.57,1666.47
1261,397,5,4925.21,5,4,3,4.0,543,Loyal Customers,985.042,397,3962.32,962.89
1262,512,3,2040.05,3,2,2,2.3333333333333335,322,Need Attention,680.0166666666667,512,842.49,1197.56
1263,941,1,1179.07,1,1,1,1.0,111,Lost,1179.07,941,1179.07,0.0
1264,488,5,8621.36,3,4,5,4.0,345,Potential Loyalists,1724.2720000000002,488,6987.58,1633.78
1265,507,2,1379.52,3,1,1,1.6666666666666667,311,Need Attention,689.76,507,742.98,636.54
1266,699,7,8704.62,1,5,5,3.6666666666666665,155,At Risk,1243.517142857143,699,7851.34,853.28
1267,498,5,7172.72,3,4,4,3.6666666666666665,344,Potential Loyalists,1434.544,498,1135.59,6037.13
1268,370,5,2701.51,5,4,2,3.6666666666666665,542,Potential Loyalists,540.302,370,439.22,2262.29
1269,760,5,8794.18,1,4,5,3.3333333333333335,145,At Risk,1758.836,760,8794.18,0.0
1270,495,6,7261.55,3,5,4,4.0,354,Potential Loyalists,1210.2583333333334,495,1258.48,6003.07
1271,528,2,5470.1900000000005,3,1,4,2.6666666666666665,314,Need Attention,2735.0950000000003,528,3843.56,1626.63
1272,823,1,484.91,1,1,1,1.0,111,Lost,484.91,823,484.91,0.0
1273,386,4,7927.7,5,3,5,4.333333333333333,535,Loyal Customers,1981.925,386,6004.5,1923.2
1274,396,8,7031.55,5,5,4,4.666666666666667,554,Champions,878.94375,396,983.72,6047.83
1275,490,1,1028.8,3,1,1,1.6666666666666667,311,Need Attention,1028.8,490,0.0,1028.8
1276,404,4,4514.54,5,3,3,3.6666666666666665,533,Loyal Customers,1128.635,404,3632.77,881.77
1277,441,5,3164.74,4,4,2,3.3333333333333335,442,Potential Loyalists,632.948,441,1706.23,1458.51
1278,596,3,2353.63,2,2,2,2.0,222,Need Attention,784.5433333333334,596,1907.97,445.66
1279,401,4,3200.4700000000003,5,3,2,3.3333333333333335,532,Potential Loyalists,800.1175000000001,401,770.53,2429.94
1280,479,4,2583.04,3,3,2,2.6666666666666665,332,Potential Loyalists,645.76,479,1593.45,989.59
1281,372,3,5763.360000000001,5,2,4,3.6666666666666665,524,Recent Customers,1921.1200000000001,372,0.0,5763.36
1282,568,1,5321.58,2,1,4,2.3333333333333335,214,Need Attention,5321.58,568,0.0,5321.58
1283,398,2,2146.15,5,1,2,2.6666666666666665,512,Recent Customers,1073.075,398,1718.43,427.72
1284,438,8,7540.530000000001,4,5,4,4.333333333333333,454,Champions,942.5662500000001,438,1860.17,5680.36
1285,392,4,11990.99,5,3,5,4.333333333333333,535,Loyal Customers,2997.7475,392,5792.91,6198.08
1286,518,1,5411.87,3,1,4,2.6666666666666665,314,Need Attention,5411.87,518,0.0,5411.87
1287,393,4,7845.25,5,3,5,4.333333333333333,535,Loyal Customers,1961.3125,393,7215.22,630.03
1288,417,4,8429.28,4,3,5,4.0,435,Loyal Customers,2107.32,417,0.0,8429.28
1289,870,2,1132.45,1,1,1,1.0,111,Lost,566.225,870,1132.45,0.0
1290,697,4,2335.16,1,3,2,2.0,132,Cant Lose Them,583.79,697,879.7,1455.46
1291,430,3,3733.4,4,2,3,3.0,423,Recent Customers,1244.4666666666667,430,678.32,3055.08
1292,466,5,3953.09,3,4,3,3.3333333333333335,343,Potential Loyalists,790.618,466,517.45,3435.64
1293,545,2,3178.16,2,1,2,1.6666666666666667,212,Need Attention,1589.08,545,1616.33,1561.83
1294,431,2,877.1800000000001,4,1,1,2.0,411,Recent Customers,438.59000000000003,431,396.05,481.13
1295,640,3,2701.72,2,2,2,2.0,222,Need Attention,900.5733333333333,640,1018.53,1683.19
1296,606,1,2344.97,2,1,2,1.6666666666666667,212,Need Attention,2344.97,606,0.0,2344.97
1297,399,6,5098.67,5,5,3,4.333333333333333,553,Loyal Customers,849.7783333333333,399,449.72,4648.95
1298,680,3,6608.68,1,2,4,2.3333333333333335,124,Lost,2202.8933333333334,680,1632.96,4975.72
1299,479,3,3427.3199999999997,3,2,3,2.6666666666666665,323,Need Attention,1142.4399999999998,479,2017.81,1409.51
1300,414,4,2865.61,4,3,2,3.0,432,Potential Loyalists,716.4025,414,0.0,2865.61
1301,426,4,5682.64,4,3,4,3.6666666666666665,434,Loyal Customers,1420.66,426,1904.43,3778.21
1302,422,4,5089.57,4,3,3,3.3333333333333335,433,Loyal Customers,1272.3925,422,3513.72,1575.85
1303,530,5,9587.14,2,4,5,3.6666666666666665,245,At Risk,1917.4279999999999,530,560.19,9026.95
1304,459,4,2922.71,4,3,2,3.0,432,Potential Loyalists,730.6775,459,1381.2,1541.51
1305,479,2,5946.43,3,1,4,2.6666666666666665,314,Need Attention,2973.215,479,0.0,5946.43
1306,395,5,5706.2300000000005,5,4,4,4.333333333333333,544,Champions,1141.246,395,1104.57,4601.66
1307,410,3,7216.32,4,2,4,3.3333333333333335,424,Recent Customers,2405.44,410,507.58,6708.74
1308,1058,1,399.83,1,1,1,1.0,111,Lost,399.83,1058,399.83,0.0
1309,513,4,2448.87,3,3,2,2.6666666666666665,332,Potential Loyalists,612.2175,513,336.12,2112.75
1310,431,2,2934.5,4,1,2,2.3333333333333335,412,Recent Customers,1467.25,431,2483.71,450.79
1311,396,8,11532.85,5,5,5,5.0,555,Champions,1441.60625,396,862.05,10670.8
1312,708,3,7280.34,1,2,4,2.3333333333333335,124,Lost,2426.78,708,2156.91,5123.43
1313,759,3,10748.82,1,2,5,2.6666666666666665,125,Lost,3582.94,759,10748.82,0.0
1314,457,3,3898.83,4,2,3,3.0,423,Recent Customers,1299.61,457,1326.15,2572.68
1315,425,3,1778.96,4,2,1,2.3333333333333335,421,Recent Customers,592.9866666666667,425,0.0,1778.96
1316,813,5,4839.24,1,4,3,2.6666666666666665,143,At Risk,967.848,813,4839.24,0.0
1317,761,4,3383.12,1,3,3,2.3333333333333335,133,Cant Lose Them,845.78,761,3383.12,0.0
1318,396,6,7492.63,5,5,4,4.666666666666667,554,Champions,1248.7716666666668,396,4502.91,2989.72
1319,373,4,2820.25,5,3,2,3.3333333333333335,532,Potential Loyalists,705.0625,373,466.73,2353.52
1320,418,6,8683.460000000001,4,5,5,4.666666666666667,455,Champions,1447.2433333333336,418,7719.72,963.74
1321,502,5,3818.8599999999997,3,4,3,3.3333333333333335,343,Potential Loyalists,763.7719999999999,502,1611.96,2206.9
1322,451,7,9342.9,4,5,5,4.666666666666667,455,Champions,1334.7,451,1966.62,7376.28
1323,389,4,2854.29,5,3,2,3.3333333333333335,532,Potential Loyalists,713.5725,389,1232.16,1622.13
1324,575,5,2821.63,2,4,2,2.6666666666666665,242,At Risk,564.326,575,1361.51,1460.12
1325,436,3,3033.13,4,2,2,2.6666666666666665,422,Recent Customers,1011.0433333333334,436,0.0,3033.13
1326,522,5,9721.99,3,4,5,4.0,345,Potential Loyalists,1944.398,522,8136.72,1585.27
1327,372,5,8117.55,5,4,5,4.666666666666667,545,Champions,1623.51,372,6820.86,1296.69
1328,511,6,4939.63,3,5,3,3.6666666666666665,353,Potential Loyalists,823.2716666666666,511,1657.98,3281.65
1329,579,2,1510.37,2,1,1,1.3333333333333333,211,Need Attention,755.185,579,0.0,1510.37
1330,443,4,2609.4300000000003,4,3,2,3.0,432,Potential Loyalists,652.3575000000001,443,2166.82,442.61
1331,668,4,1469.43,1,3,1,1.6666666666666667,131,Cant Lose Them,367.3575,668,610.97,858.46
1332,370,6,4130.8,5,5,3,4.333333333333333,553,Loyal Customers,688.4666666666667,370,1204.1,2926.7
1333,526,4,9202.33,3,3,5,3.6666666666666665,335,Potential Loyalists,2300.5825,526,6866.06,2336.27
1334,498,2,865.75,3,1,1,1.6666666666666667,311,Need Attention,432.875,498,502.67,363.08
1335,424,5,6075.49,4,4,4,4.0,444,Champions,1215.098,424,3041.58,3033.91
1336,500,2,3193.09,3,1,2,2.0,312,Need Attention,1596.545,500,0.0,3193.09
1337,655,3,7098.150000000001,1,2,4,2.3333333333333335,124,Lost,2366.05,655,6501.93,596.22
1338,490,5,3161.06,3,4,2,3.0,342,Potential Loyalists,632.212,490,2211.39,949.67
1339,478,5,2596.2200000000003,3,4,2,3.0,342,Potential Loyalists,519.244,478,1814.63,781.59
1340,408,4,3559.41,5,3,3,3.6666666666666665,533,Loyal Customers,889.8525,408,2685.61,873.8
1341,440,5,4804.1,4,4,3,3.6666666666666665,443,Loyal Customers,960.82,440,1690.83,3113.27
1342,426,3,1604.44,4,2,1,2.3333333333333335,421,Recent Customers,534.8133333333334,426,490.49,1113.95
1343,428,3,3708.13,4,2,3,3.0,423,Recent Customers,1236.0433333333333,428,0.0,3708.13
1344,576,3,8292.36,2,2,5,3.0,225,Need Attention,2764.1200000000003,576,4672.36,3620.0
1345,500,4,3876.01,3,3,3,3.0,333,Potential Loyalists,969.0025,500,1529.79,2346.22
1346,678,3,6519.889999999999,1,2,4,2.3333333333333335,124,Lost,2173.2966666666666,678,5045.49,1474.4
1347,461,3,2097.83,4,2,2,2.6666666666666665,422,Recent Customers,699.2766666666666,461,1050.28,1047.55
1348,529,7,12948.199999999999,3,5,5,4.333333333333333,355,Potential Loyalists,1849.742857142857,529,11277.0,1671.2
1349,456,3,2297.59,4,2,2,2.6666666666666665,422,Recent Customers,765.8633333333333,456,0.0,2297.59
1350,471,2,1430.9299999999998,3,1,1,1.6666666666666667,311,Need Attention,715.4649999999999,471,0.0,1430.93
1351,384,5,5085.03,5,4,3,4.0,543,Loyal Customers,1017.006,384,1873.97,3211.06
1352,431,5,4865.25,4,4,3,3.6666666666666665,443,Loyal Customers,973.05,431,534.92,4330.33
1353,405,5,3834.1299999999997,5,4,3,4.0,543,Loyal Customers,766.8259999999999,405,2908.48,925.65
1354,538,3,1291.03,2,2,1,1.6666666666666667,221,Need Attention,430.3433333333333,538,879.46,411.57
1355,374,2,6002.0,5,1,4,3.3333333333333335,514,Recent Customers,3001.0,374,5529.17,472.83
1356,569,3,3780.34,2,2,3,2.3333333333333335,223,Need Attention,1260.1133333333335,569,437.64,3342.7
1357,521,4,4252.969999999999,3,3,3,3.0,333,Potential Loyalists,1063.2424999999998,521,3506.59,746.38
1358,632,2,1817.48,2,1,1,1.3333333333333333,211,Need Attention,908.74,632,0.0,1817.48
1359,466,9,16477.2,3,5,5,4.333333333333333,355,Potential Loyalists,1830.8000000000002,466,7364.92,9112.28
1360,380,4,3170.95,5,3,2,3.3333333333333335,532,Potential Loyalists,792.7375,380,0.0,3170.95
1361,497,7,12677.11,3,5,5,4.333333333333333,355,Potential Loyalists,1811.0157142857145,497,1912.16,10764.95
1362,402,3,10924.599999999999,5,2,5,4.0,525,Recent Customers,3641.533333333333,402,0.0,10924.6
1363,1041,1,1757.0,1,1,1,1.0,111,Lost,1757.0,1041,1757.0,0.0
1364,946,1,321.61,1,1,1,1.0,111,Lost,321.61,946,321.61,0.0
1365,539,4,4475.87,2,3,3,2.6666666666666665,233,Cant Lose Them,1118.9675,539,1683.98,2791.89
1366,429,4,6015.56,4,3,4,3.6666666666666665,434,Loyal Customers,1503.89,429,755.94,5259.62
1367,378,5,6893.370000000001,5,4,4,4.333333333333333,544,Champions,1378.6740000000002,378,5954.75,938.62
1368,641,3,1792.92,2,2,1,1.6666666666666667,221,Need Attention,597.64,641,561.39,1231.53
1369,543,6,4879.45,2,5,3,3.3333333333333335,253,At Risk,813.2416666666667,543,3907.0,972.45
1370,748,4,4649.219999999999,1,3,3,2.3333333333333335,133,Cant Lose Them,1162.3049999999998,748,4649.22,0.0
1371,447,2,2353.4300000000003,4,1,2,2.3333333333333335,412,Recent Customers,1176.7150000000001,447,0.0,2353.43
1372,419,2,2093.69,4,1,2,2.3333333333333335,412,Recent Customers,1046.845,419,1560.7,532.99
1373,479,5,3600.0499999999997,3,4,3,3.3333333333333335,343,Potential Loyalists,720.01,479,3151.32,448.73
1374,913,3,2208.63,1,2,2,1.6666666666666667,122,Lost,736.21,913,2208.63,0.0
1375,941,1,5033.97,1,1,3,1.6666666666666667,113,Lost,5033.97,941,5033.97,0.0
1376,428,5,9848.36,4,4,5,4.333333333333333,445,Champions,1969.672,428,6661.21,3187.15
1377,700,2,1131.44,1,1,1,1.0,111,Lost,565.72,700,617.65,513.79
1378,680,3,2951.27,1,2,2,1.6666666666666667,122,Lost,983.7566666666667,680,1786.8,1164.47
1379,567,8,11860.46,2,5,5,4.0,255,At Risk,1482.5575,567,6417.64,5442.82
1380,676,2,2778.67,1,1,2,1.3333333333333333,112,Lost,1389.335,676,493.35,2285.32
1381,883,2,2601.82,1,1,2,1.3333333333333333,112,Lost,1300.91,883,2601.82,0.0
1382,392,3,2011.3200000000002,5,2,1,2.6666666666666665,521,Recent Customers,670.44,392,706.32,1305.0
1383,940,3,3849.32,1,2,3,2.0,123,Lost,1283.1066666666668,940,3849.32,0.0
1384,711,1,483.4,1,1,1,1.0,111,Lost,483.4,711,0.0,483.4
1385,788,2,1608.38,1,1,1,1.0,111,Lost,804.19,788,1608.38,0.0
1386,537,4,8185.93,2,3,5,3.3333333333333335,235,Cant Lose Them,2046.4825,537,1384.26,6801.67
1387,415,3,5456.47,4,2,4,3.3333333333333335,424,Recent Customers,1818.8233333333335,415,4615.67,840.8
1388,395,5,5515.78,5,4,4,4.333333333333333,544,Champions,1103.156,395,2154.8,3360.98
1389,443,2,1758.04,4,1,1,2.0,411,Recent Customers,879.02,443,1029.33,728.71
1390,601,4,6992.27,2,3,4,3.0,234,Cant Lose Them,1748.0675,601,1986.65,5005.62
1391,519,4,12399.49,3,3,5,3.6666666666666665,335,Potential Loyalists,3099.8725,519,4450.84,7948.65
1392,756,1,358.02,1,1,1,1.0,111,Lost,358.02,756,358.02,0.0
1393,402,7,8939.17,5,5,5,5.0,555,Champions,1277.0242857142857,402,3415.29,5523.88
1394,459,5,2505.65,4,4,2,3.3333333333333335,442,Potential Loyalists,501.13,459,1433.3,1072.35
1395,432,9,14838.83,4,5,5,4.666666666666667,455,Champions,1648.7588888888888,432,5538.81,9300.02
1396,434,2,2210.71,4,1,2,2.3333333333333335,412,Recent Customers,1105.355,434,1592.29,618.42
1397,468,4,4484.57,3,3,3,3.0,333,Potential Loyalists,1121.1425,468,3573.29,911.28
1398,1086,1,2362.08,1,1,2,1.3333333333333333,112,Lost,2362.08,1086,2362.08,0.0
1399,442,7,8700.05,4,5,5,4.666666666666667,455,Champions,1242.8642857142856,442,7412.74,1287.31
1400,571,3,1894.43,2,2,1,1.6666666666666667,221,Need Attention,631.4766666666667,571,1365.74,528.69
1401,542,6,4914.31,2,5,3,3.3333333333333335,253,At Risk,819.0516666666667,542,3263.11,1651.2
1402,388,6,4902.54,5,5,3,4.333333333333333,553,Loyal Customers,817.09,388,2424.87,2477.67
1403,635,7,6766.56,2,5,4,3.6666666666666665,254,At Risk,966.6514285714286,635,6344.26,422.3
1404,440,9,10041.89,4,5,5,4.666666666666667,455,Champions,1115.7655555555555,440,7449.2,2592.69
1405,427,5,8800.56,4,4,5,4.333333333333333,445,Champions,1760.1119999999999,427,0.0,8800.56
1406,552,3,1532.08,2,2,1,1.6666666666666667,221,Need Attention,510.6933333333333,552,0.0,1532.08
1407,463,5,5051.24,3,4,3,3.3333333333333335,343,Potential Loyalists,1010.2479999999999,463,2826.35,2224.89
1408,777,3,1294.97,1,2,1,1.3333333333333333,121,Lost,431.6566666666667,777,1294.97,0.0
1409,381,6,4461.56,5,5,3,4.333333333333333,553,Loyal Customers,743.5933333333334,381,1275.41,3186.15
1410,521,1,558.78,3,1,1,1.6666666666666667,311,Need Attention,558.78,521,0.0,558.78
1411,832,2,1730.26,1,1,1,1.0,111,Lost,865.13,832,1730.26,0.0
1412,647,4,3449.15,2,3,3,2.6666666666666665,233,Cant Lose Them,862.2875,647,3099.81,349.34
1413,689,1,1072.16,1,1,1,1.0,111,Lost,1072.16,689,0.0,1072.16
1414,594,3,3436.0099999999998,2,2,3,2.3333333333333335,223,Need Attention,1145.3366666666666,594,0.0,3436.01
1415,375,2,5188.6,5,1,4,3.3333333333333335,514,Recent Customers,2594.3,375,4715.71,472.89
1416,617,5,3050.1800000000003,2,4,2,2.6666666666666665,242,At Risk,610.0360000000001,617,985.5,2064.68
1417,443,4,3038.79,4,3,2,3.0,432,Potential Loyalists,759.6975,443,759.38,2279.41
1418,530,3,3230.5699999999997,2,2,2,2.0,222,Need Attention,1076.8566666666666,530,2250.84,979.73
1419,583,4,7304.460000000001,2,3,4,3.0,234,Cant Lose Them,1826.1150000000002,583,6178.65,1125.81
1420,574,2,978.1700000000001,2,1,1,1.3333333333333333,211,Need Attention,489.08500000000004,574,552.83,425.34
1421,511,8,16447.5,3,5,5,4.333333333333333,355,Potential Loyalists,2055.9375,511,14580.6,1866.9
1422,897,1,479.01,1,1,1,1.0,111,Lost,479.01,897,479.01,0.0
1423,545,6,5086.69,2,5,3,3.3333333333333335,253,At Risk,847.7816666666666,545,3465.59,1621.1
1424,999,1,537.1,1,1,1,1.0,111,Lost,537.1,999,537.1,0.0
1425,415,7,10201.529999999999,4,5,5,4.666666666666667,455,Champions,1457.3614285714284,415,1700.57,8500.96
1426,390,5,4367.2,5,4,3,4.0,543,Loyal Customers,873.4399999999999,390,2237.35,2129.85
1427,703,2,1345.12,1,1,1,1.0,111,Lost,672.56,703,429.83,915.29
1428,394,2,3569.6499999999996,5,1,3,3.0,513,Recent Customers,1784.8249999999998,394,0.0,3569.65
1429,548,4,10838.43,2,3,5,3.3333333333333335,235,Cant Lose Them,2709.6075,548,3254.95,7583.48
1430,708,3,1766.6,1,2,1,1.3333333333333333,121,Lost,588.8666666666667,708,1039.88,726.72
1432,577,4,6314.88,2,3,4,3.0,234,Cant Lose Them,1578.72,577,5851.74,463.14
1433,745,2,7180.3,1,1,4,2.0,114,Lost,3590.15,745,7180.3,0.0
1434,528,3,1911.5299999999997,3,2,1,2.0,321,Need Attention,637.1766666666666,528,1371.5,540.03
1435,906,2,1307.51,1,1,1,1.0,111,Lost,653.755,906,1307.51,0.0
1436,453,3,2389.0,4,2,2,2.6666666666666665,422,Recent Customers,796.3333333333334,453,1943.83,445.17
1437,508,3,5139.299999999999,3,2,3,2.6666666666666665,323,Need Attention,1713.0999999999997,508,423.94,4715.36
1438,596,3,1621.57,2,2,1,1.6666666666666667,221,Need Attention,540.5233333333333,596,476.22,1145.35
1439,612,3,4486.349999999999,2,2,3,2.3333333333333335,223,Need Attention,1495.4499999999998,612,1780.9,2705.45
1440,409,3,1981.41,4,2,1,2.3333333333333335,421,Recent Customers,660.47,409,918.33,1063.08
1441,388,3,2149.22,5,2,2,3.0,522,Recent Customers,716.4066666666666,388,0.0,2149.22
1442,434,6,12840.1,4,5,5,4.666666666666667,455,Champions,2140.016666666667,434,7399.09,5441.01
1443,669,4,3717.8399999999997,1,3,3,2.3333333333333335,133,Cant Lose Them,929.4599999999999,669,2223.74,1494.1
1444,367,2,2590.21,5,1,2,2.6666666666666665,512,Recent Customers,1295.105,367,0.0,2590.21
1445,924,4,2621.41,1,3,2,2.0,132,Cant Lose Them,655.3525,924,2621.41,0.0
1446,393,3,1098.51,5,2,1,2.6666666666666665,521,Recent Customers,366.17,393,737.67,360.84
1447,740,2,1559.83,1,1,1,1.0,111,Lost,779.915,740,1559.83,0.0
1448,431,7,10498.52,4,5,5,4.666666666666667,455,Champions,1499.7885714285715,431,1656.4,8842.12
1449,528,5,4838.51,3,4,3,3.3333333333333335,343,Potential Loyalists,967.702,528,3809.26,1029.25
1450,407,1,496.69,5,1,1,2.3333333333333335,511,Recent Customers,496.69,407,0.0,496.69
1451,458,3,4727.59,4,2,3,3.0,423,Recent Customers,1575.8633333333335,458,2775.04,1952.55
1452,475,4,3226.9,3,3,2,2.6666666666666665,332,Potential Loyalists,806.725,475,992.21,2234.69
1453,374,6,13413.42,5,5,5,5.0,555,Champions,2235.57,374,2757.11,10656.31
1454,411,3,7325.4400000000005,4,2,4,3.3333333333333335,424,Recent Customers,2441.8133333333335,411,0.0,7325.44
1455,381,4,2380.8,5,3,2,3.3333333333333335,532,Potential Loyalists,595.2,381,552.4,1828.4
1456,688,4,2617.43,1,3,2,2.0,132,Cant Lose Them,654.3575,688,1257.56,1359.87
1457,551,4,2894.84,2,3,2,2.3333333333333335,232,Cant Lose Them,723.71,551,1728.25,1166.59
1458,967,2,1338.01,1,1,1,1.0,111,Lost,669.005,967,1338.01,0.0
1459,558,4,6557.11,2,3,4,3.0,234,Cant Lose Them,1639.2775,558,2180.62,4376.49
1460,412,5,3334.38,4,4,2,3.3333333333333335,442,Potential Loyalists,666.876,412,879.53,2454.85
1461,882,1,506.25,1,1,1,1.0,111,Lost,506.25,882,506.25,0.0
1462,490,6,4496.219999999999,3,5,3,3.6666666666666665,353,Potential Loyalists,749.3699999999999,490,2858.39,1637.83
1463,410,4,7829.15,4,3,5,4.0,435,Loyal Customers,1957.2875,410,6756.32,1072.83
1464,407,7,6925.6,5,5,4,4.666666666666667,554,Champions,989.3714285714286,407,3650.97,3274.63
1465,445,7,7657.53,4,5,4,4.333333333333333,454,Champions,1093.932857142857,445,6546.42,1111.11
1466,442,4,8903.44,4,3,5,4.0,435,Loyal Customers,2225.86,442,2056.83,6846.61
1467,493,9,8095.370000000001,3,5,5,4.333333333333333,355,Potential Loyalists,899.4855555555556,493,4751.85,3343.52
1468,708,2,1042.58,1,1,1,1.0,111,Lost,521.29,708,527.83,514.75
1469,535,3,11267.49,2,2,5,3.0,225,Need Attention,3755.83,535,5213.57,6053.92
1470,443,2,1478.05,4,1,1,2.0,411,Recent Customers,739.025,443,0.0,1478.05
1471,459,6,10565.87,4,5,5,4.666666666666667,455,Champions,1760.9783333333335,459,457.05,10108.82
1472,628,2,1736.55,2,1,1,1.3333333333333333,211,Need Attention,868.275,628,1283.97,452.58
1473,520,4,3391.0299999999997,3,3,3,3.0,333,Potential Loyalists,847.7574999999999,520,2267.46,1123.57
1474,489,4,1864.54,3,3,1,2.3333333333333335,331,Potential Loyalists,466.135,489,490.88,1373.66
1475,669,3,7432.33,1,2,4,2.3333333333333335,124,Lost,2477.443333333333,669,6441.19,991.14
1476,420,2,999.7,4,1,1,2.0,411,Recent Customers,499.85,420,0.0,999.7
1477,595,6,11062.2,2,5,5,4.0,255,At Risk,1843.7,595,5979.72,5082.48
1478,815,1,544.0,1,1,1,1.0,111,Lost,544.0,815,544.0,0.0
1479,442,4,2409.89,4,3,2,3.0,432,Potential Loyalists,602.4725,442,993.32,1416.57
1480,584,8,16431.65,2,5,5,4.0,255,At Risk,2053.95625,584,8974.26,7457.39
1481,374,2,898.0,5,1,1,2.3333333333333335,511,Recent Customers,449.0,374,0.0,898.0
1482,517,4,2360.14,3,3,2,2.6666666666666665,332,Potential Loyalists,590.035,517,1352.71,1007.43
1483,573,5,6286.87,2,4,4,3.3333333333333335,244,At Risk,1257.374,573,3722.74,2564.13
1484,382,2,901.87,5,1,1,2.3333333333333335,511,Recent Customers,450.935,382,0.0,901.87
1485,472,8,11167.89,3,5,5,4.333333333333333,355,Potential Loyalists,1395.98625,472,3320.5,7847.39
1486,366,6,7474.32,5,5,4,4.666666666666667,554,Champions,1245.72,366,1838.22,5636.1
1487,504,1,439.05,3,1,1,1.6666666666666667,311,Need Attention,439.05,504,0.0,439.05
1488,497,2,2657.22,3,1,2,2.0,312,Need Attention,1328.61,497,0.0,2657.22
1489,508,5,5909.26,3,4,4,3.6666666666666665,344,Potential Loyalists,1181.852,508,1046.74,4862.52
1490,444,3,3560.8900000000003,4,2,3,3.0,423,Recent Customers,1186.9633333333334,444,2937.4,623.49
1491,484,4,1879.83,3,3,1,2.3333333333333335,331,Potential Loyalists,469.9575,484,1429.52,450.31
1492,479,6,5122.98,3,5,3,3.6666666666666665,353,Potential Loyalists,853.8299999999999,479,2981.52,2141.46
1493,388,4,3948.3,5,3,3,3.6666666666666665,533,Loyal Customers,987.075,388,603.57,3344.73
1494,464,5,3736.63,3,4,3,3.3333333333333335,343,Potential Loyalists,747.326,464,1531.68,2204.95
1495,787,5,2935.82,1,4,2,2.3333333333333335,142,At Risk,587.164,787,2935.82,0.0
1496,526,4,3603.74,3,3,3,3.0,333,Potential Loyalists,900.935,526,1849.92,1753.82
1497,679,4,11195.09,1,3,5,3.0,135,Cant Lose Them,2798.7725,679,10587.95,607.14
1498,431,8,16234.529999999999,4,5,5,4.666666666666667,455,Champions,2029.3162499999999,431,8503.42,7731.11
1499,389,2,1554.99,5,1,1,2.3333333333333335,511,Recent Customers,777.495,389,0.0,1554.99
1500,394,3,1980.93,5,2,1,2.6666666666666665,521,Recent Customers,660.3100000000001,394,1050.53,930.4
1501,422,3,4410.99,4,2,3,3.0,423,Recent Customers,1470.33,422,2380.11,2030.88
1502,373,4,8960.91,5,3,5,4.333333333333333,535,Loyal Customers,2240.2275,373,6202.67,2758.24
1504,517,3,6850.32,3,2,4,3.0,324,Need Attention,2283.44,517,709.98,6140.34
1505,962,1,1072.78,1,1,1,1.0,111,Lost,1072.78,962,1072.78,0.0
1506,429,2,4070.19,4,1,3,2.6666666666666665,413,Recent Customers,2035.095,429,0.0,4070.19
1507,376,3,4165.73,5,2,3,3.3333333333333335,523,Recent Customers,1388.5766666666666,376,2068.96,2096.77
1508,640,2,1624.6399999999999,2,1,1,1.3333333333333333,211,Need Attention,812.3199999999999,640,539.58,1085.06
1509,593,2,5677.31,2,1,4,2.3333333333333335,214,Need Attention,2838.655,593,4671.13,1006.18
1510,455,2,1478.6999999999998,4,1,1,2.0,411,Recent Customers,739.3499999999999,455,0.0,1478.7
1511,830,3,2256.96,1,2,2,1.6666666666666667,122,Lost,752.32,830,2256.96,0.0
1512,547,4,2079.03,2,3,2,2.3333333333333335,232,Cant Lose Them,519.7575,547,646.45,1432.58
1513,426,4,4332.43,4,3,3,3.3333333333333335,433,Loyal Customers,1083.1075,426,606.74,3725.69
1514,440,5,10394.15,4,4,5,4.333333333333333,445,Champions,2078.83,440,715.05,9679.1
1515,425,3,3991.44,4,2,3,3.0,423,Recent Customers,1330.48,425,0.0,3991.44
1516,647,2,1552.13,2,1,1,1.3333333333333333,211,Need Attention,776.065,647,1119.46,432.67
1517,446,4,3560.9,4,3,3,3.3333333333333335,433,Loyal Customers,890.225,446,1662.75,1898.15
1518,489,10,13928.06,3,5,5,4.333333333333333,355,Potential Loyalists,1392.806,489,4092.46,9835.6
1519,412,3,3544.7799999999997,4,2,3,3.0,423,Recent Customers,1181.5933333333332,412,1126.76,2418.02
1520,475,6,4395.57,3,5,3,3.6666666666666665,353,Potential Loyalists,732.5949999999999,475,2622.76,1772.81
1521,497,4,4717.38,3,3,3,3.0,333,Potential Loyalists,1179.345,497,2085.63,2631.75
1522,661,3,1835.38,1,2,1,1.3333333333333333,121,Lost,611.7933333333334,661,1496.79,338.59
1523,483,3,2582.75,3,2,2,2.3333333333333335,322,Need Attention,860.9166666666666,483,1910.77,671.98
1524,474,8,6624.06,3,5,4,4.0,354,Potential Loyalists,828.0075,474,4010.54,2613.52
1525,634,3,7294.919999999999,2,2,4,2.6666666666666665,224,Need Attention,2431.64,634,6867.3,427.62
1526,407,3,1903.67,5,2,1,2.6666666666666665,521,Recent Customers,634.5566666666667,407,1362.46,541.21
1527,851,3,2253.88,1,2,2,1.6666666666666667,122,Lost,751.2933333333334,851,2253.88,0.0
1528,390,3,6423.350000000001,5,2,4,3.6666666666666665,524,Recent Customers,2141.1166666666672,390,558.69,5864.66
1529,544,5,4108.24,2,4,3,3.0,243,At Risk,821.6479999999999,544,3317.99,790.25
1530,525,4,1602.79,3,3,1,2.3333333333333335,331,Potential Loyalists,400.6975,525,1099.52,503.27
1531,567,3,7975.57,2,2,5,3.0,225,Need Attention,2658.523333333333,567,451.99,7523.58
1532,486,4,3566.11,3,3,3,3.0,333,Potential Loyalists,891.5275,486,2451.76,1114.35
1533,489,4,3117.6800000000003,3,3,2,2.6666666666666665,332,Potential Loyalists,779.4200000000001,489,2159.66,958.02
1534,467,2,3381.7,3,1,3,2.3333333333333335,313,Need Attention,1690.85,467,2189.96,1191.74
1535,406,1,1387.46,5,1,1,2.3333333333333335,511,Recent Customers,1387.46,406,0.0,1387.46
1536,438,4,5250.71,4,3,4,3.6666666666666665,434,Loyal Customers,1312.6775,438,3166.98,2083.73
1537,723,1,1287.35,1,1,1,1.0,111,Lost,1287.35,723,0.0,1287.35
1538,720,2,2269.51,1,1,2,1.3333333333333333,112,Lost,1134.755,720,582.32,1687.19
1539,489,3,1742.12,3,2,1,2.0,321,Need Attention,580.7066666666666,489,686.15,1055.97
1540,563,6,11910.82,2,5,5,4.0,255,At Risk,1985.1366666666665,563,5232.74,6678.08
1541,421,2,2382.2200000000003,4,1,2,2.3333333333333335,412,Recent Customers,1191.1100000000001,421,0.0,2382.22
1542,746,4,2018.54,1,3,2,2.0,132,Cant Lose Them,504.635,746,2018.54,0.0
1543,519,6,9253.94,3,5,5,4.333333333333333,355,Potential Loyalists,1542.3233333333335,519,7981.34,1272.6
1544,541,3,2987.77,2,2,2,2.0,222,Need Attention,995.9233333333333,541,2071.01,916.76
1545,523,6,4910.94,3,5,3,3.6666666666666665,353,Potential Loyalists,818.4899999999999,523,1781.22,3129.72
1546,477,5,3975.74,3,4,3,3.3333333333333335,343,Potential Loyalists,795.1479999999999,477,2054.71,1921.03
1547,366,3,2219.92,5,2,2,3.0,522,Recent Customers,739.9733333333334,366,0.0,2219.92
1548,374,5,6350.54,5,4,4,4.333333333333333,544,Champions,1270.108,374,4197.85,2152.69
1549,695,1,1584.31,1,1,1,1.0,111,Lost,1584.31,695,0.0,1584.31
1550,423,3,3639.07,4,2,3,3.0,423,Recent Customers,1213.0233333333333,423,1151.27,2487.8
1551,425,5,4912.77,4,4,3,3.6666666666666665,443,Loyal Customers,982.5540000000001,425,930.7,3982.07
1552,479,4,4501.27,3,3,3,3.0,333,Potential Loyalists,1125.3175,479,1221.06,3280.21
1553,494,3,2198.38,3,2,2,2.3333333333333335,322,Need Attention,732.7933333333334,494,1439.61,758.77
1554,694,2,863.79,1,1,1,1.0,111,Lost,431.895,694,450.27,413.52
1555,377,3,3284.12,5,2,2,3.0,522,Recent Customers,1094.7066666666667,377,1162.99,2121.13
1556,396,1,480.63,5,1,1,2.3333333333333335,511,Recent Customers,480.63,396,0.0,480.63
1557,432,8,12109.02,4,5,5,4.666666666666667,455,Champions,1513.6275,432,9454.32,2654.7
1558,429,2,1801.27,4,1,1,2.0,411,Recent Customers,900.635,429,0.0,1801.27
1559,431,2,1611.77,4,1,1,2.0,411,Recent Customers,805.885,431,1006.87,604.9
1560,555,3,3936.59,2,2,3,2.3333333333333335,223,Need Attention,1312.1966666666667,555,0.0,3936.59
1561,398,5,5934.72,5,4,4,4.333333333333333,544,Champions,1186.944,398,2250.83,3683.89
1562,614,4,1929.51,2,3,1,2.0,231,Cant Lose Them,482.3775,614,943.68,985.83
1563,424,3,7059.52,4,2,4,3.3333333333333335,424,Recent Customers,2353.1733333333336,424,1730.27,5329.25
1564,507,3,1726.88,3,2,1,2.0,321,Need Attention,575.6266666666667,507,503.0,1223.88
1565,433,5,6250.200000000001,4,4,4,4.0,444,Champions,1250.0400000000002,433,627.19,5623.01
1566,566,6,5395.91,2,5,4,3.6666666666666665,254,At Risk,899.3183333333333,566,4436.15,959.76
1567,420,5,3507.83,4,4,3,3.6666666666666665,443,Loyal Customers,701.566,420,2029.77,1478.06
1568,373,2,1563.12,5,1,1,2.3333333333333335,511,Recent Customers,781.56,373,0.0,1563.12
1569,473,1,397.47,3,1,1,1.6666666666666667,311,Need Attention,397.47,473,0.0,397.47
1570,419,3,2823.71,4,2,2,2.6666666666666665,422,Recent Customers,941.2366666666667,419,1937.71,886.0
1571,676,3,2799.97,1,2,2,1.6666666666666667,122,Lost,933.3233333333333,676,2326.78,473.19
1572,437,5,7220.23,4,4,4,4.0,444,Champions,1444.0459999999998,437,2210.16,5010.07
1573,531,3,7781.83,2,2,4,2.6666666666666665,224,Need Attention,2593.943333333333,531,7281.4,500.43
1574,473,3,4965.17,3,2,3,2.6666666666666665,323,Need Attention,1655.0566666666666,473,421.41,4543.76
1575,558,6,9735.11,2,5,5,4.0,255,At Risk,1622.5183333333334,558,5215.48,4519.63
1576,462,3,4487.35,4,2,3,3.0,423,Recent Customers,1495.7833333333335,462,854.25,3633.1
1577,411,5,8104.24,4,4,5,4.333333333333333,445,Champions,1620.848,411,6072.81,2031.43
1578,600,6,3166.75,2,5,2,3.0,252,At Risk,527.7916666666666,600,2082.22,1084.53
1579,418,3,1934.45,4,2,1,2.3333333333333335,421,Recent Customers,644.8166666666667,418,1000.74,933.71
1580,587,1,734.28,2,1,1,1.3333333333333333,211,Need Attention,734.28,587,0.0,734.28
1581,513,4,12190.67,3,3,5,3.6666666666666665,335,Potential Loyalists,3047.6675,513,6965.41,5225.26
1582,405,6,6360.35,5,5,4,4.666666666666667,554,Champions,1060.0583333333334,405,3786.12,2574.23
1583,714,3,1891.47,1,2,1,1.3333333333333333,121,Lost,630.49,714,1360.08,531.39
1584,393,6,4042.83,5,5,3,4.333333333333333,553,Loyal Customers,673.805,393,2457.65,1585.18
1585,953,3,1569.35,1,2,1,1.3333333333333333,121,Lost,523.1166666666667,953,1569.35,0.0
1586,561,1,622.28,2,1,1,1.3333333333333333,211,Need Attention,622.28,561,0.0,622.28
1587,734,5,8809.12,1,4,5,3.3333333333333335,145,At Risk,1761.824,734,8809.12,0.0
1588,404,5,4733.1,5,4,3,4.0,543,Loyal Customers,946.6200000000001,404,1236.98,3496.12
1589,917,2,2627.87,1,1,2,1.3333333333333333,112,Lost,1313.935,917,2627.87,0.0
1590,801,3,2010.76,1,2,1,1.3333333333333333,121,Lost,670.2533333333333,801,2010.76,0.0
1591,629,7,15850.91,2,5,5,4.0,255,At Risk,2264.4157142857143,629,7930.9,7920.01
1592,706,3,2846.62,1,2,2,1.6666666666666667,122,Lost,948.8733333333333,706,2161.76,684.86
1593,501,3,2192.54,3,2,2,2.3333333333333335,322,Need Attention,730.8466666666667,501,577.2,1615.34
1594,372,4,4235.32,5,3,3,3.6666666666666665,533,Loyal Customers,1058.83,372,2909.82,1325.5
1595,498,4,2716.14,3,3,2,2.6666666666666665,332,Potential Loyalists,679.035,498,2424.33,291.81
1596,1072,1,629.78,1,1,1,1.0,111,Lost,629.78,1072,629.78,0.0
1597,535,6,6474.05,2,5,4,3.6666666666666665,254,At Risk,1079.0083333333334,535,5318.71,1155.34
1598,605,3,1548.66,2,2,1,1.6666666666666667,221,Need Attention,516.22,605,462.71,1085.95
1599,630,3,7781.24,2,2,4,2.6666666666666665,224,Need Attention,2593.7466666666664,630,2258.08,5523.16
1600,566,1,511.02,2,1,1,1.3333333333333333,211,Need Attention,511.02,566,0.0,511.02
1601,644,6,5158.29,2,5,3,3.3333333333333335,253,At Risk,859.715,644,4674.5,483.79
1602,448,3,2107.67,4,2,2,2.6666666666666665,422,Recent Customers,702.5566666666667,448,586.44,1521.23
1603,410,3,4062.6800000000003,4,2,3,3.0,423,Recent Customers,1354.2266666666667,410,630.02,3432.66
1604,425,4,8080.9400000000005,4,3,5,4.0,435,Loyal Customers,2020.2350000000001,425,2129.48,5951.46
1605,438,5,4703.610000000001,4,4,3,3.6666666666666665,443,Loyal Customers,940.7220000000001,438,3348.25,1355.36
1606,388,5,5373.29,5,4,4,4.333333333333333,544,Champions,1074.658,388,1009.04,4364.25
1607,607,8,6890.95,2,5,4,3.6666666666666665,254,At Risk,861.36875,607,2982.41,3908.54
1608,419,6,12298.0,4,5,5,4.666666666666667,455,Champions,2049.6666666666665,419,7727.56,4570.44
1609,424,2,3142.6400000000003,4,1,2,2.3333333333333335,412,Recent Customers,1571.3200000000002,424,1996.38,1146.26
1610,378,2,1997.4299999999998,5,1,1,2.3333333333333335,511,Recent Customers,998.7149999999999,378,1239.33,758.1
1611,922,3,2414.5099999999998,1,2,2,1.6666666666666667,122,Lost,804.8366666666666,922,2414.51,0.0
1612,470,4,3011.6000000000004,3,3,2,2.6666666666666665,332,Potential Loyalists,752.9000000000001,470,1457.98,1553.62
1613,553,6,4296.08,2,5,3,3.3333333333333335,253,At Risk,716.0133333333333,553,2195.06,2101.02
1614,374,4,7698.76,5,3,4,4.0,534,Loyal Customers,1924.69,374,6102.57,1596.19
1616,407,3,3074.08,5,2,2,3.0,522,Recent Customers,1024.6933333333334,407,2613.48,460.6
1617,989,1,1323.59,1,1,1,1.0,111,Lost,1323.59,989,1323.59,0.0
1618,452,6,13049.87,4,5,5,4.666666666666667,455,Champions,2174.9783333333335,452,4856.79,8193.08
1619,669,4,1593.06,1,3,1,1.6666666666666667,131,Cant Lose Them,398.265,669,1103.86,489.2
1620,543,4,9379.25,2,3,5,3.3333333333333335,235,Cant Lose Them,2344.8125,543,8096.05,1283.2
1621,490,3,4059.41,3,2,3,2.6666666666666665,323,Need Attention,1353.1366666666665,490,3155.24,904.17
1622,642,3,7089.39,2,2,4,2.6666666666666665,224,Need Attention,2363.13,642,6003.97,1085.42
1623,399,7,8034.91,5,5,5,5.0,555,Champions,1147.8442857142857,399,1069.27,6965.64
1624,402,4,2006.56,5,3,1,3.0,531,Potential Loyalists,501.64,402,617.65,1388.91
1625,528,6,15223.45,3,5,5,4.333333333333333,355,Potential Loyalists,2537.241666666667,528,8058.83,7164.62
1626,922,1,510.32,1,1,1,1.0,111,Lost,510.32,922,510.32,0.0
1627,612,1,393.06,2,1,1,1.3333333333333333,211,Need Attention,393.06,612,0.0,393.06
1628,440,5,8648.98,4,4,5,4.333333333333333,445,Champions,1729.7959999999998,440,1044.11,7604.87
1629,380,3,1417.07,5,2,1,2.6666666666666665,521,Recent Customers,472.3566666666666,380,468.27,948.8
1630,380,7,9569.9,5,5,5,5.0,555,Champions,1367.1285714285714,380,6780.28,2789.62
1631,389,3,2310.99,5,2,2,3.0,522,Recent Customers,770.3299999999999,389,612.35,1698.64
1632,427,4,3975.2200000000003,4,3,3,3.3333333333333335,433,Loyal Customers,993.8050000000001,427,1763.46,2211.76
1633,371,2,1111.38,5,1,1,2.3333333333333335,511,Recent Customers,555.69,371,598.62,512.76
1634,450,6,3541.8599999999997,4,5,3,4.0,453,Loyal Customers,590.31,450,2038.57,1503.29
1635,460,4,6706.5,4,3,4,3.6666666666666665,434,Loyal Customers,1676.625,460,3395.08,3311.42
1636,815,5,12695.96,1,4,5,3.3333333333333335,145,At Risk,2539.192,815,12695.96,0.0
1637,569,5,6990.67,2,4,4,3.3333333333333335,244,At Risk,1398.134,569,5207.08,1783.59
1638,501,4,3963.42,3,3,3,3.0,333,Potential Loyalists,990.855,501,3517.24,446.18
1639,498,3,3288.93,3,2,2,2.3333333333333335,322,Need Attention,1096.31,498,2364.31,924.62
1640,610,4,3959.18,2,3,3,2.6666666666666665,233,Cant Lose Them,989.795,610,362.06,3597.12
1641,478,4,7479.16,3,3,4,3.3333333333333335,334,Potential Loyalists,1869.79,478,0.0,7479.16
1642,668,3,1938.68,1,2,1,1.3333333333333333,121,Lost,646.2266666666667,668,933.33,1005.35
1643,547,2,2461.55,2,1,2,1.6666666666666667,212,Need Attention,1230.775,547,460.48,2001.07
1644,812,3,2602.83,1,2,2,1.6666666666666667,122,Lost,867.61,812,2602.83,0.0
1645,449,6,4294.71,4,5,3,4.0,453,Loyal Customers,715.785,449,3017.67,1277.04
1646,670,1,912.9,1,1,1,1.0,111,Lost,912.9,670,0.0,912.9
1647,560,2,6598.55,2,1,4,2.3333333333333335,214,Need Attention,3299.275,560,6092.1,506.45
1648,1007,1,916.77,1,1,1,1.0,111,Lost,916.77,1007,916.77,0.0
1649,436,8,12178.05,4,5,5,4.666666666666667,455,Champions,1522.25625,436,10009.1,2168.95
1650,477,5,3568.09,3,4,3,3.3333333333333335,343,Potential Loyalists,713.618,477,0.0,3568.09
1651,502,3,1914.44,3,2,1,2.0,321,Need Attention,638.1466666666666,502,514.9,1399.54
1652,422,6,3120.56,4,5,2,3.6666666666666665,452,Potential Loyalists,520.0933333333334,422,2063.81,1056.75
1653,389,4,4341.45,5,3,3,3.6666666666666665,533,Loyal Customers,1085.3625,389,547.26,3794.19
1654,386,2,1661.8500000000001,5,1,1,2.3333333333333335,511,Recent Customers,830.9250000000001,386,597.22,1064.63
1655,386,9,8260.53,5,5,5,5.0,555,Champions,917.8366666666667,386,4570.62,3689.91
1657,406,6,7727.06,5,5,4,4.666666666666667,554,Champions,1287.8433333333335,406,7190.1,536.96
1658,677,3,1189.6,1,3,1,1.6666666666666667,131,Cant Lose Them,396.5333333333333,677,419.5,770.1
1659,378,3,4368.87,5,3,3,3.6666666666666665,533,Loyal Customers,1456.29,378,3868.56,500.31
1660,500,2,2967.62,3,2,2,2.3333333333333335,322,Need Attention,1483.81,500,1063.44,1904.18
1661,678,3,1441.27,1,3,1,1.6666666666666667,131,Cant Lose Them,480.42333333333335,678,602.26,839.01
1662,813,2,1390.04,1,2,1,1.3333333333333333,121,Lost,695.02,813,1390.04,0.0
1663,415,2,912.6500000000001,4,2,1,2.3333333333333335,421,Recent Customers,456.32500000000005,415,412.97,499.68
1664,531,4,11750.4,2,4,5,3.6666666666666665,245,At Risk,2937.6,531,11041.86,708.54
1665,566,4,9744.15,2,4,5,3.6666666666666665,245,At Risk,2436.0375,566,6880.34,2863.81
1666,623,3,2855.6,2,3,2,2.3333333333333335,232,Cant Lose Them,951.8666666666667,623,2366.51,489.09
1667,680,5,5019.41,1,4,3,2.6666666666666665,143,At Risk,1003.882,680,2160.8,2858.61
1668,920,1,926.24,1,1,1,1.0,111,Lost,926.24,920,926.24,0.0
1669,586,4,2471.6099999999997,2,4,2,2.6666666666666665,242,At Risk,617.9024999999999,586,1481.79,989.82
1670,373,2,2282.02,5,2,2,3.0,522,Recent Customers,1141.01,373,1879.43,402.59
1671,495,4,2394.61,3,4,2,3.0,342,Potential Loyalists,598.6525,495,1107.96,1286.65
1672,398,4,4889.360000000001,5,4,3,4.0,543,Loyal Customers,1222.3400000000001,398,2304.32,2585.04
1673,492,6,6312.92,3,5,4,4.0,354,Potential Loyalists,1052.1533333333334,492,2599.43,3713.49
1674,381,1,405.4,5,1,1,2.3333333333333335,511,Recent Customers,405.4,381,0.0,405.4
1675,474,7,10578.050000000001,3,5,5,4.333333333333333,355,Potential Loyalists,1511.15,474,450.02,10128.03
1676,530,5,15164.970000000001,2,4,5,3.6666666666666665,245,At Risk,3032.994,530,5602.47,9562.5
1677,385,4,3242.6800000000003,5,4,2,3.6666666666666665,542,Potential Loyalists,810.6700000000001,385,766.97,2475.71
1678,371,2,2794.59,5,2,2,3.0,522,Recent Customers,1397.295,371,0.0,2794.59
1679,480,5,8325.82,3,4,5,4.0,345,Potential Loyalists,1665.164,480,6332.82,1993.0
1680,739,5,3571.12,1,4,3,2.6666666666666665,143,At Risk,714.2239999999999,739,3571.12,0.0
1681,424,6,6908.8099999999995,4,5,4,4.333333333333333,454,Champions,1151.4683333333332,424,1015.89,5892.92
1682,628,7,7786.64,2,5,4,3.6666666666666665,254,At Risk,1112.3771428571429,628,6521.5,1265.14
1683,675,4,6161.2,1,4,4,3.0,144,At Risk,1540.3,675,5577.63,583.57
1684,495,7,15235.89,3,5,5,4.333333333333333,355,Potential Loyalists,2176.555714285714,495,8906.94,6328.95
1685,389,5,8181.5,5,4,5,4.666666666666667,545,Champions,1636.3,389,7151.45,1030.05
1686,373,4,5451.39,5,4,4,4.333333333333333,544,Champions,1362.8475,373,1585.94,3865.45
1687,582,3,7385.72,2,3,4,3.0,234,Cant Lose Them,2461.9066666666668,582,1324.63,6061.09
1688,523,3,2766.21,3,3,2,2.6666666666666665,332,Potential Loyalists,922.07,523,1337.36,1428.85
1689,556,5,10867.740000000002,2,4,5,3.6666666666666665,245,At Risk,2173.5480000000002,556,2526.31,8341.43
1690,604,3,3003.77,2,3,2,2.3333333333333335,232,Cant Lose Them,1001.2566666666667,604,443.26,2560.51
1691,557,4,3941.4399999999996,2,4,3,3.0,243,At Risk,985.3599999999999,557,2892.22,1049.22
1692,602,6,4362.72,2,5,3,3.3333333333333335,253,At Risk,727.12,602,2477.13,1885.59
1693,471,5,4152.13,3,4,3,3.3333333333333335,343,Potential Loyalists,830.426,471,3170.73,981.4
1694,612,8,9129.25,2,5,5,4.0,255,At Risk,1141.15625,612,4900.14,4229.11
1695,748,2,2703.7400000000002,1,2,2,1.6666666666666667,122,Lost,1351.8700000000001,748,2703.74,0.0
1696,377,3,1712.08,5,3,1,3.0,531,Potential Loyalists,570.6933333333333,377,595.27,1116.81
1697,517,2,3447.6,3,2,3,2.6666666666666665,323,Need Attention,1723.8,517,495.2,2952.4
1699,509,4,3274.84,3,4,2,3.0,342,Potential Loyalists,818.71,509,1651.93,1622.91
1700,528,5,5085.150000000001,3,4,3,3.3333333333333335,343,Potential Loyalists,1017.0300000000001,528,4136.93,948.22
1701,813,3,4658.93,1,3,3,2.3333333333333335,133,Cant Lose Them,1552.9766666666667,813,4658.93,0.0
1702,370,8,8239.0,5,5,5,5.0,555,Champions,1029.875,370,4613.22,3625.78
1703,379,9,12785.33,5,5,5,5.0,555,Champions,1420.5922222222223,379,1137.94,11647.39
1704,858,2,3447.6400000000003,1,2,3,2.0,123,Lost,1723.8200000000002,858,3447.64,0.0
1705,784,2,3148.32,1,2,2,1.6666666666666667,122,Lost,1574.16,784,3148.32,0.0
1706,380,5,7949.93,5,4,5,4.666666666666667,545,Champions,1589.986,380,5213.99,2735.94
1707,611,7,12559.699999999999,2,5,5,4.0,255,At Risk,1794.242857142857,611,7994.94,4564.76
1708,787,2,1278.9,1,2,1,1.3333333333333333,121,Lost,639.45,787,1278.9,0.0
1709,537,9,7253.81,2,5,4,3.6666666666666665,254,At Risk,805.978888888889,537,3068.83,4184.98
1710,440,4,4971.96,4,4,3,3.6666666666666665,443,Loyal Customers,1242.99,440,2287.68,2684.28
1712,468,4,4684.75,3,4,3,3.3333333333333335,343,Potential Loyalists,1171.1875,468,1080.15,3604.6
1713,651,3,6857.85,1,3,4,2.6666666666666665,134,Cant Lose Them,2285.9500000000003,651,1153.51,5704.34
1714,391,3,2419.73,5,3,2,3.3333333333333335,532,Potential Loyalists,806.5766666666667,391,0.0,2419.73
1715,521,2,7253.12,3,2,4,3.0,324,Need Attention,3626.56,521,2007.59,5245.53
1716,376,3,10181.99,5,3,5,4.333333333333333,535,Loyal Customers,3393.9966666666664,376,1494.79,8687.2
1717,427,6,8489.0,4,5,5,4.666666666666667,455,Champions,1414.8333333333333,427,6720.19,1768.81
1718,855,2,1417.3799999999999,1,2,1,1.3333333333333333,121,Lost,708.6899999999999,855,1417.38,0.0
1719,497,2,1411.99,3,2,1,2.0,321,Need Attention,705.995,497,1125.95,286.04
1720,466,2,1090.82,3,2,1,2.0,321,Need Attention,545.41,466,374.04,716.78
1721,587,3,3066.49,2,3,2,2.3333333333333335,232,Cant Lose Them,1022.1633333333333,587,1718.39,1348.1
1722,377,6,10497.11,5,5,5,5.0,555,Champions,1749.5183333333334,377,6883.49,3613.62
1723,573,4,4502.32,2,4,3,3.0,243,At Risk,1125.58,573,2925.11,1577.21
1724,393,3,2650.85,5,3,2,3.3333333333333335,532,Potential Loyalists,883.6166666666667,393,1423.56,1227.29
1725,462,10,10427.26,4,5,5,4.666666666666667,455,Champions,1042.726,462,5025.33,5401.93
1726,689,5,10152.630000000001,1,4,5,3.3333333333333335,145,At Risk,2030.5260000000003,689,2371.6,7781.03
1727,522,6,7083.08,3,5,4,4.0,354,Potential Loyalists,1180.5133333333333,522,4253.98,2829.1
1728,739,3,1715.67,1,3,1,1.6666666666666667,131,Cant Lose Them,571.89,739,1715.67,0.0
1729,579,3,5779.77,2,3,4,3.0,234,Cant Lose Them,1926.5900000000001,579,0.0,5779.77
1730,500,7,8834.43,3,5,5,4.333333333333333,355,Potential Loyalists,1262.0614285714287,500,6918.03,1916.4
1731,751,2,1572.85,1,2,1,1.3333333333333333,121,Lost,786.425,751,1572.85,0.0
1732,697,3,7602.13,1,3,4,2.6666666666666665,134,Cant Lose Them,2534.0433333333335,697,2477.75,5124.38
1733,384,4,9038.56,5,4,5,4.666666666666667,545,Champions,2259.64,384,8402.07,636.49
1734,923,1,873.4,1,1,1,1.0,111,Lost,873.4,923,873.4,0.0
1735,619,3,4909.92,2,3,3,2.6666666666666665,233,Cant Lose Them,1636.64,619,872.29,4037.63
1736,1036,1,543.44,1,1,1,1.0,111,Lost,543.44,1036,543.44,0.0
1737,691,2,6289.15,1,2,4,2.3333333333333335,124,Lost,3144.575,691,5679.12,610.03
1738,518,1,5732.71,3,1,4,2.6666666666666665,314,Need Attention,5732.71,518,0.0,5732.71
1739,557,5,7600.28,2,4,4,3.3333333333333335,244,At Risk,1520.056,557,7031.5,568.78
1740,447,6,4831.47,4,5,3,4.0,453,Loyal Customers,805.245,447,4002.26,829.21
1741,432,4,4594.73,4,4,3,3.6666666666666665,443,Loyal Customers,1148.6825,432,1955.45,2639.28
1742,479,7,4592.92,3,5,3,3.6666666666666665,353,Potential Loyalists,656.1314285714286,479,2404.17,2188.75
1743,476,4,6294.27,3,4,4,3.6666666666666665,344,Potential Loyalists,1573.5675,476,4336.16,1958.11
1744,631,5,12261.23,2,4,5,3.6666666666666665,245,At Risk,2452.246,631,3812.0,8449.23
1746,445,3,6792.75,4,3,4,3.6666666666666665,434,Loyal Customers,2264.25,445,6351.42,441.33
1747,418,4,3657.56,4,4,3,3.6666666666666665,443,Loyal Customers,914.39,418,1905.53,1752.03
1748,488,3,4305.95,3,3,3,3.0,333,Potential Loyalists,1435.3166666666666,488,0.0,4305.95
1749,536,5,4875.2,2,4,3,3.0,243,At Risk,975.04,536,3869.12,1006.08
1750,435,3,1236.21,4,3,1,2.6666666666666665,431,Potential Loyalists,412.07,435,783.63,452.58
1751,599,3,1427.81,2,3,1,2.0,231,Cant Lose Them,475.93666666666667,599,928.67,499.14
1752,367,6,11773.039999999999,5,5,5,5.0,555,Champions,1962.1733333333332,367,1996.79,9776.25
1753,488,3,7272.9400000000005,3,3,4,3.3333333333333335,334,Potential Loyalists,2424.3133333333335,488,5464.8,1808.14
1754,528,3,8779.17,3,3,5,3.6666666666666665,335,Potential Loyalists,2926.39,528,4056.85,4722.32
1755,691,3,6939.32,1,3,4,2.6666666666666665,134,Cant Lose Them,2313.1066666666666,691,6353.01,586.31
1756,397,7,8996.17,5,5,5,5.0,555,Champions,1285.1671428571428,397,5158.28,3837.89
1757,538,3,3721.71,2,3,3,2.6666666666666665,233,Cant Lose Them,1240.57,538,521.46,3200.25
1758,510,2,1308.32,3,2,1,2.0,321,Need Attention,654.16,510,844.37,463.95
1759,576,6,9693.3,2,5,5,4.0,255,At Risk,1615.55,576,2062.49,7630.81
1760,540,5,8083.3,2,4,5,3.6666666666666665,245,At Risk,1616.66,540,7819.08,264.22
1761,526,5,6284.96,3,4,4,3.6666666666666665,344,Potential Loyalists,1256.992,526,2420.84,3864.12
1762,732,3,2582.25,1,3,2,2.0,132,Cant Lose Them,860.75,732,2582.25,0.0
1763,439,6,9070.32,4,5,5,4.666666666666667,455,Champions,1511.72,439,1172.14,7898.18
1764,671,1,521.96,1,1,1,1.0,111,Lost,521.96,671,0.0,521.96
1765,520,3,7381.96,3,3,4,3.3333333333333335,334,Potential Loyalists,2460.653333333333,520,1330.55,6051.41
1766,617,2,2233.23,2,2,2,2.0,222,Need Attention,1116.615,617,1815.16,418.07
1767,985,2,1817.56,1,2,1,1.3333333333333333,121,Lost,908.78,985,1817.56,0.0
1769,660,4,6278.1,1,4,4,3.0,144,At Risk,1569.525,660,4773.42,1504.68
1770,453,7,8520.64,4,5,5,4.666666666666667,455,Champions,1217.2342857142855,453,6827.61,1693.03
1771,920,1,4808.41,1,1,3,1.6666666666666667,113,Lost,4808.41,920,4808.41,0.0
1772,437,7,5407.68,4,5,4,4.333333333333333,454,Champions,772.5257142857143,437,4355.31,1052.37
1773,416,4,4165.46,4,4,3,3.6666666666666665,443,Loyal Customers,1041.365,416,3518.46,647.0
1774,732,1,1051.1,1,1,1,1.0,111,Lost,1051.1,732,1051.1,0.0
1775,636,7,9560.03,2,5,5,4.0,255,At Risk,1365.7185714285715,636,8672.72,887.31
1776,765,5,5381.04,1,4,4,3.0,144,At Risk,1076.208,765,5381.04,0.0
1777,514,4,6705.98,3,4,4,3.6666666666666665,344,Potential Loyalists,1676.495,514,5806.71,899.27
1778,631,7,7603.61,2,5,4,3.6666666666666665,254,At Risk,1086.23,631,5528.64,2074.97
1779,399,2,2540.17,5,2,2,3.0,522,Recent Customers,1270.085,399,1501.49,1038.68
1780,426,3,2604.21,4,3,2,3.0,432,Potential Loyalists,868.07,426,801.88,1802.33
1781,507,6,7824.26,3,5,5,4.333333333333333,355,Potential Loyalists,1304.0433333333333,507,5231.75,2592.51
1782,524,3,2097.15,3,3,2,2.6666666666666665,332,Potential Loyalists,699.0500000000001,524,0.0,2097.15
1783,472,7,6036.74,3,5,4,4.0,354,Potential Loyalists,862.3914285714285,472,3607.51,2429.23
1784,533,3,3772.58,2,3,3,2.6666666666666665,233,Cant Lose Them,1257.5266666666666,533,2739.22,1033.36
1785,1046,1,767.67,1,1,1,1.0,111,Lost,767.67,1046,767.67,0.0
1786,526,3,6057.1,3,3,4,3.3333333333333335,334,Potential Loyalists,2019.0333333333335,526,1034.91,5022.19
1787,458,7,6175.01,4,5,4,4.333333333333333,454,Champions,882.1442857142857,458,5650.5,524.51
1788,376,3,2496.15,5,3,2,3.3333333333333335,532,Potential Loyalists,832.0500000000001,376,1865.11,631.04
1789,647,4,2281.5,2,4,2,2.6666666666666665,242,At Risk,570.375,647,806.32,1475.18
1790,654,4,3623.43,1,4,3,2.6666666666666665,143,At Risk,905.8575,654,2636.06,987.37
1791,672,2,6532.2699999999995,1,2,4,2.3333333333333335,124,Lost,3266.1349999999998,672,5414.36,1117.91
1792,412,6,7075.8,4,5,4,4.333333333333333,454,Champions,1179.3,412,3151.43,3924.37
1794,387,4,2563.13,5,4,2,3.6666666666666665,542,Potential Loyalists,640.7825,387,1575.57,987.56
1795,436,6,3428.68,4,5,3,4.0,453,Loyal Customers,571.4466666666666,436,1805.52,1623.16
1796,420,5,3503.88,4,4,3,3.6666666666666665,443,Loyal Customers,700.7760000000001,420,897.68,2606.2
1797,456,1,506.62,4,1,1,2.0,411,Recent Customers,506.62,456,0.0,506.62
1798,477,5,9226.67,3,4,5,4.0,345,Potential Loyalists,1845.334,477,4102.68,5123.99
1799,502,6,5721.59,3,5,4,4.0,354,Potential Loyalists,953.5983333333334,502,3263.04,2458.55
1800,413,5,7574.889999999999,4,4,4,4.0,444,Champions,1514.9779999999998,413,1025.29,6549.6
1801,521,4,8624.39,3,4,5,4.0,345,Potential Loyalists,2156.0975,521,4006.16,4618.23
1802,498,8,5589.33,3,5,4,4.0,354,Potential Loyalists,698.66625,498,3920.55,1668.78
1803,391,2,2524.75,5,2,2,3.0,522,Recent Customers,1262.375,391,0.0,2524.75
1804,755,3,1483.0900000000001,1,3,1,1.6666666666666667,131,Cant Lose Them,494.3633333333334,755,1483.09,0.0
1805,510,6,5525.85,3,5,4,4.0,354,Potential Loyalists,920.975,510,2205.45,3320.4
1806,686,4,4139.76,1,4,3,2.6666666666666665,143,At Risk,1034.94,686,2942.84,1196.92
1807,491,7,6941.13,3,5,4,4.0,354,Potential Loyalists,991.59,491,5578.17,1362.96
1808,454,7,6638.16,4,5,4,4.333333333333333,454,Champions,948.3085714285714,454,2178.62,4459.54
1809,567,5,3280.8,2,4,2,2.6666666666666665,242,At Risk,656.1600000000001,567,949.99,2330.81
1810,1002,2,2986.5699999999997,1,2,2,1.6666666666666667,122,Lost,1493.2849999999999,1002,2986.57,0.0
1811,698,2,1170.84,1,2,1,1.3333333333333333,121,Lost,585.42,698,526.18,644.66
1812,758,3,2332.8,1,3,2,2.0,132,Cant Lose Them,777.6,758,2332.8,0.0
1813,612,3,2663.5699999999997,2,3,2,2.3333333333333335,232,Cant Lose Them,887.8566666666666,612,1076.2,1587.37
1814,386,2,1060.67,5,2,1,2.6666666666666665,521,Recent Customers,530.335,386,0.0,1060.67
1815,495,7,5755.2699999999995,3,5,4,4.0,354,Potential Loyalists,822.1814285714285,495,2288.95,3466.32
1816,758,2,5936.93,1,2,4,2.3333333333333335,124,Lost,2968.465,758,5936.93,0.0
1817,538,4,3244.36,2,4,2,2.6666666666666665,242,At Risk,811.09,538,979.23,2265.13
1818,434,7,7441.110000000001,4,5,4,4.333333333333333,454,Champions,1063.0157142857145,434,3564.99,3876.12
1819,544,2,2440.8500000000004,2,2,2,2.0,222,Need Attention,1220.4250000000002,544,372.03,2068.82
1820,451,2,2375.0,4,2,2,2.6666666666666665,422,Recent Customers,1187.5,451,0.0,2375.0
1821,447,3,2273.92,4,3,2,3.0,432,Potential Loyalists,757.9733333333334,447,0.0,2273.92
1822,577,5,7748.18,2,4,4,3.3333333333333335,244,At Risk,1549.636,577,3496.64,4251.54
1823,392,5,4837.71,5,4,3,4.0,543,Loyal Customers,967.542,392,0.0,4837.71
1824,369,5,7030.379999999999,5,4,4,4.333333333333333,544,Champions,1406.0759999999998,369,1097.82,5932.56
1826,481,4,2169.37,3,4,2,3.0,342,Potential Loyalists,542.3425,481,1019.59,1149.78
1827,369,6,6979.36,5,5,4,4.666666666666667,554,Champions,1163.2266666666667,369,3595.35,3384.01
1828,658,3,2022.5000000000002,1,3,2,2.0,132,Cant Lose Them,674.1666666666667,658,962.55,1059.95
1829,886,2,821.84,1,2,1,1.3333333333333333,121,Lost,410.92,886,821.84,0.0
1830,416,6,3837.9300000000003,4,5,3,4.0,453,Loyal Customers,639.6550000000001,416,2093.82,1744.11
1831,450,5,5624.69,4,4,4,4.0,444,Champions,1124.9379999999999,450,3420.43,2204.26
1832,803,1,419.39,1,1,1,1.0,111,Lost,419.39,803,419.39,0.0
1833,478,4,5296.650000000001,3,4,4,3.6666666666666665,344,Potential Loyalists,1324.1625000000001,478,4891.75,404.9
1834,803,2,2693.34,1,2,2,1.6666666666666667,122,Lost,1346.67,803,2693.34,0.0
1835,387,4,8155.96,5,4,5,4.666666666666667,545,Champions,2038.99,387,5916.33,2239.63
1836,611,4,3561.45,2,4,3,3.0,243,At Risk,890.3625,611,2733.25,828.2
1837,530,7,6074.87,2,5,4,3.6666666666666665,254,At Risk,867.8385714285714,530,696.43,5378.44
1838,561,3,3346.38,2,3,3,2.6666666666666665,233,Cant Lose Them,1115.46,561,934.74,2411.64
1839,489,7,5635.49,3,5,4,4.0,354,Potential Loyalists,805.0699999999999,489,1458.7,4176.79
1840,684,4,5611.15,1,4,4,3.0,144,At Risk,1402.7875,684,3530.72,2080.43
1841,371,3,2467.4700000000003,5,3,2,3.3333333333333335,532,Potential Loyalists,822.4900000000001,371,585.12,1882.35
1842,379,1,420.27,5,1,1,2.3333333333333335,511,Recent Customers,420.27,379,0.0,420.27
1843,713,5,12894.98,1,4,5,3.3333333333333335,145,At Risk,2578.996,713,11966.08,928.9
1844,474,6,15375.45,3,5,5,4.333333333333333,355,Potential Loyalists,2562.5750000000003,474,10380.21,4995.24
1845,496,4,8522.43,3,4,5,4.0,345,Potential Loyalists,2130.6075,496,2895.6,5626.83
1846,465,8,10695.56,3,5,5,4.333333333333333,355,Potential Loyalists,1336.945,465,2013.83,8681.73
1847,556,8,9748.54,2,5,5,4.0,255,At Risk,1218.5675,556,1835.44,7913.1
1848,566,2,1242.94,2,2,1,1.6666666666666667,221,Need Attention,621.47,566,0.0,1242.94
1849,829,4,2231.86,1,4,2,2.3333333333333335,142,At Risk,557.965,829,2231.86,0.0
1850,713,6,6970.14,1,5,4,3.3333333333333335,154,At Risk,1161.69,713,6573.94,396.2
1851,629,4,2510.13,2,4,2,2.6666666666666665,242,At Risk,627.5325,629,358.49,2151.64
1852,605,4,7398.52,2,4,4,3.3333333333333335,244,At Risk,1849.63,605,6868.98,529.54
1853,562,3,2378.36,2,3,2,2.3333333333333335,232,Cant Lose Them,792.7866666666667,562,1889.06,489.3
1854,553,6,3831.1600000000003,2,5,3,3.3333333333333335,253,At Risk,638.5266666666668,553,1783.91,2047.25
1855,399,3,1980.85,5,3,1,3.0,531,Potential Loyalists,660.2833333333333,399,429.77,1551.08
1856,851,2,1650.19,1,2,1,1.3333333333333333,121,Lost,825.095,851,1650.19,0.0
1857,484,3,3829.5499999999997,3,3,3,3.0,333,Potential Loyalists,1276.5166666666667,484,2218.85,1610.7
1858,463,7,4540.2,3,5,3,3.6666666666666665,353,Potential Loyalists,648.6,463,3178.92,1361.28
1859,530,3,2519.4700000000003,2,3,2,2.3333333333333335,232,Cant Lose Them,839.8233333333334,530,889.23,1630.24
1860,434,3,1327.06,4,3,1,2.6666666666666665,431,Potential Loyalists,442.3533333333333,434,512.38,814.68
1861,831,2,1519.5700000000002,1,2,1,1.3333333333333333,121,Lost,759.7850000000001,831,1519.57,0.0
1862,535,4,7331.55,2,4,4,3.3333333333333335,244,At Risk,1832.8875,535,6801.83,529.72
1863,540,7,13030.62,2,5,5,4.0,255,At Risk,1861.517142857143,540,7976.95,5053.67
1864,707,4,2354.22,1,4,2,2.3333333333333335,142,At Risk,588.555,707,2028.96,325.26
1865,510,4,7353.27,3,4,4,3.6666666666666665,344,Potential Loyalists,1838.3175,510,6367.61,985.66
1866,572,4,3876.4700000000003,2,4,3,3.0,243,At Risk,969.1175000000001,572,1635.56,2240.91
1867,573,5,6086.6,2,4,4,3.3333333333333335,244,At Risk,1217.3200000000002,573,4411.16,1675.44
1868,555,4,2915.67,2,4,2,2.6666666666666665,242,At Risk,728.9175,555,484.66,2431.01
1869,458,7,16204.51,4,5,5,4.666666666666667,455,Champions,2314.93,458,5657.46,10547.05
1870,589,5,5671.13,2,4,4,3.3333333333333335,244,At Risk,1134.226,589,1571.09,4100.04
1871,876,1,1647.88,1,1,1,1.0,111,Lost,1647.88,876,1647.88,0.0
1872,474,5,6621.280000000001,3,4,4,3.6666666666666665,344,Potential Loyalists,1324.256,474,1317.22,5304.06
1873,476,4,4252.33,3,4,3,3.3333333333333335,343,Potential Loyalists,1063.0825,476,0.0,4252.33
1874,543,8,9232.92,2,5,5,4.0,255,At Risk,1154.115,543,8177.04,1055.88
1875,572,4,1993.99,2,4,1,2.3333333333333335,241,At Risk,498.4975,572,982.15,1011.84
1876,451,5,4307.14,4,4,3,3.6666666666666665,443,Loyal Customers,861.4280000000001,451,2229.18,2077.96
1877,783,1,270.28,1,1,1,1.0,111,Lost,270.28,783,270.28,0.0
1878,613,5,5429.610000000001,2,4,4,3.3333333333333335,244,At Risk,1085.922,613,1306.2,4123.41
1879,369,3,1787.53,5,3,1,3.0,531,Potential Loyalists,595.8433333333334,369,1111.39,676.14
1880,480,1,1424.61,3,1,1,1.6666666666666667,311,Need Attention,1424.61,480,0.0,1424.61
1881,403,3,6836.5599999999995,5,3,4,4.0,534,Loyal Customers,2278.853333333333,403,5789.12,1047.44
1882,448,2,2567.2200000000003,4,2,2,2.6666666666666665,422,Recent Customers,1283.6100000000001,448,0.0,2567.22
1883,811,1,576.42,1,1,1,1.0,111,Lost,576.42,811,576.42,0.0
1884,875,2,2129.38,1,2,2,1.6666666666666667,122,Lost,1064.69,875,2129.38,0.0
1885,545,7,12276.8,2,5,5,4.0,255,At Risk,1753.8285714285714,545,2627.46,9649.34
1886,806,2,2883.7,1,2,2,1.6666666666666667,122,Lost,1441.85,806,2883.7,0.0
1887,931,2,783.01,1,2,1,1.3333333333333333,121,Lost,391.505,931,783.01,0.0
1888,707,4,3981.9,1,4,3,2.6666666666666665,143,At Risk,995.475,707,3473.31,508.59
1889,420,6,3008.17,4,5,2,3.6666666666666665,452,Potential Loyalists,501.3616666666667,420,1621.55,1386.62
1890,445,4,8632.46,4,4,5,4.333333333333333,445,Champions,2158.115,445,7517.56,1114.9
1891,848,1,1908.9,1,1,1,1.0,111,Lost,1908.9,848,1908.9,0.0
1892,399,3,7258.74,5,3,4,4.0,534,Loyal Customers,2419.58,399,6814.13,444.61
1893,389,6,5620.52,5,5,4,4.666666666666667,554,Champions,936.7533333333334,389,4075.68,1544.84
1894,1079,1,379.15,1,1,1,1.0,111,Lost,379.15,1079,379.15,0.0
1895,518,3,2429.36,3,3,2,2.6666666666666665,332,Potential Loyalists,809.7866666666667,518,0.0,2429.36
1896,400,3,2857.83,5,3,2,3.3333333333333335,532,Potential Loyalists,952.61,400,0.0,2857.83
1897,916,4,7787.96,1,4,5,3.3333333333333335,145,At Risk,1946.99,916,7787.96,0.0
1898,616,3,5047.09,2,3,3,2.6666666666666665,233,Cant Lose Them,1682.3633333333335,616,4173.34,873.75
1899,566,3,6188.49,2,3,4,3.0,234,Cant Lose Them,2062.83,566,5750.92,437.57
1900,504,4,6571.36,3,4,4,3.6666666666666665,344,Potential Loyalists,1642.84,504,418.86,6152.5
1901,496,8,9493.39,3,5,5,4.333333333333333,355,Potential Loyalists,1186.67375,496,6478.05,3015.34
1902,780,3,2109.7200000000003,1,3,2,2.0,132,Cant Lose Them,703.2400000000001,780,2109.72,0.0
1903,381,7,4489.03,5,5,3,4.333333333333333,553,Loyal Customers,641.29,381,1953.83,2535.2
1904,367,4,2603.97,5,4,2,3.6666666666666665,542,Potential Loyalists,650.9925,367,1600.96,1003.01
1905,508,4,3062.86,3,4,2,3.0,342,Potential Loyalists,765.715,508,2101.23,961.63
1906,653,2,6862.05,1,2,4,2.3333333333333335,124,Lost,3431.025,653,572.76,6289.29
1907,438,6,3749.02,4,5,3,4.0,453,Loyal Customers,624.8366666666667,438,1029.85,2719.17
1908,730,3,2933.4300000000003,1,3,2,2.0,132,Cant Lose Them,977.8100000000001,730,2161.09,772.34
1909,406,3,1832.0,5,3,1,3.0,531,Potential Loyalists,610.6666666666666,406,1380.1,451.9
1910,815,3,6349.0599999999995,1,3,4,2.6666666666666665,134,Cant Lose Them,2116.353333333333,815,6349.06,0.0
1911,408,5,2377.49,5,4,2,3.6666666666666665,542,Potential Loyalists,475.49799999999993,408,1284.45,1093.04
1912,673,5,8039.1900000000005,1,4,5,3.3333333333333335,145,At Risk,1607.8380000000002,673,7198.48,840.71
1913,405,1,597.94,5,1,1,2.3333333333333335,511,Recent Customers,597.94,405,0.0,597.94
1914,487,7,3298.4700000000003,3,5,2,3.3333333333333335,352,Potential Loyalists,471.21000000000004,487,630.08,2668.39
1915,408,7,11337.93,5,5,5,5.0,555,Champions,1619.7042857142858,408,9460.05,1877.88
1916,402,4,7442.11,5,4,4,4.333333333333333,544,Champions,1860.5275,402,210.44,7231.67
1917,638,3,6934.12,2,3,4,3.0,234,Cant Lose Them,2311.3733333333334,638,6456.34,477.78
1918,463,2,4994.31,3,2,3,2.6666666666666665,323,Need Attention,2497.155,463,3915.65,1078.66
1919,637,3,2505.76,2,3,2,2.3333333333333335,232,Cant Lose Them,835.2533333333334,637,354.41,2151.35
1920,453,10,11240.04,4,5,5,4.666666666666667,455,Champions,1124.0040000000001,453,7082.87,4157.17
1921,979,1,380.55,1,1,1,1.0,111,Lost,380.55,979,380.55,0.0
1922,548,2,1304.7600000000002,2,2,1,1.6666666666666667,221,Need Attention,652.3800000000001,548,652.32,652.44
1923,537,2,1848.57,2,2,1,1.6666666666666667,221,Need Attention,924.285,537,803.24,1045.33
1924,454,7,5785.4400000000005,4,5,4,4.333333333333333,454,Champions,826.4914285714286,454,1994.39,3791.05
1925,375,2,1613.58,5,2,1,2.6666666666666665,521,Recent Customers,806.79,375,488.78,1124.8
1928,566,5,7587.73,2,4,4,3.3333333333333335,244,At Risk,1517.5459999999998,566,3513.25,4074.48
1929,960,2,1119.62,1,2,1,1.3333333333333333,121,Lost,559.81,960,1119.62,0.0
1930,407,9,5167.71,5,5,4,4.666666666666667,554,Champions,574.19,407,3624.76,1542.95
1931,687,4,2760.28,1,4,2,2.3333333333333335,142,At Risk,690.07,687,2205.11,555.17
1932,406,5,9108.96,5,4,5,4.666666666666667,545,Champions,1821.792,406,3678.87,5430.09
1933,425,7,12406.84,4,5,5,4.666666666666667,455,Champions,1772.4057142857143,425,11398.38,1008.46
1934,575,3,5465.07,2,3,4,3.0,234,Cant Lose Them,1821.6899999999998,575,558.11,4906.96
1935,450,6,15253.599999999999,4,5,5,4.666666666666667,455,Champions,2542.2666666666664,450,10037.95,5215.65
1936,549,4,6987.9800000000005,2,4,4,3.3333333333333335,244,At Risk,1746.9950000000001,549,698.75,6289.23
1937,417,4,2739.5299999999997,4,4,2,3.3333333333333335,442,Potential Loyalists,684.8824999999999,417,539.22,2200.31
1938,437,8,8504.41,4,5,5,4.666666666666667,455,Champions,1063.05125,437,4063.8,4440.61
1939,693,3,2246.6,1,3,2,2.0,132,Cant Lose Them,748.8666666666667,693,609.03,1637.57
1940,501,6,5122.54,3,5,3,3.6666666666666665,353,Potential Loyalists,853.7566666666667,501,4716.45,406.09
1941,695,6,10664.16,1,5,5,3.6666666666666665,155,At Risk,1777.36,695,9881.5,782.66
1942,476,5,7794.5599999999995,3,4,5,4.0,345,Potential Loyalists,1558.9119999999998,476,5871.97,1922.59
1943,977,2,1533.8200000000002,1,2,1,1.3333333333333333,121,Lost,766.9100000000001,977,1533.82,0.0
1944,400,3,1395.59,5,3,1,3.0,531,Potential Loyalists,465.19666666666666,400,372.1,1023.49
1945,578,4,4937.639999999999,2,4,3,3.0,243,At Risk,1234.4099999999999,578,3907.77,1029.87
1946,383,2,6777.08,5,2,4,3.6666666666666665,524,Recent Customers,3388.54,383,0.0,6777.08
1947,530,5,2363.91,2,4,2,2.6666666666666665,242,At Risk,472.782,530,2027.47,336.44
1948,377,4,3475.62,5,4,3,4.0,543,Loyal Customers,868.905,377,1010.61,2465.01
1949,367,3,2560.64,5,3,2,3.3333333333333335,532,Potential Loyalists,853.5466666666666,367,1677.19,883.45
1950,398,5,9910.71,5,4,5,4.666666666666667,545,Champions,1982.1419999999998,398,6092.08,3818.63
1951,392,1,963.71,5,1,1,2.3333333333333335,511,Recent Customers,963.71,392,0.0,963.71
1952,854,4,8362.2,1,4,5,3.3333333333333335,145,At Risk,2090.55,854,8362.2,0.0
1953,491,5,16366.9,3,4,5,4.0,345,Potential Loyalists,3273.38,491,10752.95,5613.95
1954,511,5,4559.98,3,4,3,3.3333333333333335,343,Potential Loyalists,911.9959999999999,511,3530.02,1029.96
1955,466,3,9265.32,3,3,5,3.6666666666666665,335,Potential Loyalists,3088.44,466,6125.61,3139.71
1956,524,3,6235.27,3,3,4,3.3333333333333335,334,Potential Loyalists,2078.4233333333336,524,5849.93,385.34
1957,409,6,8111.119999999999,4,5,5,4.666666666666667,455,Champions,1351.8533333333332,409,780.77,7330.35
1958,543,6,7168.02,2,5,4,3.6666666666666665,254,At Risk,1194.67,543,4855.58,2312.44
1959,405,6,9009.79,5,5,5,5.0,555,Champions,1501.631666666667,405,5812.72,3197.07
1960,518,5,3467.35,3,4,3,3.3333333333333335,343,Potential Loyalists,693.47,518,1445.05,2022.3
1961,530,3,6767.74,2,3,4,3.0,234,Cant Lose Them,2255.9133333333334,530,749.66,6018.08
1962,579,4,4072.07,2,4,3,3.0,243,At Risk,1018.0175,579,0.0,4072.07
1963,533,4,7943.389999999999,2,4,5,3.6666666666666665,245,At Risk,1985.8474999999999,533,1645.42,6297.97
1964,614,4,12498.33,2,4,5,3.6666666666666665,245,At Risk,3124.5825,614,7013.33,5485.0
1965,368,5,4673.89,5,4,3,4.0,543,Loyal Customers,934.778,368,2300.77,2373.12
1967,433,8,11923.51,4,5,5,4.666666666666667,455,Champions,1490.43875,433,9243.53,2679.98
1968,375,6,8347.42,5,5,5,5.0,555,Champions,1391.2366666666667,375,2709.67,5637.75
1969,786,5,5428.01,1,4,4,3.0,144,At Risk,1085.602,786,5428.01,0.0
1970,576,3,1561.9,2,3,1,2.0,231,Cant Lose Them,520.6333333333333,576,1017.99,543.91
1971,417,8,13161.38,4,5,5,4.666666666666667,455,Champions,1645.1725,417,3521.41,9639.97
1972,614,2,9519.6,2,2,5,3.0,225,Need Attention,4759.8,614,4743.27,4776.33
1973,426,3,1857.1299999999999,4,3,1,2.6666666666666665,431,Potential Loyalists,619.0433333333333,426,0.0,1857.13
1974,581,3,5033.76,2,3,3,2.6666666666666665,233,Cant Lose Them,1677.92,581,2762.32,2271.44
1975,651,6,5280.75,1,5,4,3.3333333333333335,154,At Risk,880.125,651,2573.9,2706.85
1976,473,3,3451.17,3,3,3,3.0,333,Potential Loyalists,1150.39,473,491.27,2959.9
1977,808,1,522.46,1,1,1,1.0,111,Lost,522.46,808,522.46,0.0
1978,577,3,2437.19,2,3,2,2.3333333333333335,232,Cant Lose Them,812.3966666666666,577,2065.22,371.97
1979,464,3,4636.49,3,3,3,3.0,333,Potential Loyalists,1545.4966666666667,464,3827.23,809.26
1980,382,4,2317.13,5,4,2,3.6666666666666665,542,Potential Loyalists,579.2825,382,1488.25,828.88
1981,375,4,1712.9099999999999,5,4,1,3.3333333333333335,541,Potential Loyalists,428.22749999999996,375,850.85,862.06
1982,631,5,2495.9700000000003,2,4,2,2.6666666666666665,242,At Risk,499.1940000000001,631,1710.91,785.06
1983,791,4,2515.31,1,4,2,2.3333333333333335,142,At Risk,628.8275,791,2515.31,0.0
1984,932,1,480.84,1,1,1,1.0,111,Lost,480.84,932,480.84,0.0
1985,622,5,10621.89,2,4,5,3.6666666666666665,245,At Risk,2124.3779999999997,622,3584.75,7037.14
1986,368,4,9833.57,5,4,5,4.666666666666667,545,Champions,2458.3925,368,3725.96,6107.61
1987,472,5,5102.88,3,4,3,3.3333333333333335,343,Potential Loyalists,1020.576,472,2083.62,3019.26
1988,1005,1,5264.02,1,1,4,2.0,114,Lost,5264.02,1005,5264.02,0.0
1989,640,3,1808.1100000000001,2,3,1,2.0,231,Cant Lose Them,602.7033333333334,640,1240.11,568.0
1990,395,5,4127.01,5,4,3,4.0,543,Loyal Customers,825.402,395,1036.99,3090.02
1991,367,4,6993.25,5,4,4,4.333333333333333,544,Champions,1748.3125,367,5273.65,1719.6
1992,375,5,4271.65,5,4,3,4.0,543,Loyal Customers,854.3299999999999,375,2587.26,1684.39
1993,460,4,3051.9700000000003,4,4,2,3.3333333333333335,442,Potential Loyalists,762.9925000000001,460,1941.03,1110.94
1994,410,2,2838.02,4,2,2,2.6666666666666665,422,Recent Customers,1419.01,410,0.0,2838.02
1995,565,7,4642.25,2,5,3,3.3333333333333335,253,At Risk,663.1785714285714,565,2320.63,2321.62
1997,366,6,16703.38,5,5,5,5.0,555,Champions,2783.896666666667,366,10314.46,6388.92
1998,483,7,6762.92,3,5,4,4.0,354,Potential Loyalists,966.1314285714286,483,2137.59,4625.33
2000,696,2,1939.47,1,2,1,1.3333333333333333,121,Lost,969.735,696,620.49,1318.98
