customer_id,recency,frequency,monetary,R_score,F_score,M_score,rfm_score,rfm_segment_code,segment,customer_value,days_since_purchase,segment_group,risk_level,monetization_potential,engagement_score,lifecycle_stage,action_priority,roi_category
1,512,4,6322.97,3,3,4,3.333333333333333,334,Potential Loyalists,1580.7425,512,Growth,None,High,3.2,Regular,Low,Medium-High ROI
2,739,1,455.29,1,1,1,1.0,111,Lost,455.29,739,Lost,High,Low,1.0,Dormant,High,Low ROI
3,402,4,2770.76,5,3,2,3.333333333333333,532,Potential Loyalists,692.69,402,Growth,None,Medium,3.6,Active,Low,Medium-High ROI
4,450,4,10882.06,4,3,5,4.0,435,Loyal Customers,2720.515,450,High Value,None,High,3.8,Active,Low,Medium-High ROI
5,522,3,4344.43,3,2,3,2.6666666666666665,323,Need Attention,1448.1433333333334,522,Lost,None,Medium,2.6,Regular,Low,Low ROI
6,573,3,1529.81,2,2,1,1.6666666666666667,221,Need Attention,509.93666666666667,573,Lost,None,Medium,1.8,Dormant,Low,Low ROI
7,533,4,11642.65,2,3,5,3.333333333333333,235,Cant Lose Them,2910.6625,533,Lost,None,High,3.0,Inactive,Low,Low ROI
8,618,4,4945.95,2,3,3,2.6666666666666665,233,Cant Lose Them,1236.4875,618,Lost,None,High,2.6,Inactive,Low,Low ROI
9,820,1,491.71,1,1,1,1.0,111,Lost,491.71,820,Lost,High,Low,1.0,Dormant,High,Low ROI
10,422,7,5285.58,4,5,4,4.333333333333333,454,Champions,755.0828571428572,422,High Value,None,Very High,4.4,Active,Low,Low ROI
11,584,4,9821.59,2,3,5,3.333333333333333,235,Cant Lose Them,2455.3975,584,Lost,None,High,3.0,Inactive,Low,Low ROI
12,493,5,5712.950000000001,3,4,4,3.6666666666666665,344,Potential Loyalists,1142.59,493,Growth,None,Very High,3.6,Regular,Low,Medium-High ROI
13,493,2,2212.24,3,1,2,2.0,312,Need Attention,1106.12,493,Lost,None,Medium,2.0,Regular,Low,Low ROI
14,611,4,2304.3,2,3,2,2.333333333333333,232,Cant Lose Them,576.075,611,Lost,None,Medium,2.4,Inactive,Low,Low ROI
15,523,1,4280.68,3,1,3,2.333333333333333,313,Need Attention,4280.68,523,Lost,None,Medium,2.2,Regular,Low,Low ROI
16,439,6,6628.0,4,4,4,4.0,444,Champions,1104.6666666666667,439,High Value,None,Very High,4.0,Active,Low,Low ROI
17,397,3,2713.83,5,2,2,3.0,522,Recent Customers,904.61,397,Growth,Low,Medium,3.2,New,Medium,Growth Potential
18,530,2,1604.03,2,1,1,1.3333333333333333,211,Need Attention,802.015,530,Lost,None,Low,1.4,Dormant,Low,Low ROI
19,601,3,3090.16,2,2,2,2.0,222,Need Attention,1030.0533333333333,601,Lost,None,Medium,2.0,Dormant,Low,Low ROI
20,503,3,3274.64,3,2,2,2.333333333333333,322,Need Attention,1091.5466666666666,503,Lost,None,Medium,2.4,Regular,Low,Low ROI
21,385,8,11547.45,5,5,5,5.0,555,Champions,1443.43125,385,High Value,None,Very High,5.0,Active,Low,High ROI
22,406,6,5652.389999999999,5,4,4,4.333333333333333,544,Champions,942.065,406,High Value,None,Very High,4.4,Active,Low,Low ROI
23,729,2,724.51,1,1,1,1.0,111,Lost,362.255,729,Lost,High,Low,1.0,Dormant,High,Low ROI
24,785,3,7109.140000000001,1,2,4,2.333333333333333,124,Lost,2369.7133333333336,785,Lost,High,Medium,2.0,Dormant,High,Low ROI
25,500,5,3221.77,3,4,2,3.0,342,Potential Loyalists,644.354,500,Growth,None,Medium,3.2,Regular,Low,Medium-High ROI
26,606,5,6879.420000000001,2,4,4,3.333333333333333,244,At Risk,1375.8840000000002,606,At Risk,Medium,Very High,3.2,Inactive,Urgent,Critical (Win-back)
27,366,7,7233.28,5,5,4,4.666666666666667,554,Champions,1033.3257142857142,366,High Value,None,Very High,4.8,Active,Low,Low ROI
28,382,3,1626.44,5,2,1,2.6666666666666665,521,Recent Customers,542.1466666666666,382,Growth,Low,Medium,3.0,New,Medium,Growth Potential
29,390,7,8672.23,5,5,5,5.0,555,Champions,1238.89,390,High Value,None,Very High,5.0,Active,Low,High ROI
30,469,4,2626.98,3,3,2,2.6666666666666665,332,Potential Loyalists,656.745,469,Growth,None,Medium,2.8,Regular,Low,Medium-High ROI
31,470,3,6213.62,3,2,4,3.0,324,Need Attention,2071.2066666666665,470,Lost,None,Medium,2.8,Regular,Low,Low ROI
32,426,7,9285.78,4,5,5,4.666666666666667,455,Champions,1326.5400000000002,426,High Value,None,Very High,4.6,Active,Low,High ROI
33,631,5,9846.18,2,4,5,3.6666666666666665,245,At Risk,1969.236,631,At Risk,Medium,Very High,3.4,Inactive,Urgent,Critical (Win-back)
34,641,1,557.13,2,1,1,1.3333333333333333,211,Need Attention,557.13,641,Lost,None,Low,1.4,Dormant,Low,Low ROI
35,539,5,11358.39,2,4,5,3.6666666666666665,245,At Risk,2271.678,539,At Risk,Medium,Very High,3.4,Inactive,Urgent,Critical (Win-back)
37,373,6,5817.33,5,4,4,4.333333333333333,544,Champions,969.555,373,High Value,None,Very High,4.4,Active,Low,Low ROI
38,436,6,10286.89,4,4,5,4.333333333333333,445,Champions,1714.4816666666666,436,High Value,None,Very High,4.2,Active,Low,High ROI
39,431,5,8005.44,4,4,5,4.333333333333333,445,Champions,1601.0880000000002,431,High Value,None,Very High,4.2,Active,Low,High ROI
40,395,2,3161.26,5,1,2,2.6666666666666665,512,Recent Customers,1580.63,395,Growth,Low,Medium,2.8,New,Medium,Growth Potential
41,388,8,9273.03,5,5,5,5.0,555,Champions,1159.12875,388,High Value,None,Very High,5.0,Active,Low,High ROI
42,464,4,6244.4,3,3,4,3.333333333333333,334,Potential Loyalists,1561.1,464,Growth,None,High,3.2,Regular,Low,Medium-High ROI
43,371,6,3998.58,5,4,3,4.0,543,Loyal Customers,666.43,371,High Value,None,High,4.2,Active,Low,Medium-High ROI
44,487,3,2135.02,3,2,2,2.333333333333333,322,Need Attention,711.6733333333333,487,Lost,None,Medium,2.4,Regular,Low,Low ROI
45,393,3,2529.44,5,2,2,3.0,522,Recent Customers,843.1466666666666,393,Growth,Low,Medium,3.2,New,Medium,Growth Potential
46,367,3,5161.67,5,2,4,3.6666666666666665,524,Recent Customers,1720.5566666666666,367,Growth,Low,Medium,3.6,New,Medium,Growth Potential
47,440,3,6676.59,4,2,4,3.333333333333333,424,Recent Customers,2225.53,440,Growth,Low,Medium,3.2,New,Medium,Growth Potential
48,510,3,6170.5,3,2,4,3.0,324,Need Attention,2056.833333333333,510,Lost,None,Medium,2.8,Regular,Low,Low ROI
49,574,3,4205.85,2,2,3,2.333333333333333,223,Need Attention,1401.95,574,Lost,None,Medium,2.2,Dormant,Low,Low ROI
50,398,2,842.31,5,1,1,2.333333333333333,511,Recent Customers,421.155,398,Growth,Low,Low,2.6,New,Medium,Growth Potential
51,649,3,10916.63,2,2,5,3.0,225,Need Attention,3638.876666666667,649,Lost,None,Medium,2.6,Dormant,Low,Low ROI
52,368,7,11425.14,5,5,5,5.0,555,Champions,1632.162857142857,368,High Value,None,Very High,5.0,Active,Low,High ROI
53,378,6,8041.620000000001,5,4,5,4.666666666666667,545,Champions,1340.2700000000002,378,High Value,None,Very High,4.6,Active,Low,High ROI
54,366,3,3671.65,5,2,3,3.333333333333333,523,Recent Customers,1223.8833333333332,366,Growth,Low,Medium,3.4,New,Medium,Growth Potential
55,453,4,2484.27,4,3,2,3.0,432,Potential Loyalists,621.0675,453,Growth,None,Medium,3.2,Active,Low,Medium-High ROI
56,408,8,10455.28,5,5,5,5.0,555,Champions,1306.91,408,High Value,None,Very High,5.0,Active,Low,High ROI
57,714,2,1615.85,1,1,1,1.0,111,Lost,807.925,714,Lost,High,Low,1.0,Dormant,High,Low ROI
59,494,6,11395.15,3,4,5,4.0,345,Potential Loyalists,1899.1916666666664,494,Growth,None,Very High,3.8,Regular,Low,Medium-High ROI
60,459,4,5386.15,4,3,4,3.6666666666666665,434,Loyal Customers,1346.5375,459,High Value,None,High,3.6,Active,Low,Medium-High ROI
61,480,5,4010.03,3,4,3,3.333333333333333,343,Potential Loyalists,802.006,480,Growth,None,High,3.4,Regular,Low,Medium-High ROI
62,383,2,5204.97,5,1,4,3.333333333333333,514,Recent Customers,2602.485,383,Growth,Low,Medium,3.2,New,Medium,Growth Potential
63,472,3,1298.24,3,2,1,2.0,321,Need Attention,432.7466666666666,472,Lost,None,Medium,2.2,Regular,Low,Low ROI
64,432,4,4267.9,4,3,3,3.333333333333333,433,Loyal Customers,1066.975,432,High Value,None,High,3.4,Active,Low,Medium-High ROI
65,438,2,2489.25,4,1,2,2.333333333333333,412,Recent Customers,1244.625,438,Growth,Low,Medium,2.4,New,Medium,Growth Potential
66,718,4,2760.76,1,3,2,2.0,132,Cant Lose Them,690.1899999999999,718,Lost,None,Medium,2.0,Inactive,Low,Low ROI
67,552,2,936.51,2,1,1,1.3333333333333333,211,Need Attention,468.255,552,Lost,None,Low,1.4,Dormant,Low,Low ROI
68,523,6,4892.66,3,4,3,3.333333333333333,343,Potential Loyalists,815.4433333333333,523,Growth,None,High,3.4,Regular,Low,Medium-High ROI
69,659,4,7033.43,1,3,4,2.6666666666666665,134,Cant Lose Them,1758.3575,659,Lost,None,High,2.4,Inactive,Low,Low ROI
70,767,1,373.01,1,1,1,1.0,111,Lost,373.01,767,Lost,High,Low,1.0,Dormant,High,Low ROI
71,576,4,7951.610000000001,2,3,5,3.333333333333333,235,Cant Lose Them,1987.9025,576,Lost,None,High,3.0,Inactive,Low,Low ROI
72,826,1,220.49,1,1,1,1.0,111,Lost,220.49,826,Lost,High,Low,1.0,Dormant,High,Low ROI
73,374,5,5100.89,5,4,3,4.0,543,Loyal Customers,1020.178,374,High Value,None,High,4.2,Active,Low,Medium-High ROI
74,441,4,5214.0,4,3,4,3.6666666666666665,434,Loyal Customers,1303.5,441,High Value,None,High,3.6,Active,Low,Medium-High ROI
75,550,5,2812.67,2,4,2,2.6666666666666665,242,At Risk,562.534,550,At Risk,Medium,Medium,2.8,Inactive,Urgent,Low ROI
76,374,5,5118.83,5,4,3,4.0,543,Loyal Customers,1023.766,374,High Value,None,High,4.2,Active,Low,Medium-High ROI
77,482,4,2306.26,3,3,2,2.6666666666666665,332,Potential Loyalists,576.565,482,Growth,None,Medium,2.8,Regular,Low,Medium-High ROI
78,449,9,8491.88,4,5,5,4.666666666666667,455,Champions,943.542222222222,449,High Value,None,Very High,4.6,Active,Low,High ROI
79,438,4,4009.43,4,3,3,3.333333333333333,433,Loyal Customers,1002.3575,438,High Value,None,High,3.4,Active,Low,Medium-High ROI
80,444,5,5240.57,4,4,4,4.0,444,Champions,1048.114,444,High Value,None,Very High,4.0,Active,Low,Low ROI
81,582,2,2820.2000000000003,2,1,2,1.6666666666666667,212,Need Attention,1410.1,582,Lost,None,Medium,1.6,Dormant,Low,Low ROI
82,375,9,9386.55,5,5,5,5.0,555,Champions,1042.95,375,High Value,None,Very High,5.0,Active,Low,High ROI
83,910,1,647.27,1,1,1,1.0,111,Lost,647.27,910,Lost,High,Low,1.0,Dormant,High,Low ROI
84,871,3,2998.4,1,2,2,1.6666666666666667,122,Lost,999.4666666666668,871,Lost,High,Medium,1.6,Dormant,High,Low ROI
85,504,3,6767.780000000001,3,2,4,3.0,324,Need Attention,2255.9266666666667,504,Lost,None,Medium,2.8,Regular,Low,Low ROI
86,620,2,2712.07,2,1,2,1.6666666666666667,212,Need Attention,1356.035,620,Lost,None,Medium,1.6,Dormant,Low,Low ROI
87,847,1,6017.53,1,1,4,2.0,114,Lost,6017.53,847,Lost,High,Medium,1.6,Dormant,High,Low ROI
88,564,4,9274.71,2,3,5,3.333333333333333,235,Cant Lose Them,2318.6775,564,Lost,None,High,3.0,Inactive,Low,Low ROI
89,442,4,2820.31,4,3,2,3.0,432,Potential Loyalists,705.0775,442,Growth,None,Medium,3.2,Active,Low,Medium-High ROI
90,410,6,10186.89,4,4,5,4.333333333333333,445,Champions,1697.8150000000005,410,High Value,None,Very High,4.2,Active,Low,High ROI
91,382,4,7947.57,5,3,5,4.333333333333333,535,Loyal Customers,1986.8925,382,High Value,None,High,4.2,Active,Low,Medium-High ROI
92,663,6,12180.39,1,4,5,3.333333333333333,145,At Risk,2030.065,663,At Risk,Medium,Very High,3.0,Inactive,Urgent,Critical (Win-back)
93,539,4,3095.49,2,3,2,2.333333333333333,232,Cant Lose Them,773.8725,539,Lost,None,Medium,2.4,Inactive,Low,Low ROI
94,839,2,1005.98,1,1,1,1.0,111,Lost,502.99,839,Lost,High,Low,1.0,Dormant,High,Low ROI
95,447,5,5946.63,4,4,4,4.0,444,Champions,1189.326,447,High Value,None,Very High,4.0,Active,Low,Low ROI
96,923,4,4652.1900000000005,1,3,3,2.333333333333333,133,Cant Lose Them,1163.0475,923,Lost,None,High,2.2,Inactive,Low,Low ROI
97,413,5,4733.18,4,4,3,3.6666666666666665,443,Loyal Customers,946.636,413,High Value,None,High,3.8,Active,Low,Medium-High ROI
98,614,5,4088.92,2,4,3,3.0,243,At Risk,817.784,614,At Risk,Medium,High,3.0,Inactive,Urgent,Low ROI
99,441,6,10548.79,4,4,5,4.333333333333333,445,Champions,1758.1316666666664,441,High Value,None,Very High,4.2,Active,Low,High ROI
100,371,6,9349.88,5,4,5,4.666666666666667,545,Champions,1558.3133333333335,371,High Value,None,Very High,4.6,Active,Low,High ROI
101,949,2,925.16,1,1,1,1.0,111,Lost,462.58,949,Lost,High,Low,1.0,Dormant,High,Low ROI
102,542,5,3361.36,2,4,3,3.0,243,At Risk,672.2719999999999,542,At Risk,Medium,High,3.0,Inactive,Urgent,Low ROI
103,471,4,1646.79,3,3,1,2.333333333333333,331,Potential Loyalists,411.6975,471,Growth,None,Medium,2.6,Regular,Low,Medium-High ROI
104,670,6,4431.15,1,4,3,2.6666666666666665,143,At Risk,738.525,670,At Risk,Medium,High,2.6,Inactive,Urgent,Low ROI
105,998,1,927.79,1,1,1,1.0,111,Lost,927.79,998,Lost,High,Low,1.0,Dormant,High,Low ROI
106,614,6,5683.67,2,4,4,3.333333333333333,244,At Risk,947.2783333333332,614,At Risk,Medium,Very High,3.2,Inactive,Urgent,Critical (Win-back)
107,464,5,5181.8,3,4,4,3.6666666666666665,344,Potential Loyalists,1036.36,464,Growth,None,Very High,3.6,Regular,Low,Medium-High ROI
108,875,3,5608.4,1,2,4,2.333333333333333,124,Lost,1869.4666666666665,875,Lost,High,Medium,2.0,Dormant,High,Low ROI
109,805,3,1154.45,1,2,1,1.3333333333333333,121,Lost,384.81666666666666,805,Lost,High,Medium,1.4,Dormant,High,Low ROI
110,441,2,5134.15,4,1,3,2.6666666666666665,413,Recent Customers,2567.075,441,Growth,Low,Medium,2.6,New,Medium,Growth Potential
111,460,4,2737.57,4,3,2,3.0,432,Potential Loyalists,684.3925,460,Growth,None,Medium,3.2,Active,Low,Medium-High ROI
112,381,4,4510.4400000000005,5,3,3,3.6666666666666665,533,Loyal Customers,1127.61,381,High Value,None,High,3.8,Active,Low,Medium-High ROI
113,636,3,1892.4,2,2,1,1.6666666666666667,221,Need Attention,630.8000000000001,636,Lost,None,Medium,1.8,Dormant,Low,Low ROI
114,655,5,4009.19,1,4,3,2.6666666666666665,143,At Risk,801.838,655,At Risk,Medium,High,2.6,Inactive,Urgent,Low ROI
115,547,3,2664.57,2,2,2,2.0,222,Need Attention,888.1899999999999,547,Lost,None,Medium,2.0,Dormant,Low,Low ROI
116,401,4,7950.04,5,3,5,4.333333333333333,535,Loyal Customers,1987.51,401,High Value,None,High,4.2,Active,Low,Medium-High ROI
117,460,5,4368.86,4,4,3,3.6666666666666665,443,Loyal Customers,873.7719999999999,460,High Value,None,High,3.8,Active,Low,Medium-High ROI
118,614,6,11345.18,2,4,5,3.6666666666666665,245,At Risk,1890.8633333333332,614,At Risk,Medium,Very High,3.4,Inactive,Urgent,Critical (Win-back)
120,444,3,3967.78,4,2,3,3.0,423,Recent Customers,1322.5933333333337,444,Growth,Low,Medium,3.0,New,Medium,Growth Potential
121,471,7,8558.52,3,5,5,4.333333333333333,355,Potential Loyalists,1222.6457142857143,471,Growth,None,Very High,4.2,Regular,Low,Medium-High ROI
122,549,5,3597.1600000000003,2,4,3,3.0,243,At Risk,719.432,549,At Risk,Medium,High,3.0,Inactive,Urgent,Low ROI
123,747,1,242.9,1,1,1,1.0,111,Lost,242.9,747,Lost,High,Low,1.0,Dormant,High,Low ROI
124,477,2,2345.54,3,1,2,2.0,312,Need Attention,1172.77,477,Lost,None,Medium,2.0,Regular,Low,Low ROI
125,884,2,2983.04,1,1,2,1.3333333333333333,112,Lost,1491.52,884,Lost,High,Medium,1.2,Dormant,High,Low ROI
126,402,4,4310.49,5,3,3,3.6666666666666665,533,Loyal Customers,1077.6225,402,High Value,None,High,3.8,Active,Low,Medium-High ROI
127,613,2,992.71,2,1,1,1.3333333333333333,211,Need Attention,496.355,613,Lost,None,Low,1.4,Dormant,Low,Low ROI
128,619,2,2508.16,2,1,2,1.6666666666666667,212,Need Attention,1254.08,619,Lost,None,Medium,1.6,Dormant,Low,Low ROI
129,462,4,6034.469999999999,4,3,4,3.6666666666666665,434,Loyal Customers,1508.6174999999998,462,High Value,None,High,3.6,Active,Low,Medium-High ROI
130,804,2,1155.73,1,1,1,1.0,111,Lost,577.865,804,Lost,High,Low,1.0,Dormant,High,Low ROI
131,534,4,6067.42,2,3,4,3.0,234,Cant Lose Them,1516.855,534,Lost,None,High,2.8,Inactive,Low,Low ROI
132,461,5,14703.05,4,4,5,4.333333333333333,445,Champions,2940.61,461,High Value,None,Very High,4.2,Active,Low,High ROI
133,377,4,2245.25,5,3,2,3.333333333333333,532,Potential Loyalists,561.3125,377,Growth,None,Medium,3.6,Active,Low,Medium-High ROI
134,967,3,2048.96,1,2,2,1.6666666666666667,122,Lost,682.9866666666667,967,Lost,High,Medium,1.6,Dormant,High,Low ROI
135,377,2,1302.54,5,1,1,2.333333333333333,511,Recent Customers,651.27,377,Growth,Low,Low,2.6,New,Medium,Growth Potential
136,607,2,1505.67,2,1,1,1.3333333333333333,211,Need Attention,752.835,607,Lost,None,Low,1.4,Dormant,Low,Low ROI
137,485,5,2634.33,3,4,2,3.0,342,Potential Loyalists,526.866,485,Growth,None,Medium,3.2,Regular,Low,Medium-High ROI
138,475,3,5995.1,3,2,4,3.0,324,Need Attention,1998.3666666666668,475,Lost,None,Medium,2.8,Regular,Low,Low ROI
139,585,4,2014.51,2,3,2,2.333333333333333,232,Cant Lose Them,503.6275,585,Lost,None,Medium,2.4,Inactive,Low,Low ROI
140,441,9,14720.5,4,5,5,4.666666666666667,455,Champions,1635.611111111111,441,High Value,None,Very High,4.6,Active,Low,High ROI
141,378,4,2578.48,5,3,2,3.333333333333333,532,Potential Loyalists,644.62,378,Growth,None,Medium,3.6,Active,Low,Medium-High ROI
142,481,3,2565.1400000000003,3,2,2,2.333333333333333,322,Need Attention,855.0466666666667,481,Lost,None,Medium,2.4,Regular,Low,Low ROI
143,387,5,6525.62,5,4,4,4.333333333333333,544,Champions,1305.124,387,High Value,None,Very High,4.4,Active,Low,Low ROI
145,578,2,1845.82,2,1,1,1.3333333333333333,211,Need Attention,922.91,578,Lost,None,Low,1.4,Dormant,Low,Low ROI
146,478,6,12577.23,3,4,5,4.0,345,Potential Loyalists,2096.205,478,Growth,None,Very High,3.8,Regular,Low,Medium-High ROI
147,430,6,10656.03,4,4,5,4.333333333333333,445,Champions,1776.005,430,High Value,None,Very High,4.2,Active,Low,High ROI
148,715,4,4566.639999999999,1,3,3,2.333333333333333,133,Cant Lose Them,1141.66,715,Lost,None,High,2.2,Inactive,Low,Low ROI
149,473,8,6467.85,3,5,4,4.0,354,Potential Loyalists,808.48125,473,Growth,None,Very High,4.0,Regular,Low,Medium-High ROI
150,382,5,5097.23,5,4,3,4.0,543,Loyal Customers,1019.446,382,High Value,None,High,4.2,Active,Low,Medium-High ROI
152,437,9,14865.98,4,5,5,4.666666666666667,455,Champions,1651.7755555555557,437,High Value,None,Very High,4.6,Active,Low,High ROI
153,531,4,5578.96,2,3,4,3.0,234,Cant Lose Them,1394.74,531,Lost,None,High,2.8,Inactive,Low,Low ROI
154,404,3,5263.54,5,2,4,3.6666666666666665,524,Recent Customers,1754.513333333333,404,Growth,Low,Medium,3.6,New,Medium,Growth Potential
155,405,6,5881.089999999999,5,4,4,4.333333333333333,544,Champions,980.1816666666664,405,High Value,None,Very High,4.4,Active,Low,Low ROI
156,697,2,5537.03,1,1,4,2.0,114,Lost,2768.515,697,Lost,High,Medium,1.6,Dormant,High,Low ROI
157,407,3,3733.59,5,2,3,3.333333333333333,523,Recent Customers,1244.53,407,Growth,Low,Medium,3.4,New,Medium,Growth Potential
158,622,5,4717.05,2,4,3,3.0,243,At Risk,943.41,622,At Risk,Medium,High,3.0,Inactive,Urgent,Low ROI
159,498,2,1429.53,3,1,1,1.6666666666666667,311,Need Attention,714.765,498,Lost,None,Low,1.8,Regular,Low,Low ROI
160,694,3,1239.5700000000002,1,2,1,1.3333333333333333,121,Lost,413.19000000000005,694,Lost,High,Medium,1.4,Dormant,High,Low ROI
161,516,3,1248.15,3,2,1,2.0,321,Need Attention,416.05,516,Lost,None,Medium,2.2,Regular,Low,Low ROI
162,404,5,3123.19,5,4,2,3.6666666666666665,542,Potential Loyalists,624.6379999999999,404,Growth,None,Medium,4.0,Active,Low,Medium-High ROI
163,655,2,3259.4300000000003,1,1,2,1.3333333333333333,112,Lost,1629.715,655,Lost,High,Medium,1.2,Dormant,High,Low ROI
164,437,2,1149.56,4,1,1,2.0,411,Recent Customers,574.78,437,Growth,Low,Low,2.2,New,Medium,Growth Potential
165,372,5,8436.73,5,4,5,4.666666666666667,545,Champions,1687.346,372,High Value,None,Very High,4.6,Active,Low,High ROI
166,511,4,4931.89,3,3,3,3.0,333,Potential Loyalists,1232.9725,511,Growth,None,High,3.0,Regular,Low,Medium-High ROI
167,396,4,2564.24,5,3,2,3.333333333333333,532,Potential Loyalists,641.06,396,Growth,None,Medium,3.6,Active,Low,Medium-High ROI
168,414,3,5886.41,4,2,4,3.333333333333333,424,Recent Customers,1962.1366666666663,414,Growth,Low,Medium,3.2,New,Medium,Growth Potential
169,436,7,11236.6,4,5,5,4.666666666666667,455,Champions,1605.2285714285715,436,High Value,None,Very High,4.6,Active,Low,High ROI
170,530,6,8619.55,2,4,5,3.6666666666666665,245,At Risk,1436.5916666666665,530,At Risk,Medium,Very High,3.4,Inactive,Urgent,Critical (Win-back)
171,531,4,7770.960000000001,2,3,4,3.0,234,Cant Lose Them,1942.74,531,Lost,None,High,2.8,Inactive,Low,Low ROI
172,376,2,1897.04,5,1,1,2.333333333333333,511,Recent Customers,948.52,376,Growth,Low,Low,2.6,New,Medium,Growth Potential
173,796,1,661.96,1,1,1,1.0,111,Lost,661.96,796,Lost,High,Low,1.0,Dormant,High,Low ROI
174,967,1,2200.98,1,1,2,1.3333333333333333,112,Lost,2200.98,967,Lost,High,Medium,1.2,Dormant,High,Low ROI
175,794,4,3517.25,1,3,3,2.333333333333333,133,Cant Lose Them,879.3125,794,Lost,None,High,2.2,Inactive,Low,Low ROI
176,373,6,10510.34,5,4,5,4.666666666666667,545,Champions,1751.7233333333334,373,High Value,None,Very High,4.6,Active,Low,High ROI
177,400,3,1524.52,5,2,1,2.6666666666666665,521,Recent Customers,508.17333333333335,400,Growth,Low,Medium,3.0,New,Medium,Growth Potential
178,609,2,2314.46,2,1,2,1.6666666666666667,212,Need Attention,1157.23,609,Lost,None,Medium,1.6,Dormant,Low,Low ROI
179,646,5,3736.6,2,4,3,3.0,243,At Risk,747.3199999999999,646,At Risk,Medium,High,3.0,Inactive,Urgent,Low ROI
180,468,4,3345.11,3,3,2,2.6666666666666665,332,Potential Loyalists,836.2774999999999,468,Growth,None,Medium,2.8,Regular,Low,Medium-High ROI
181,489,4,5843.389999999999,3,3,4,3.333333333333333,334,Potential Loyalists,1460.8475,489,Growth,None,High,3.2,Regular,Low,Medium-High ROI
182,459,2,1069.0500000000002,4,1,1,2.0,411,Recent Customers,534.5250000000001,459,Growth,Low,Low,2.2,New,Medium,Growth Potential
183,588,1,311.4,2,1,1,1.3333333333333333,211,Need Attention,311.4,588,Lost,None,Low,1.4,Dormant,Low,Low ROI
184,869,1,542.59,1,1,1,1.0,111,Lost,542.59,869,Lost,High,Low,1.0,Dormant,High,Low ROI
185,404,5,5779.42,5,4,4,4.333333333333333,544,Champions,1155.884,404,High Value,None,Very High,4.4,Active,Low,Low ROI
186,368,4,3302.1400000000003,5,3,2,3.333333333333333,532,Potential Loyalists,825.5350000000001,368,Growth,None,Medium,3.6,Active,Low,Medium-High ROI
187,610,4,2946.63,2,3,2,2.333333333333333,232,Cant Lose Them,736.6574999999999,610,Lost,None,Medium,2.4,Inactive,Low,Low ROI
188,527,4,7555.09,3,3,4,3.333333333333333,334,Potential Loyalists,1888.7725,527,Growth,None,High,3.2,Regular,Low,Medium-High ROI
189,616,2,1425.34,2,1,1,1.3333333333333333,211,Need Attention,712.67,616,Lost,None,Low,1.4,Dormant,Low,Low ROI
190,550,2,977.83,2,1,1,1.3333333333333333,211,Need Attention,488.915,550,Lost,None,Low,1.4,Dormant,Low,Low ROI
191,521,2,1051.31,3,1,1,1.6666666666666667,311,Need Attention,525.655,521,Lost,None,Low,1.8,Regular,Low,Low ROI
192,544,3,3156.44,2,2,2,2.0,222,Need Attention,1052.1466666666663,544,Lost,None,Medium,2.0,Dormant,Low,Low ROI
193,706,2,2212.79,1,1,2,1.3333333333333333,112,Lost,1106.395,706,Lost,High,Medium,1.2,Dormant,High,Low ROI
194,415,3,3542.79,4,2,3,3.0,423,Recent Customers,1180.93,415,Growth,Low,Medium,3.0,New,Medium,Growth Potential
195,827,5,8778.67,1,4,5,3.333333333333333,145,At Risk,1755.734,827,At Risk,Medium,Very High,3.0,Inactive,Urgent,Critical (Win-back)
196,430,2,4545.22,4,1,3,2.6666666666666665,413,Recent Customers,2272.61,430,Growth,Low,Medium,2.6,New,Medium,Growth Potential
197,451,4,2626.39,4,3,2,3.0,432,Potential Loyalists,656.5975,451,Growth,None,Medium,3.2,Active,Low,Medium-High ROI
198,836,4,3682.6,1,3,3,2.333333333333333,133,Cant Lose Them,920.65,836,Lost,None,High,2.2,Inactive,Low,Low ROI
199,793,2,6908.41,1,1,4,2.0,114,Lost,3454.205,793,Lost,High,Medium,1.6,Dormant,High,Low ROI
200,658,2,1482.15,1,1,1,1.0,111,Lost,741.075,658,Lost,High,Low,1.0,Dormant,High,Low ROI
201,436,2,1046.61,4,1,1,2.0,411,Recent Customers,523.305,436,Growth,Low,Low,2.2,New,Medium,Growth Potential
202,494,3,2909.74,3,2,2,2.333333333333333,322,Need Attention,969.9133333333334,494,Lost,None,Medium,2.4,Regular,Low,Low ROI
203,679,3,3013.38,1,2,2,1.6666666666666667,122,Lost,1004.46,679,Lost,High,Medium,1.6,Dormant,High,Low ROI
204,434,3,1409.3300000000002,4,2,1,2.333333333333333,421,Recent Customers,469.7766666666667,434,Growth,Low,Medium,2.6,New,Medium,Growth Potential
205,370,3,3617.57,5,2,3,3.333333333333333,523,Recent Customers,1205.8566666666668,370,Growth,Low,Medium,3.4,New,Medium,Growth Potential
206,849,3,1437.63,1,2,1,1.3333333333333333,121,Lost,479.21,849,Lost,High,Medium,1.4,Dormant,High,Low ROI
207,427,6,6140.31,4,4,4,4.0,444,Champions,1023.385,427,High Value,None,Very High,4.0,Active,Low,Low ROI
208,478,3,4030.88,3,2,3,2.6666666666666665,323,Need Attention,1343.6266666666668,478,Lost,None,Medium,2.6,Regular,Low,Low ROI
209,1074,1,511.6,1,1,1,1.0,111,Lost,511.6,1074,Lost,High,Low,1.0,Dormant,High,Low ROI
210,374,3,4051.55,5,2,3,3.333333333333333,523,Recent Customers,1350.5166666666669,374,Growth,Low,Medium,3.4,New,Medium,Growth Potential
211,379,7,8569.82,5,5,5,5.0,555,Champions,1224.26,379,High Value,None,Very High,5.0,Active,Low,High ROI
212,428,7,4624.72,4,5,3,4.0,453,Loyal Customers,660.6742857142857,428,High Value,None,High,4.2,Active,Low,Medium-High ROI
213,524,7,7094.45,3,5,4,4.0,354,Potential Loyalists,1013.4928571428572,524,Growth,None,Very High,4.0,Regular,Low,Medium-High ROI
214,550,7,4794.09,2,5,3,3.333333333333333,253,At Risk,684.87,550,At Risk,Medium,High,3.4,Inactive,Urgent,Low ROI
215,471,5,4896.08,3,4,3,3.333333333333333,343,Potential Loyalists,979.216,471,Growth,None,High,3.4,Regular,Low,Medium-High ROI
216,494,7,8631.4,3,5,5,4.333333333333333,355,Potential Loyalists,1233.0571428571427,494,Growth,None,Very High,4.2,Regular,Low,Medium-High ROI
217,395,3,2221.6,5,2,2,3.0,522,Recent Customers,740.5333333333333,395,Growth,Low,Medium,3.2,New,Medium,Growth Potential
218,408,8,15525.66,5,5,5,5.0,555,Champions,1940.7075,408,High Value,None,Very High,5.0,Active,Low,High ROI
219,375,2,5287.039999999999,5,1,4,3.333333333333333,514,Recent Customers,2643.5199999999995,375,Growth,Low,Medium,3.2,New,Medium,Growth Potential
220,538,6,4727.76,2,4,3,3.0,243,At Risk,787.96,538,At Risk,Medium,High,3.0,Inactive,Urgent,Low ROI
221,562,5,4656.53,2,4,3,3.0,243,At Risk,931.306,562,At Risk,Medium,High,3.0,Inactive,Urgent,Low ROI
222,494,2,1434.67,3,1,1,1.6666666666666667,311,Need Attention,717.335,494,Lost,None,Low,1.8,Regular,Low,Low ROI
223,566,4,2219.39,2,3,2,2.333333333333333,232,Cant Lose Them,554.8475,566,Lost,None,Medium,2.4,Inactive,Low,Low ROI
224,1073,1,227.75,1,1,1,1.0,111,Lost,227.75,1073,Lost,High,Low,1.0,Dormant,High,Low ROI
225,412,4,3604.56,4,3,3,3.333333333333333,433,Loyal Customers,901.14,412,High Value,None,High,3.4,Active,Low,Medium-High ROI
226,439,8,7276.48,4,5,4,4.333333333333333,454,Champions,909.56,439,High Value,None,Very High,4.4,Active,Low,Low ROI
227,395,9,7294.69,5,5,4,4.666666666666667,554,Champions,810.521111111111,395,High Value,None,Very High,4.8,Active,Low,Low ROI
228,551,4,6634.29,2,3,4,3.0,234,Cant Lose Them,1658.5725,551,Lost,None,High,2.8,Inactive,Low,Low ROI
229,466,6,4912.32,3,4,3,3.333333333333333,343,Potential Loyalists,818.7199999999999,466,Growth,None,High,3.4,Regular,Low,Medium-High ROI
230,373,3,2048.31,5,2,2,3.0,522,Recent Customers,682.77,373,Growth,Low,Medium,3.2,New,Medium,Growth Potential
231,393,3,6047.78,5,2,4,3.6666666666666665,524,Recent Customers,2015.9266666666665,393,Growth,Low,Medium,3.6,New,Medium,Growth Potential
232,485,8,12446.38,3,5,5,4.333333333333333,355,Potential Loyalists,1555.7975,485,Growth,None,Very High,4.2,Regular,Low,Medium-High ROI
233,851,4,2807.02,1,3,2,2.0,132,Cant Lose Them,701.755,851,Lost,None,Medium,2.0,Inactive,Low,Low ROI
234,395,4,3381.55,5,3,3,3.6666666666666665,533,Loyal Customers,845.3875,395,High Value,None,High,3.8,Active,Low,Medium-High ROI
235,378,5,5454.23,5,4,4,4.333333333333333,544,Champions,1090.846,378,High Value,None,Very High,4.4,Active,Low,Low ROI
236,669,4,2109.39,1,3,2,2.0,132,Cant Lose Them,527.3475,669,Lost,None,Medium,2.0,Inactive,Low,Low ROI
237,709,2,2124.39,1,1,2,1.3333333333333333,112,Lost,1062.195,709,Lost,High,Medium,1.2,Dormant,High,Low ROI
238,606,4,3526.9700000000003,2,3,3,2.6666666666666665,233,Cant Lose Them,881.7425000000001,606,Lost,None,High,2.6,Inactive,Low,Low ROI
239,446,5,7366.22,4,4,4,4.0,444,Champions,1473.244,446,High Value,None,Very High,4.0,Active,Low,Low ROI
240,804,4,4520.83,1,3,3,2.333333333333333,133,Cant Lose Them,1130.2075,804,Lost,None,High,2.2,Inactive,Low,Low ROI
241,379,7,5486.84,5,5,4,4.666666666666667,554,Champions,783.8342857142858,379,High Value,None,Very High,4.8,Active,Low,Low ROI
242,947,1,618.77,1,1,1,1.0,111,Lost,618.77,947,Lost,High,Low,1.0,Dormant,High,Low ROI
243,433,5,5838.67,4,4,4,4.0,444,Champions,1167.734,433,High Value,None,Very High,4.0,Active,Low,Low ROI
244,421,4,4139.76,4,3,3,3.333333333333333,433,Loyal Customers,1034.94,421,High Value,None,High,3.4,Active,Low,Medium-High ROI
245,518,3,1499.87,3,2,1,2.0,321,Need Attention,499.95666666666665,518,Lost,None,Medium,2.2,Regular,Low,Low ROI
246,385,5,8690.960000000001,5,4,5,4.666666666666667,545,Champions,1738.1920000000002,385,High Value,None,Very High,4.6,Active,Low,High ROI
247,565,7,8456.68,2,5,5,4.0,255,At Risk,1208.097142857143,565,At Risk,Medium,Very High,3.8,Inactive,Urgent,Critical (Win-back)
248,743,3,3979.13,1,2,3,2.0,123,Lost,1326.3766666666668,743,Lost,High,Medium,1.8,Dormant,High,Low ROI
249,739,2,1507.46,1,1,1,1.0,111,Lost,753.73,739,Lost,High,Low,1.0,Dormant,High,Low ROI
250,435,1,1217.23,4,1,1,2.0,411,Recent Customers,1217.23,435,Growth,Low,Low,2.2,New,Medium,Growth Potential
251,693,4,2882.77,1,3,2,2.0,132,Cant Lose Them,720.6925,693,Lost,None,Medium,2.0,Inactive,Low,Low ROI
253,637,3,3778.81,2,2,3,2.333333333333333,223,Need Attention,1259.6033333333332,637,Lost,None,Medium,2.2,Dormant,Low,Low ROI
254,510,4,8363.41,3,3,5,3.6666666666666665,335,Potential Loyalists,2090.8525,510,Growth,None,High,3.4,Regular,Low,Medium-High ROI
255,458,6,10948.1,4,4,5,4.333333333333333,445,Champions,1824.6833333333332,458,High Value,None,Very High,4.2,Active,Low,High ROI
256,818,2,2098.91,1,1,2,1.3333333333333333,112,Lost,1049.455,818,Lost,High,Medium,1.2,Dormant,High,Low ROI
257,581,5,9597.21,2,4,5,3.6666666666666665,245,At Risk,1919.442,581,At Risk,Medium,Very High,3.4,Inactive,Urgent,Critical (Win-back)
258,388,4,1803.22,5,3,1,3.0,531,Potential Loyalists,450.805,388,Growth,None,Medium,3.4,Active,Low,Medium-High ROI
259,483,5,2422.49,3,4,2,3.0,342,Potential Loyalists,484.49799999999993,483,Growth,None,Medium,3.2,Regular,Low,Medium-High ROI
260,804,2,2437.58,1,1,2,1.3333333333333333,112,Lost,1218.79,804,Lost,High,Medium,1.2,Dormant,High,Low ROI
261,493,4,4016.16,3,3,3,3.0,333,Potential Loyalists,1004.04,493,Growth,None,High,3.0,Regular,Low,Medium-High ROI
262,774,2,895.73,1,1,1,1.0,111,Lost,447.865,774,Lost,High,Low,1.0,Dormant,High,Low ROI
263,464,4,4435.05,3,3,3,3.0,333,Potential Loyalists,1108.7625,464,Growth,None,High,3.0,Regular,Low,Medium-High ROI
264,566,3,2401.4700000000003,2,2,2,2.0,222,Need Attention,800.4900000000001,566,Lost,None,Medium,2.0,Dormant,Low,Low ROI
265,484,5,6463.889999999999,3,4,4,3.6666666666666665,344,Potential Loyalists,1292.7779999999998,484,Growth,None,Very High,3.6,Regular,Low,Medium-High ROI
266,605,2,1722.76,2,1,1,1.3333333333333333,211,Need Attention,861.38,605,Lost,None,Low,1.4,Dormant,Low,Low ROI
267,411,3,6964.5,4,2,4,3.333333333333333,424,Recent Customers,2321.5,411,Growth,Low,Medium,3.2,New,Medium,Growth Potential
268,496,1,1857.8,3,1,1,1.6666666666666667,311,Need Attention,1857.8,496,Lost,None,Low,1.8,Regular,Low,Low ROI
269,626,2,1280.02,2,1,1,1.3333333333333333,211,Need Attention,640.01,626,Lost,None,Low,1.4,Dormant,Low,Low ROI
270,551,7,5825.06,2,5,4,3.6666666666666665,254,At Risk,832.1514285714285,551,At Risk,Medium,Very High,3.6,Inactive,Urgent,Critical (Win-back)
271,396,4,2857.1800000000003,5,3,2,3.333333333333333,532,Potential Loyalists,714.2950000000001,396,Growth,None,Medium,3.6,Active,Low,Medium-High ROI
272,704,1,498.32,1,1,1,1.0,111,Lost,498.32,704,Lost,High,Low,1.0,Dormant,High,Low ROI
273,498,9,15749.42,3,5,5,4.333333333333333,355,Potential Loyalists,1749.9355555555555,498,Growth,None,Very High,4.2,Regular,Low,Medium-High ROI
274,557,4,1958.55,2,3,1,2.0,231,Cant Lose Them,489.6375000000001,557,Lost,None,Medium,2.2,Inactive,Low,Low ROI
275,890,2,2437.27,1,1,2,1.3333333333333333,112,Lost,1218.635,890,Lost,High,Medium,1.2,Dormant,High,Low ROI
276,380,7,3581.52,5,5,3,4.333333333333333,553,Loyal Customers,511.6457142857143,380,High Value,None,High,4.6,Active,Low,Medium-High ROI
277,386,3,3418.03,5,2,3,3.333333333333333,523,Recent Customers,1139.3433333333332,386,Growth,Low,Medium,3.4,New,Medium,Growth Potential
278,403,3,2249.62,5,2,2,3.0,522,Recent Customers,749.8733333333333,403,Growth,Low,Medium,3.2,New,Medium,Growth Potential
279,627,3,1925.2,2,2,1,1.6666666666666667,221,Need Attention,641.7333333333333,627,Lost,None,Medium,1.8,Dormant,Low,Low ROI
280,473,6,4016.88,3,4,3,3.333333333333333,343,Potential Loyalists,669.48,473,Growth,None,High,3.4,Regular,Low,Medium-High ROI
281,900,2,846.24,1,1,1,1.0,111,Lost,423.12,900,Lost,High,Low,1.0,Dormant,High,Low ROI
282,435,1,600.38,4,1,1,2.0,411,Recent Customers,600.38,435,Growth,Low,Low,2.2,New,Medium,Growth Potential
283,647,8,8283.439999999999,2,5,5,4.0,255,At Risk,1035.4299999999998,647,At Risk,Medium,Very High,3.8,Inactive,Urgent,Critical (Win-back)
284,477,3,2732.23,3,2,2,2.333333333333333,322,Need Attention,910.7433333333332,477,Lost,None,Medium,2.4,Regular,Low,Low ROI
285,436,6,5983.41,4,4,4,4.0,444,Champions,997.235,436,High Value,None,Very High,4.0,Active,Low,Low ROI
286,583,5,3700.93,2,4,3,3.0,243,At Risk,740.1859999999999,583,At Risk,Medium,High,3.0,Inactive,Urgent,Low ROI
287,647,4,7977.42,2,3,5,3.333333333333333,235,Cant Lose Them,1994.355,647,Lost,None,High,3.0,Inactive,Low,Low ROI
288,529,1,1464.39,3,1,1,1.6666666666666667,311,Need Attention,1464.39,529,Lost,None,Low,1.8,Regular,Low,Low ROI
289,553,1,469.4,2,1,1,1.3333333333333333,211,Need Attention,469.4,553,Lost,None,Low,1.4,Dormant,Low,Low ROI
290,663,5,8123.410000000001,1,4,5,3.333333333333333,145,At Risk,1624.6820000000002,663,At Risk,Medium,Very High,3.0,Inactive,Urgent,Critical (Win-back)
291,576,5,3343.2200000000003,2,4,2,2.6666666666666665,242,At Risk,668.644,576,At Risk,Medium,Medium,2.8,Inactive,Urgent,Low ROI
292,461,1,781.77,4,1,1,2.0,411,Recent Customers,781.77,461,Growth,Low,Low,2.2,New,Medium,Growth Potential
293,406,7,6711.37,5,5,4,4.666666666666667,554,Champions,958.7671428571427,406,High Value,None,Very High,4.8,Active,Low,Low ROI
294,409,3,3184.14,4,2,2,2.6666666666666665,422,Recent Customers,1061.38,409,Growth,Low,Medium,2.8,New,Medium,Growth Potential
295,451,3,6004.030000000001,4,2,4,3.333333333333333,424,Recent Customers,2001.3433333333332,451,Growth,Low,Medium,3.2,New,Medium,Growth Potential
296,682,4,5028.07,1,3,3,2.333333333333333,133,Cant Lose Them,1257.0175,682,Lost,None,High,2.2,Inactive,Low,Low ROI
297,836,1,575.25,1,1,1,1.0,111,Lost,575.25,836,Lost,High,Low,1.0,Dormant,High,Low ROI
298,697,2,2318.25,1,1,2,1.3333333333333333,112,Lost,1159.125,697,Lost,High,Medium,1.2,Dormant,High,Low ROI
299,633,1,522.06,2,1,1,1.3333333333333333,211,Need Attention,522.06,633,Lost,None,Low,1.4,Dormant,Low,Low ROI
300,688,2,4665.13,1,1,3,1.6666666666666667,113,Lost,2332.565,688,Lost,High,Medium,1.4,Dormant,High,Low ROI
301,670,2,6023.62,1,1,4,2.0,114,Lost,3011.81,670,Lost,High,Medium,1.6,Dormant,High,Low ROI
302,443,6,6053.08,4,4,4,4.0,444,Champions,1008.8466666666668,443,High Value,None,Very High,4.0,Active,Low,Low ROI
303,520,2,2926.94,3,1,2,2.0,312,Need Attention,1463.4699999999998,520,Lost,None,Medium,2.0,Regular,Low,Low ROI
304,426,6,5280.55,4,4,4,4.0,444,Champions,880.0916666666667,426,High Value,None,Very High,4.0,Active,Low,Low ROI
305,404,6,11101.33,5,4,5,4.666666666666667,545,Champions,1850.2216666666664,404,High Value,None,Very High,4.6,Active,Low,High ROI
306,589,3,3360.14,2,2,3,2.333333333333333,223,Need Attention,1120.0466666666666,589,Lost,None,Medium,2.2,Dormant,Low,Low ROI
307,548,4,1683.24,2,3,1,2.0,231,Cant Lose Them,420.81,548,Lost,None,Medium,2.2,Inactive,Low,Low ROI
308,423,7,7901.72,4,5,5,4.666666666666667,455,Champions,1128.817142857143,423,High Value,None,Very High,4.6,Active,Low,Low ROI
309,566,5,3586.05,2,4,3,3.0,243,At Risk,717.21,566,At Risk,Medium,High,3.0,Inactive,Urgent,Low ROI
310,390,4,4065.95,5,3,3,3.6666666666666665,533,Loyal Customers,1016.4875,390,High Value,None,High,3.8,Active,Low,Medium-High ROI
311,512,4,2126.83,3,3,2,2.6666666666666665,332,Potential Loyalists,531.7075,512,Growth,None,Medium,2.8,Regular,Low,Medium-High ROI
312,402,4,3634.1,5,3,3,3.6666666666666665,533,Loyal Customers,908.525,402,High Value,None,High,3.8,Active,Low,Medium-High ROI
313,503,4,3357.78,3,3,3,3.0,333,Potential Loyalists,839.4449999999999,503,Growth,None,High,3.0,Regular,Low,Medium-High ROI
314,505,5,5579.0,3,4,4,3.6666666666666665,344,Potential Loyalists,1115.8,505,Growth,None,Very High,3.6,Regular,Low,Medium-High ROI
315,381,5,12907.28,5,4,5,4.666666666666667,545,Champions,2581.456,381,High Value,None,Very High,4.6,Active,Low,High ROI
316,840,4,10250.59,1,3,5,3.0,135,Cant Lose Them,2562.6475,840,Lost,None,High,2.6,Inactive,Low,Low ROI
317,458,7,5890.46,4,5,4,4.333333333333333,454,Champions,841.4942857142858,458,High Value,None,Very High,4.4,Active,Low,Low ROI
319,384,7,4245.07,5,5,3,4.333333333333333,553,Loyal Customers,606.4385714285714,384,High Value,None,High,4.6,Active,Low,Medium-High ROI
320,439,7,9900.86,4,5,5,4.666666666666667,455,Champions,1414.4085714285716,439,High Value,None,Very High,4.6,Active,Low,High ROI
321,377,3,2579.48,5,2,2,3.0,522,Recent Customers,859.8266666666665,377,Growth,Low,Medium,3.2,New,Medium,Growth Potential
322,402,2,4849.8,5,1,3,3.0,513,Recent Customers,2424.9,402,Growth,Low,Medium,3.0,New,Medium,Growth Potential
323,828,1,2750.21,1,1,2,1.3333333333333333,112,Lost,2750.21,828,Lost,High,Medium,1.2,Dormant,High,Low ROI
324,794,3,2461.3,1,2,2,1.6666666666666667,122,Lost,820.4333333333334,794,Lost,High,Medium,1.6,Dormant,High,Low ROI
325,386,3,6911.889999999999,5,2,4,3.6666666666666665,524,Recent Customers,2303.963333333333,386,Growth,Low,Medium,3.6,New,Medium,Growth Potential
326,678,3,4093.38,1,2,3,2.0,123,Lost,1364.4599999999998,678,Lost,High,Medium,1.8,Dormant,High,Low ROI
327,488,7,6453.599999999999,3,5,4,4.0,354,Potential Loyalists,921.9428571428572,488,Growth,None,Very High,4.0,Regular,Low,Medium-High ROI
328,406,3,2333.87,5,2,2,3.0,522,Recent Customers,777.9566666666666,406,Growth,Low,Medium,3.2,New,Medium,Growth Potential
329,416,6,5330.52,4,4,4,4.0,444,Champions,888.4200000000001,416,High Value,None,Very High,4.0,Active,Low,Low ROI
330,446,1,513.11,4,1,1,2.0,411,Recent Customers,513.11,446,Growth,Low,Low,2.2,New,Medium,Growth Potential
331,519,1,527.76,3,1,1,1.6666666666666667,311,Need Attention,527.76,519,Lost,None,Low,1.8,Regular,Low,Low ROI
332,432,5,9267.55,4,4,5,4.333333333333333,445,Champions,1853.51,432,High Value,None,Very High,4.2,Active,Low,High ROI
333,493,7,6637.52,3,5,4,4.0,354,Potential Loyalists,948.2171428571428,493,Growth,None,Very High,4.0,Regular,Low,Medium-High ROI
334,983,3,4131.41,1,2,3,2.0,123,Lost,1377.1366666666663,983,Lost,High,Medium,1.8,Dormant,High,Low ROI
335,463,6,8352.6,3,4,5,4.0,345,Potential Loyalists,1392.1,463,Growth,None,Very High,3.8,Regular,Low,Medium-High ROI
336,858,2,1087.0,1,1,1,1.0,111,Lost,543.5,858,Lost,High,Low,1.0,Dormant,High,Low ROI
337,624,3,3905.08,2,2,3,2.333333333333333,223,Need Attention,1301.6933333333334,624,Lost,None,Medium,2.2,Dormant,Low,Low ROI
338,450,3,5131.88,4,2,3,3.0,423,Recent Customers,1710.6266666666668,450,Growth,Low,Medium,3.0,New,Medium,Growth Potential
339,707,3,3596.36,1,2,3,2.0,123,Lost,1198.7866666666666,707,Lost,High,Medium,1.8,Dormant,High,Low ROI
340,784,1,481.47,1,1,1,1.0,111,Lost,481.47,784,Lost,High,Low,1.0,Dormant,High,Low ROI
341,392,4,8598.59,5,3,5,4.333333333333333,535,Loyal Customers,2149.6475,392,High Value,None,High,4.2,Active,Low,Medium-High ROI
342,963,2,1130.23,1,1,1,1.0,111,Lost,565.115,963,Lost,High,Low,1.0,Dormant,High,Low ROI
343,1022,2,1604.48,1,1,1,1.0,111,Lost,802.24,1022,Lost,High,Low,1.0,Dormant,High,Low ROI
344,379,3,3502.56,5,2,3,3.333333333333333,523,Recent Customers,1167.52,379,Growth,Low,Medium,3.4,New,Medium,Growth Potential
345,687,3,8791.35,1,2,5,2.6666666666666665,125,Lost,2930.4500000000003,687,Lost,High,Medium,2.2,Dormant,High,Low ROI
346,744,2,2409.5,1,1,2,1.3333333333333333,112,Lost,1204.75,744,Lost,High,Medium,1.2,Dormant,High,Low ROI
347,682,3,1955.8,1,2,1,1.3333333333333333,121,Lost,651.9333333333334,682,Lost,High,Medium,1.4,Dormant,High,Low ROI
348,698,2,2801.45,1,1,2,1.3333333333333333,112,Lost,1400.725,698,Lost,High,Medium,1.2,Dormant,High,Low ROI
349,633,1,1016.96,2,1,1,1.3333333333333333,211,Need Attention,1016.96,633,Lost,None,Low,1.4,Dormant,Low,Low ROI
350,462,5,7696.969999999999,4,4,4,4.0,444,Champions,1539.3939999999998,462,High Value,None,Very High,4.0,Active,Low,Low ROI
351,447,7,9101.03,4,5,5,4.666666666666667,455,Champions,1300.1471428571429,447,High Value,None,Very High,4.6,Active,Low,High ROI
352,551,5,5222.63,2,4,4,3.333333333333333,244,At Risk,1044.526,551,At Risk,Medium,Very High,3.2,Inactive,Urgent,Critical (Win-back)
353,404,7,9921.15,5,5,5,5.0,555,Champions,1417.3071428571432,404,High Value,None,Very High,5.0,Active,Low,High ROI
355,563,3,2780.91,2,2,2,2.0,222,Need Attention,926.97,563,Lost,None,Medium,2.0,Dormant,Low,Low ROI
356,387,7,8052.49,5,5,5,5.0,555,Champions,1150.3557142857142,387,High Value,None,Very High,5.0,Active,Low,High ROI
357,677,4,3443.76,1,3,3,2.333333333333333,133,Cant Lose Them,860.94,677,Lost,None,High,2.2,Inactive,Low,Low ROI
358,626,5,6794.21,2,4,4,3.333333333333333,244,At Risk,1358.842,626,At Risk,Medium,Very High,3.2,Inactive,Urgent,Critical (Win-back)
359,376,5,3685.49,5,4,3,4.0,543,Loyal Customers,737.098,376,High Value,None,High,4.2,Active,Low,Medium-High ROI
360,498,2,1750.93,3,1,1,1.6666666666666667,311,Need Attention,875.465,498,Lost,None,Low,1.8,Regular,Low,Low ROI
361,450,3,2187.85,4,2,2,2.6666666666666665,422,Recent Customers,729.2833333333333,450,Growth,Low,Medium,2.8,New,Medium,Growth Potential
362,507,2,2770.56,3,1,2,2.0,312,Need Attention,1385.28,507,Lost,None,Medium,2.0,Regular,Low,Low ROI
363,539,3,3604.47,2,2,3,2.333333333333333,223,Need Attention,1201.49,539,Lost,None,Medium,2.2,Dormant,Low,Low ROI
364,489,4,3558.82,3,3,3,3.0,333,Potential Loyalists,889.705,489,Growth,None,High,3.0,Regular,Low,Medium-High ROI
365,421,9,11896.92,4,5,5,4.666666666666667,455,Champions,1321.88,421,High Value,None,Very High,4.6,Active,Low,High ROI
366,438,6,5403.17,4,4,4,4.0,444,Champions,900.5283333333333,438,High Value,None,Very High,4.0,Active,Low,Low ROI
367,976,3,3448.17,1,2,3,2.0,123,Lost,1149.39,976,Lost,High,Medium,1.8,Dormant,High,Low ROI
368,387,4,2004.51,5,3,1,3.0,531,Potential Loyalists,501.1275,387,Growth,None,Medium,3.4,Active,Low,Medium-High ROI
369,491,6,10008.74,3,4,5,4.0,345,Potential Loyalists,1668.1233333333332,491,Growth,None,Very High,3.8,Regular,Low,Medium-High ROI
370,606,1,2781.88,2,1,2,1.6666666666666667,212,Need Attention,2781.88,606,Lost,None,Medium,1.6,Dormant,Low,Low ROI
371,397,6,5889.13,5,5,4,4.666666666666667,554,Champions,981.5216666666666,397,High Value,None,Very High,4.8,Active,Low,Low ROI
372,881,3,6573.7,1,2,4,2.333333333333333,124,Lost,2191.233333333333,881,Lost,High,Medium,2.0,Dormant,High,Low ROI
373,443,5,12011.81,4,4,5,4.333333333333333,445,Champions,2402.362,443,High Value,None,Very High,4.2,Active,Low,High ROI
374,543,2,4959.2,2,1,3,2.0,213,Need Attention,2479.6,543,Lost,None,Medium,1.8,Dormant,Low,Low ROI
375,366,4,3014.28,5,3,2,3.333333333333333,532,Potential Loyalists,753.57,366,Growth,None,Medium,3.6,Active,Low,Medium-High ROI
376,366,7,12970.83,5,5,5,5.0,555,Champions,1852.9757142857145,366,High Value,None,Very High,5.0,Active,Low,High ROI
378,399,4,2015.59,5,3,2,3.333333333333333,532,Potential Loyalists,503.8975,399,Growth,None,Medium,3.6,Active,Low,Medium-High ROI
379,488,3,1399.22,3,2,1,2.0,321,Need Attention,466.4066666666667,488,Lost,None,Medium,2.2,Regular,Low,Low ROI
380,385,5,6326.91,5,4,4,4.333333333333333,544,Champions,1265.382,385,High Value,None,Very High,4.4,Active,Low,Low ROI
381,423,5,3997.980000000001,4,4,3,3.6666666666666665,443,Loyal Customers,799.5960000000001,423,High Value,None,High,3.8,Active,Low,Medium-High ROI
382,880,3,6193.91,1,2,4,2.333333333333333,124,Lost,2064.6366666666668,880,Lost,High,Medium,2.0,Dormant,High,Low ROI
383,473,2,5014.62,3,1,3,2.333333333333333,313,Need Attention,2507.31,473,Lost,None,Medium,2.2,Regular,Low,Low ROI
384,586,2,5227.38,2,1,4,2.333333333333333,214,Need Attention,2613.69,586,Lost,None,Medium,2.0,Dormant,Low,Low ROI
385,891,2,1007.22,1,1,1,1.0,111,Lost,503.61,891,Lost,High,Low,1.0,Dormant,High,Low ROI
386,550,5,7789.26,2,4,5,3.6666666666666665,245,At Risk,1557.852,550,At Risk,Medium,Very High,3.4,Inactive,Urgent,Critical (Win-back)
387,485,6,8905.84,3,5,5,4.333333333333333,355,Potential Loyalists,1484.3066666666666,485,Growth,None,Very High,4.2,Regular,Low,Medium-High ROI
388,371,2,1321.51,5,1,1,2.333333333333333,511,Recent Customers,660.755,371,Growth,Low,Low,2.6,New,Medium,Growth Potential
389,374,5,12391.579999999998,5,4,5,4.666666666666667,545,Champions,2478.316,374,High Value,None,Very High,4.6,Active,Low,High ROI
390,662,3,2594.87,1,2,2,1.6666666666666667,122,Lost,864.9566666666666,662,Lost,High,Medium,1.6,Dormant,High,Low ROI
391,408,3,2533.84,5,2,2,3.0,522,Recent Customers,844.6133333333333,408,Growth,Low,Medium,3.2,New,Medium,Growth Potential
392,378,5,4589.02,5,4,3,4.0,543,Loyal Customers,917.804,378,High Value,None,High,4.2,Active,Low,Medium-High ROI
393,483,5,3698.98,3,4,3,3.333333333333333,343,Potential Loyalists,739.796,483,Growth,None,High,3.4,Regular,Low,Medium-High ROI
394,404,7,4854.14,5,5,3,4.333333333333333,553,Loyal Customers,693.4485714285714,404,High Value,None,High,4.6,Active,Low,Medium-High ROI
395,382,4,7718.33,5,3,4,4.0,534,Loyal Customers,1929.5825,382,High Value,None,High,4.0,Active,Low,Medium-High ROI
396,413,4,7223.61,4,3,4,3.6666666666666665,434,Loyal Customers,1805.9025,413,High Value,None,High,3.6,Active,Low,Medium-High ROI
397,596,3,4003.14,2,2,3,2.333333333333333,223,Need Attention,1334.38,596,Lost,None,Medium,2.2,Dormant,Low,Low ROI
398,476,4,3215.44,3,3,2,2.6666666666666665,332,Potential Loyalists,803.86,476,Growth,None,Medium,2.8,Regular,Low,Medium-High ROI
399,581,2,6195.66,2,1,4,2.333333333333333,214,Need Attention,3097.83,581,Lost,None,Medium,2.0,Dormant,Low,Low ROI
400,571,2,6550.48,2,1,4,2.333333333333333,214,Need Attention,3275.24,571,Lost,None,Medium,2.0,Dormant,Low,Low ROI
401,391,6,11309.56,5,5,5,5.0,555,Champions,1884.926666666667,391,High Value,None,Very High,5.0,Active,Low,High ROI
403,583,3,3249.68,2,2,2,2.0,222,Need Attention,1083.2266666666667,583,Lost,None,Medium,2.0,Dormant,Low,Low ROI
404,467,3,1524.57,3,2,1,2.0,321,Need Attention,508.19,467,Lost,None,Medium,2.2,Regular,Low,Low ROI
405,398,5,7793.33,5,4,5,4.666666666666667,545,Champions,1558.666,398,High Value,None,Very High,4.6,Active,Low,Low ROI
406,403,8,4855.3,5,5,3,4.333333333333333,553,Loyal Customers,606.9125,403,High Value,None,High,4.6,Active,Low,Medium-High ROI
407,577,5,3448.15,2,4,3,3.0,243,At Risk,689.63,577,At Risk,Medium,High,3.0,Inactive,Urgent,Low ROI
408,571,3,1475.43,2,2,1,1.6666666666666667,221,Need Attention,491.81,571,Lost,None,Medium,1.8,Dormant,Low,Low ROI
409,625,3,2362.5,2,2,2,2.0,222,Need Attention,787.5,625,Lost,None,Medium,2.0,Dormant,Low,Low ROI
410,565,3,5596.56,2,2,4,2.6666666666666665,224,Need Attention,1865.52,565,Lost,None,Medium,2.4,Dormant,Low,Low ROI
412,568,4,10483.64,2,3,5,3.333333333333333,235,Cant Lose Them,2620.91,568,Lost,None,High,3.0,Inactive,Low,Low ROI
413,459,4,4040.19,4,3,3,3.333333333333333,433,Loyal Customers,1010.0475,459,High Value,None,High,3.4,Active,Low,Medium-High ROI
414,845,1,1051.35,1,1,1,1.0,111,Lost,1051.35,845,Lost,High,Low,1.0,Dormant,High,Low ROI
415,472,4,2702.42,3,3,2,2.6666666666666665,332,Potential Loyalists,675.605,472,Growth,None,Medium,2.8,Regular,Low,Medium-High ROI
417,581,4,5880.46,2,3,4,3.0,234,Cant Lose Them,1470.115,581,Lost,None,High,2.8,Inactive,Low,Low ROI
418,749,2,5593.12,1,1,4,2.0,114,Lost,2796.56,749,Lost,High,Medium,1.6,Dormant,High,Low ROI
419,484,6,10541.61,3,5,5,4.333333333333333,355,Potential Loyalists,1756.9350000000002,484,Growth,None,Very High,4.2,Regular,Low,Medium-High ROI
420,568,5,9155.35,2,4,5,3.6666666666666665,245,At Risk,1831.07,568,At Risk,Medium,Very High,3.4,Inactive,Urgent,Critical (Win-back)
421,381,6,8283.76,5,5,5,5.0,555,Champions,1380.6266666666668,381,High Value,None,Very High,5.0,Active,Low,High ROI
422,384,6,10262.56,5,5,5,5.0,555,Champions,1710.4266666666665,384,High Value,None,Very High,5.0,Active,Low,High ROI
423,490,4,2692.7,3,3,2,2.6666666666666665,332,Potential Loyalists,673.175,490,Growth,None,Medium,2.8,Regular,Low,Medium-High ROI
424,826,2,7805.94,1,1,5,2.333333333333333,115,Lost,3902.97,826,Lost,High,Medium,1.8,Dormant,High,Low ROI
425,483,5,8352.15,3,4,5,4.0,345,Potential Loyalists,1670.4299999999998,483,Growth,None,Very High,3.8,Regular,Low,Medium-High ROI
426,564,6,10017.43,2,5,5,4.0,255,At Risk,1669.5716666666667,564,At Risk,Medium,Very High,3.8,Inactive,Urgent,Critical (Win-back)
427,380,4,8679.28,5,3,5,4.333333333333333,535,Loyal Customers,2169.82,380,High Value,None,High,4.2,Active,Low,Medium-High ROI
428,399,4,2217.72,5,3,2,3.333333333333333,532,Potential Loyalists,554.43,399,Growth,None,Medium,3.6,Active,Low,Medium-High ROI
429,553,2,5583.51,2,1,4,2.333333333333333,214,Need Attention,2791.755,553,Lost,None,Medium,2.0,Dormant,Low,Low ROI
430,371,5,2980.88,5,4,2,3.6666666666666665,542,Potential Loyalists,596.176,371,Growth,None,Medium,4.0,Active,Low,Medium-High ROI
431,369,1,514.68,5,1,1,2.333333333333333,511,Recent Customers,514.68,369,Growth,Low,Low,2.6,New,Medium,Growth Potential
432,391,5,8877.7,5,4,5,4.666666666666667,545,Champions,1775.5400000000002,391,High Value,None,Very High,4.6,Active,Low,High ROI
433,600,2,1268.17,2,1,1,1.3333333333333333,211,Need Attention,634.085,600,Lost,None,Low,1.4,Dormant,Low,Low ROI
434,595,3,8436.53,2,2,5,3.0,225,Need Attention,2812.1766666666667,595,Lost,None,Medium,2.6,Dormant,Low,Low ROI
435,412,3,1380.27,4,2,1,2.333333333333333,421,Recent Customers,460.09,412,Growth,Low,Medium,2.6,New,Medium,Growth Potential
436,409,2,7996.94,4,1,5,3.333333333333333,415,Recent Customers,3998.47,409,Growth,Low,Medium,3.0,New,Medium,Growth Potential
437,369,2,2905.81,5,1,2,2.6666666666666665,512,Recent Customers,1452.905,369,Growth,Low,Medium,2.8,New,Medium,Growth Potential
438,533,5,5097.05,2,4,3,3.0,243,At Risk,1019.41,533,At Risk,Medium,High,3.0,Inactive,Urgent,Critical (Win-back)
439,765,2,1255.96,1,1,1,1.0,111,Lost,627.98,765,Lost,High,Low,1.0,Dormant,High,Low ROI
440,425,5,6248.57,4,4,4,4.0,444,Champions,1249.714,425,High Value,None,Very High,4.0,Active,Low,Low ROI
441,508,4,9343.27,3,3,5,3.6666666666666665,335,Potential Loyalists,2335.8175,508,Growth,None,High,3.4,Regular,Low,Medium-High ROI
442,532,3,2270.29,2,2,2,2.0,222,Need Attention,756.7633333333333,532,Lost,None,Medium,2.0,Dormant,Low,Low ROI
443,495,7,3845.11,3,5,3,3.6666666666666665,353,Potential Loyalists,549.3014285714286,495,Growth,None,High,3.8,Regular,Low,Medium-High ROI
444,625,4,2234.64,2,3,2,2.333333333333333,232,Cant Lose Them,558.66,625,Lost,None,Medium,2.4,Inactive,Low,Low ROI
445,430,7,7178.54,4,5,4,4.333333333333333,454,Champions,1025.5057142857142,430,High Value,None,Very High,4.4,Active,Low,Low ROI
446,455,7,5450.1,4,5,4,4.333333333333333,454,Champions,778.5857142857143,455,High Value,None,Very High,4.4,Active,Low,Low ROI
447,381,7,7581.13,5,5,4,4.666666666666667,554,Champions,1083.0185714285717,381,High Value,None,Very High,4.8,Active,Low,Low ROI
448,701,2,2851.4,1,1,2,1.3333333333333333,112,Lost,1425.7,701,Lost,High,Medium,1.2,Dormant,High,Low ROI
449,367,7,5731.150000000001,5,5,4,4.666666666666667,554,Champions,818.7357142857144,367,High Value,None,Very High,4.8,Active,Low,Low ROI
450,527,5,6469.18,3,4,4,3.6666666666666665,344,Potential Loyalists,1293.836,527,Growth,None,Very High,3.6,Regular,Low,Medium-High ROI
451,463,1,535.5,3,1,1,1.6666666666666667,311,Need Attention,535.5,463,Lost,None,Low,1.8,Regular,Low,Low ROI
452,606,4,3646.5,2,3,3,2.6666666666666665,233,Cant Lose Them,911.625,606,Lost,None,High,2.6,Inactive,Low,Low ROI
453,510,9,7624.43,3,5,4,4.0,354,Potential Loyalists,847.1588888888889,510,Growth,None,Very High,4.0,Regular,Low,Medium-High ROI
454,423,3,5728.9,4,2,4,3.333333333333333,424,Recent Customers,1909.6333333333328,423,Growth,Low,Medium,3.2,New,Medium,Growth Potential
455,378,5,4079.44,5,4,3,4.0,543,Loyal Customers,815.888,378,High Value,None,High,4.2,Active,Low,Medium-High ROI
456,453,3,7839.03,4,2,5,3.6666666666666665,425,Recent Customers,2613.01,453,Growth,Low,Medium,3.4,New,Medium,Growth Potential
458,414,5,6355.14,4,4,4,4.0,444,Champions,1271.028,414,High Value,None,Very High,4.0,Active,Low,Low ROI
459,381,4,4857.42,5,3,3,3.6666666666666665,533,Loyal Customers,1214.355,381,High Value,None,High,3.8,Active,Low,Medium-High ROI
460,420,4,12807.58,4,3,5,4.0,435,Loyal Customers,3201.895,420,High Value,None,High,3.8,Active,Low,Medium-High ROI
461,426,5,2748.84,4,4,2,3.333333333333333,442,Potential Loyalists,549.768,426,Growth,None,Medium,3.6,Active,Low,Medium-High ROI
462,615,4,2834.94,2,3,2,2.333333333333333,232,Cant Lose Them,708.735,615,Lost,None,Medium,2.4,Inactive,Low,Low ROI
463,535,7,10169.39,2,5,5,4.0,255,At Risk,1452.77,535,At Risk,Medium,Very High,3.8,Inactive,Urgent,Critical (Win-back)
464,372,8,10249.29,5,5,5,5.0,555,Champions,1281.16125,372,High Value,None,Very High,5.0,Active,Low,High ROI
465,785,3,2934.21,1,2,2,1.6666666666666667,122,Lost,978.07,785,Lost,High,Medium,1.6,Dormant,High,Low ROI
466,497,3,2359.66,3,2,2,2.333333333333333,322,Need Attention,786.5533333333333,497,Lost,None,Medium,2.4,Regular,Low,Low ROI
467,500,2,2414.03,3,1,2,2.0,312,Need Attention,1207.015,500,Lost,None,Medium,2.0,Regular,Low,Low ROI
468,456,3,3107.62,4,2,2,2.6666666666666665,422,Recent Customers,1035.8733333333332,456,Growth,Low,Medium,2.8,New,Medium,Growth Potential
469,370,3,3253.67,5,2,2,3.0,522,Recent Customers,1084.5566666666666,370,Growth,Low,Medium,3.2,New,Medium,Growth Potential
470,751,2,4478.29,1,1,3,1.6666666666666667,113,Lost,2239.145,751,Lost,High,Medium,1.4,Dormant,High,Low ROI
471,410,6,9130.18,4,5,5,4.666666666666667,455,Champions,1521.6966666666667,410,High Value,None,Very High,4.6,Active,Low,High ROI
472,450,5,6090.51,4,4,4,4.0,444,Champions,1218.102,450,High Value,None,Very High,4.0,Active,Low,Low ROI
473,464,8,18067.83,3,5,5,4.333333333333333,355,Potential Loyalists,2258.47875,464,Growth,None,Very High,4.2,Regular,Low,Medium-High ROI
474,531,3,1377.2,2,2,1,1.6666666666666667,221,Need Attention,459.06666666666666,531,Lost,None,Medium,1.8,Dormant,Low,Low ROI
475,441,4,5372.47,4,3,4,3.6666666666666665,434,Loyal Customers,1343.1175,441,High Value,None,High,3.6,Active,Low,Medium-High ROI
476,640,5,2768.58,2,4,2,2.6666666666666665,242,At Risk,553.716,640,At Risk,Medium,Medium,2.8,Inactive,Urgent,Low ROI
477,714,3,4983.31,1,2,3,2.0,123,Lost,1661.1033333333332,714,Lost,High,Medium,1.8,Dormant,High,Low ROI
478,389,3,2344.7,5,2,2,3.0,522,Recent Customers,781.5666666666666,389,Growth,Low,Medium,3.2,New,Medium,Growth Potential
479,868,1,667.9,1,1,1,1.0,111,Lost,667.9,868,Lost,High,Low,1.0,Dormant,High,Low ROI
480,549,6,12342.65,2,5,5,4.0,255,At Risk,2057.108333333333,549,At Risk,Medium,Very High,3.8,Inactive,Urgent,Critical (Win-back)
481,514,4,3924.32,3,3,3,3.0,333,Potential Loyalists,981.08,514,Growth,None,High,3.0,Regular,Low,Medium-High ROI
482,552,2,1106.46,2,1,1,1.3333333333333333,211,Need Attention,553.23,552,Lost,None,Low,1.4,Dormant,Low,Low ROI
483,473,7,16427.91,3,5,5,4.333333333333333,355,Potential Loyalists,2346.844285714286,473,Growth,None,Very High,4.2,Regular,Low,Medium-High ROI
484,430,4,7251.7,4,3,4,3.6666666666666665,434,Loyal Customers,1812.925,430,High Value,None,High,3.6,Active,Low,Medium-High ROI
485,437,2,1018.2,4,1,1,2.0,411,Recent Customers,509.1,437,Growth,Low,Low,2.2,New,Medium,Growth Potential
486,516,5,3250.73,3,4,2,3.0,342,Potential Loyalists,650.146,516,Growth,None,Medium,3.2,Regular,Low,Medium-High ROI
487,390,7,7559.53,5,5,4,4.666666666666667,554,Champions,1079.932857142857,390,High Value,None,Very High,4.8,Active,Low,Low ROI
488,857,3,2261.95,1,2,2,1.6666666666666667,122,Lost,753.9833333333332,857,Lost,High,Medium,1.6,Dormant,High,Low ROI
489,456,4,7880.39,4,3,5,4.0,435,Loyal Customers,1970.0975,456,High Value,None,High,3.8,Active,Low,Medium-High ROI
490,517,6,8221.34,3,5,5,4.333333333333333,355,Potential Loyalists,1370.2233333333334,517,Growth,None,Very High,4.2,Regular,Low,Medium-High ROI
491,936,1,1270.55,1,1,1,1.0,111,Lost,1270.55,936,Lost,High,Low,1.0,Dormant,High,Low ROI
492,657,4,3562.96,1,3,3,2.333333333333333,133,Cant Lose Them,890.74,657,Lost,None,High,2.2,Inactive,Low,Low ROI
493,414,7,5228.08,4,5,4,4.333333333333333,454,Champions,746.8685714285714,414,High Value,None,Very High,4.4,Active,Low,Low ROI
494,452,5,4894.74,4,4,3,3.6666666666666665,443,Loyal Customers,978.948,452,High Value,None,High,3.8,Active,Low,Medium-High ROI
495,425,10,8595.76,4,5,5,4.666666666666667,455,Champions,859.576,425,High Value,None,Very High,4.6,Active,Low,High ROI
496,462,4,2522.15,4,3,2,3.0,432,Potential Loyalists,630.5375,462,Growth,None,Medium,3.2,Active,Low,Medium-High ROI
497,600,7,9667.19,2,5,5,4.0,255,At Risk,1381.027142857143,600,At Risk,Medium,Very High,3.8,Inactive,Urgent,Critical (Win-back)
498,559,2,902.16,2,1,1,1.3333333333333333,211,Need Attention,451.08,559,Lost,None,Low,1.4,Dormant,Low,Low ROI
499,388,6,13003.16,5,5,5,5.0,555,Champions,2167.193333333333,388,High Value,None,Very High,5.0,Active,Low,High ROI
500,397,3,3894.37,5,2,3,3.333333333333333,523,Recent Customers,1298.1233333333332,397,Growth,Low,Medium,3.4,New,Medium,Growth Potential
501,503,5,5714.92,3,4,4,3.6666666666666665,344,Potential Loyalists,1142.984,503,Growth,None,Very High,3.6,Regular,Low,Medium-High ROI
502,366,3,3376.77,5,2,3,3.333333333333333,523,Recent Customers,1125.59,366,Growth,Low,Medium,3.4,New,Medium,Growth Potential
503,480,2,3990.79,3,1,3,2.333333333333333,313,Need Attention,1995.395,480,Lost,None,Medium,2.2,Regular,Low,Low ROI
504,828,3,1733.39,1,2,1,1.3333333333333333,121,Lost,577.7966666666666,828,Lost,High,Medium,1.4,Dormant,High,Low ROI
505,739,1,609.31,1,1,1,1.0,111,Lost,609.31,739,Lost,High,Low,1.0,Dormant,High,Low ROI
507,509,3,1628.29,3,2,1,2.0,321,Need Attention,542.7633333333333,509,Lost,None,Medium,2.2,Regular,Low,Low ROI
508,422,11,7906.94,4,5,5,4.666666666666667,455,Champions,718.8127272727273,422,High Value,None,Very High,4.6,Active,Low,Low ROI
509,442,6,10497.54,4,5,5,4.666666666666667,455,Champions,1749.59,442,High Value,None,Very High,4.6,Active,Low,High ROI
510,424,2,978.3,4,1,1,2.0,411,Recent Customers,489.15,424,Growth,Low,Low,2.2,New,Medium,Growth Potential
511,415,9,11657.3,4,5,5,4.666666666666667,455,Champions,1295.2555555555557,415,High Value,None,Very High,4.6,Active,Low,High ROI
512,484,3,2895.44,3,2,2,2.333333333333333,322,Need Attention,965.1466666666666,484,Lost,None,Medium,2.4,Regular,Low,Low ROI
513,453,3,2695.87,4,2,2,2.6666666666666665,422,Recent Customers,898.6233333333333,453,Growth,Low,Medium,2.8,New,Medium,Growth Potential
514,387,6,5428.27,5,5,4,4.666666666666667,554,Champions,904.7116666666668,387,High Value,None,Very High,4.8,Active,Low,Low ROI
515,1028,1,475.01,1,1,1,1.0,111,Lost,475.01,1028,Lost,High,Low,1.0,Dormant,High,Low ROI
516,435,7,8649.22,4,5,5,4.666666666666667,455,Champions,1235.6028571428571,435,High Value,None,Very High,4.6,Active,Low,High ROI
517,410,5,4160.51,4,4,3,3.6666666666666665,443,Loyal Customers,832.1020000000001,410,High Value,None,High,3.8,Active,Low,Medium-High ROI
518,526,6,10565.76,3,5,5,4.333333333333333,355,Potential Loyalists,1760.96,526,Growth,None,Very High,4.2,Regular,Low,Medium-High ROI
519,941,1,554.15,1,1,1,1.0,111,Lost,554.15,941,Lost,High,Low,1.0,Dormant,High,Low ROI
520,379,6,6440.28,5,5,4,4.666666666666667,554,Champions,1073.38,379,High Value,None,Very High,4.8,Active,Low,Low ROI
521,377,4,9814.01,5,3,5,4.333333333333333,535,Loyal Customers,2453.5025,377,High Value,None,High,4.2,Active,Low,Medium-High ROI
522,399,4,3312.28,5,3,2,3.333333333333333,532,Potential Loyalists,828.0699999999999,399,Growth,None,Medium,3.6,Active,Low,Medium-High ROI
523,445,2,1207.81,4,1,1,2.0,411,Recent Customers,603.905,445,Growth,Low,Low,2.2,New,Medium,Growth Potential
524,799,4,4049.67,1,3,3,2.333333333333333,133,Cant Lose Them,1012.4175,799,Lost,None,High,2.2,Inactive,Low,Low ROI
525,420,6,6185.860000000001,4,5,4,4.333333333333333,454,Champions,1030.9766666666667,420,High Value,None,Very High,4.4,Active,Low,Low ROI
526,397,2,3237.54,5,1,2,2.6666666666666665,512,Recent Customers,1618.77,397,Growth,Low,Medium,2.8,New,Medium,Growth Potential
527,598,1,511.8,2,1,1,1.3333333333333333,211,Need Attention,511.8,598,Lost,None,Low,1.4,Dormant,Low,Low ROI
528,411,5,6107.62,4,4,4,4.0,444,Champions,1221.524,411,High Value,None,Very High,4.0,Active,Low,Low ROI
529,670,3,6497.6,1,2,4,2.333333333333333,124,Lost,2165.866666666667,670,Lost,High,Medium,2.0,Dormant,High,Low ROI
530,493,4,4740.58,3,3,3,3.0,333,Potential Loyalists,1185.145,493,Growth,None,High,3.0,Regular,Low,Medium-High ROI
531,369,5,6359.2,5,4,4,4.333333333333333,544,Champions,1271.84,369,High Value,None,Very High,4.4,Active,Low,Low ROI
532,655,3,3135.27,1,2,2,1.6666666666666667,122,Lost,1045.09,655,Lost,High,Medium,1.6,Dormant,High,Low ROI
533,719,1,4228.21,1,1,3,1.6666666666666667,113,Lost,4228.21,719,Lost,High,Medium,1.4,Dormant,High,Low ROI
534,511,4,2003.51,3,3,1,2.333333333333333,331,Potential Loyalists,500.8775,511,Growth,None,Medium,2.6,Regular,Low,Medium-High ROI
535,371,4,2766.7,5,3,2,3.333333333333333,532,Potential Loyalists,691.675,371,Growth,None,Medium,3.6,Active,Low,Medium-High ROI
536,561,1,749.4,2,1,1,1.3333333333333333,211,Need Attention,749.4,561,Lost,None,Low,1.4,Dormant,Low,Low ROI
537,457,4,6598.79,4,3,4,3.6666666666666665,434,Loyal Customers,1649.6975,457,High Value,None,High,3.6,Active,Low,Medium-High ROI
538,561,4,4251.339999999999,2,3,3,2.6666666666666665,233,Cant Lose Them,1062.8349999999998,561,Lost,None,High,2.6,Inactive,Low,Low ROI
539,653,1,1054.1,1,1,1,1.0,111,Lost,1054.1,653,Lost,High,Low,1.0,Dormant,High,Low ROI
540,387,8,5166.58,5,5,4,4.666666666666667,554,Champions,645.8225,387,High Value,None,Very High,4.8,Active,Low,Low ROI
541,440,7,4401.49,4,5,3,4.0,453,Loyal Customers,628.7842857142857,440,High Value,None,High,4.2,Active,Low,Medium-High ROI
542,494,6,7229.65,3,5,4,4.0,354,Potential Loyalists,1204.9416666666666,494,Growth,None,Very High,4.0,Regular,Low,Medium-High ROI
543,729,2,2565.91,1,1,2,1.3333333333333333,112,Lost,1282.955,729,Lost,High,Medium,1.2,Dormant,High,Low ROI
544,447,2,1330.61,4,1,1,2.0,411,Recent Customers,665.3050000000001,447,Growth,Low,Low,2.2,New,Medium,Growth Potential
545,619,3,1689.81,2,2,1,1.6666666666666667,221,Need Attention,563.27,619,Lost,None,Medium,1.8,Dormant,Low,Low ROI
546,500,6,4702.26,3,5,3,3.6666666666666665,353,Potential Loyalists,783.71,500,Growth,None,High,3.8,Regular,Low,Medium-High ROI
547,757,5,5308.58,1,4,4,3.0,144,At Risk,1061.716,757,At Risk,Medium,Very High,2.8,Inactive,Urgent,Critical (Win-back)
548,759,3,4920.63,1,2,3,2.0,123,Lost,1640.21,759,Lost,High,Medium,1.8,Dormant,High,Low ROI
549,423,5,3207.66,4,4,2,3.333333333333333,442,Potential Loyalists,641.5319999999999,423,Growth,None,Medium,3.6,Active,Low,Medium-High ROI
550,453,3,3868.02,4,2,3,3.0,423,Recent Customers,1289.34,453,Growth,Low,Medium,3.0,New,Medium,Growth Potential
551,456,3,11578.74,4,2,5,3.6666666666666665,425,Recent Customers,3859.58,456,Growth,Low,Medium,3.4,New,Medium,Growth Potential
552,451,3,1415.8000000000002,4,2,1,2.333333333333333,421,Recent Customers,471.9333333333334,451,Growth,Low,Medium,2.6,New,Medium,Growth Potential
553,650,3,2892.28,1,2,2,1.6666666666666667,122,Lost,964.0933333333332,650,Lost,High,Medium,1.6,Dormant,High,Low ROI
554,518,8,11771.92,3,5,5,4.333333333333333,355,Potential Loyalists,1471.49,518,Growth,None,Very High,4.2,Regular,Low,Medium-High ROI
555,468,7,13918.83,3,5,5,4.333333333333333,355,Potential Loyalists,1988.4042857142856,468,Growth,None,Very High,4.2,Regular,Low,Medium-High ROI
556,721,5,11701.94,1,4,5,3.333333333333333,145,At Risk,2340.388,721,At Risk,Medium,Very High,3.0,Inactive,Urgent,Critical (Win-back)
557,395,5,5914.24,5,4,4,4.333333333333333,544,Champions,1182.848,395,High Value,None,Very High,4.4,Active,Low,Low ROI
558,503,4,6454.589999999999,3,3,4,3.333333333333333,334,Potential Loyalists,1613.6474999999998,503,Growth,None,High,3.2,Regular,Low,Medium-High ROI
559,384,4,2520.36,5,3,2,3.333333333333333,532,Potential Loyalists,630.09,384,Growth,None,Medium,3.6,Active,Low,Medium-High ROI
560,400,4,3929.77,5,3,3,3.6666666666666665,533,Loyal Customers,982.4425,400,High Value,None,High,3.8,Active,Low,Medium-High ROI
561,433,4,9113.69,4,3,5,4.0,435,Loyal Customers,2278.4225,433,High Value,None,High,3.8,Active,Low,Medium-High ROI
562,449,4,3956.22,4,3,3,3.333333333333333,433,Loyal Customers,989.055,449,High Value,None,High,3.4,Active,Low,Medium-High ROI
563,370,3,7173.870000000001,5,2,4,3.6666666666666665,524,Recent Customers,2391.2900000000004,370,Growth,Low,Medium,3.6,New,Medium,Growth Potential
564,469,2,3450.7200000000003,3,1,3,2.333333333333333,313,Need Attention,1725.36,469,Lost,None,Medium,2.2,Regular,Low,Low ROI
565,485,5,4737.66,3,4,3,3.333333333333333,343,Potential Loyalists,947.532,485,Growth,None,High,3.4,Regular,Low,Medium-High ROI
566,697,2,1485.58,1,1,1,1.0,111,Lost,742.79,697,Lost,High,Low,1.0,Dormant,High,Low ROI
567,565,4,9169.22,2,3,5,3.333333333333333,235,Cant Lose Them,2292.305,565,Lost,None,High,3.0,Inactive,Low,Low ROI
568,412,6,3283.36,4,5,2,3.6666666666666665,452,Potential Loyalists,547.2266666666667,412,Growth,None,Medium,4.0,Active,Low,Medium-High ROI
569,522,4,6260.43,3,3,4,3.333333333333333,334,Potential Loyalists,1565.1075,522,Growth,None,High,3.2,Regular,Low,Medium-High ROI
570,428,9,18227.23,4,5,5,4.666666666666667,455,Champions,2025.2477777777776,428,High Value,None,Very High,4.6,Active,Low,High ROI
571,525,3,2196.52,3,2,2,2.333333333333333,322,Need Attention,732.1733333333333,525,Lost,None,Medium,2.4,Regular,Low,Low ROI
572,512,4,1925.67,3,3,1,2.333333333333333,331,Potential Loyalists,481.4175,512,Growth,None,Medium,2.6,Regular,Low,Medium-High ROI
573,497,6,3372.25,3,5,3,3.6666666666666665,353,Potential Loyalists,562.0416666666666,497,Growth,None,High,3.8,Regular,Low,Medium-High ROI
574,431,6,8065.46,4,5,5,4.666666666666667,455,Champions,1344.243333333333,431,High Value,None,Very High,4.6,Active,Low,High ROI
575,390,4,2708.16,5,3,2,3.333333333333333,532,Potential Loyalists,677.04,390,Growth,None,Medium,3.6,Active,Low,Medium-High ROI
576,416,5,9506.55,4,4,5,4.333333333333333,445,Champions,1901.31,416,High Value,None,Very High,4.2,Active,Low,High ROI
577,434,4,2241.55,4,3,2,3.0,432,Potential Loyalists,560.3875,434,Growth,None,Medium,3.2,Active,Low,Medium-High ROI
578,416,6,7213.57,4,5,4,4.333333333333333,454,Champions,1202.2616666666663,416,High Value,None,Very High,4.4,Active,Low,Low ROI
579,451,5,3849.78,4,4,3,3.6666666666666665,443,Loyal Customers,769.9559999999999,451,High Value,None,High,3.8,Active,Low,Medium-High ROI
580,589,4,4943.01,2,3,3,2.6666666666666665,233,Cant Lose Them,1235.7525,589,Lost,None,High,2.6,Inactive,Low,Low ROI
581,652,3,1602.02,1,2,1,1.3333333333333333,121,Lost,534.0066666666667,652,Lost,High,Medium,1.4,Dormant,High,Low ROI
582,784,2,1230.53,1,1,1,1.0,111,Lost,615.265,784,Lost,High,Low,1.0,Dormant,High,Low ROI
583,534,4,9305.33,2,3,5,3.333333333333333,235,Cant Lose Them,2326.3325,534,Lost,None,High,3.0,Inactive,Low,Low ROI
584,384,3,2722.2200000000003,5,2,2,3.0,522,Recent Customers,907.4066666666668,384,Growth,Low,Medium,3.2,New,Medium,Growth Potential
585,388,7,5003.87,5,5,3,4.333333333333333,553,Loyal Customers,714.8385714285714,388,High Value,None,High,4.6,Active,Low,Medium-High ROI
586,676,2,1543.21,1,1,1,1.0,111,Lost,771.605,676,Lost,High,Low,1.0,Dormant,High,Low ROI
587,720,2,933.61,1,1,1,1.0,111,Lost,466.805,720,Lost,High,Low,1.0,Dormant,High,Low ROI
588,619,3,4102.81,2,2,3,2.333333333333333,223,Need Attention,1367.6033333333332,619,Lost,None,Medium,2.2,Dormant,Low,Low ROI
589,525,4,2412.2,3,3,2,2.6666666666666665,332,Potential Loyalists,603.05,525,Growth,None,Medium,2.8,Regular,Low,Medium-High ROI
590,406,4,8603.14,5,3,5,4.333333333333333,535,Loyal Customers,2150.785,406,High Value,None,High,4.2,Active,Low,Medium-High ROI
591,405,4,5769.41,5,3,4,4.0,534,Loyal Customers,1442.3525,405,High Value,None,High,4.0,Active,Low,Medium-High ROI
592,654,6,10753.53,1,5,5,3.6666666666666665,155,At Risk,1792.255,654,At Risk,Medium,Very High,3.4,Inactive,Urgent,Critical (Win-back)
593,529,6,9961.26,3,5,5,4.333333333333333,355,Potential Loyalists,1660.21,529,Growth,None,Very High,4.2,Regular,Low,Medium-High ROI
594,530,4,2353.39,2,3,2,2.333333333333333,232,Cant Lose Them,588.3475,530,Lost,None,Medium,2.4,Inactive,Low,Low ROI
595,595,4,2822.1,2,3,2,2.333333333333333,232,Cant Lose Them,705.525,595,Lost,None,Medium,2.4,Inactive,Low,Low ROI
596,411,5,6004.36,4,4,4,4.0,444,Champions,1200.8719999999998,411,High Value,None,Very High,4.0,Active,Low,Low ROI
597,500,7,6374.29,3,5,4,4.0,354,Potential Loyalists,910.6128571428573,500,Growth,None,Very High,4.0,Regular,Low,Medium-High ROI
598,417,2,1672.6,4,1,1,2.0,411,Recent Customers,836.3,417,Growth,Low,Low,2.2,New,Medium,Growth Potential
599,385,6,5117.9,5,5,3,4.333333333333333,553,Loyal Customers,852.9833333333332,385,High Value,None,High,4.6,Active,Low,Medium-High ROI
600,381,6,8076.64,5,5,5,5.0,555,Champions,1346.1066666666668,381,High Value,None,Very High,5.0,Active,Low,High ROI
601,423,7,6312.16,4,5,4,4.333333333333333,454,Champions,901.7371428571428,423,High Value,None,Very High,4.4,Active,Low,Low ROI
602,534,5,11712.259999999998,2,4,5,3.6666666666666665,245,At Risk,2342.452,534,At Risk,Medium,Very High,3.4,Inactive,Urgent,Critical (Win-back)
603,400,2,5347.14,5,1,4,3.333333333333333,514,Recent Customers,2673.57,400,Growth,Low,Medium,3.2,New,Medium,Growth Potential
604,958,2,2638.52,1,1,2,1.3333333333333333,112,Lost,1319.26,958,Lost,High,Medium,1.2,Dormant,High,Low ROI
605,397,11,14802.44,5,5,5,5.0,555,Champions,1345.6763636363637,397,High Value,None,Very High,5.0,Active,Low,High ROI
606,1044,1,482.36,1,1,1,1.0,111,Lost,482.36,1044,Lost,High,Low,1.0,Dormant,High,Low ROI
607,439,2,2989.92,4,1,2,2.333333333333333,412,Recent Customers,1494.96,439,Growth,Low,Medium,2.4,New,Medium,Growth Potential
608,594,3,2662.45,2,2,2,2.0,222,Need Attention,887.4833333333332,594,Lost,None,Medium,2.0,Dormant,Low,Low ROI
609,646,3,5409.24,2,2,4,2.6666666666666665,224,Need Attention,1803.08,646,Lost,None,Medium,2.4,Dormant,Low,Low ROI
610,585,3,2542.31,2,2,2,2.0,222,Need Attention,847.4366666666666,585,Lost,None,Medium,2.0,Dormant,Low,Low ROI
611,418,2,2394.62,4,1,2,2.333333333333333,412,Recent Customers,1197.31,418,Growth,Low,Medium,2.4,New,Medium,Growth Potential
612,557,4,3384.33,2,3,3,2.6666666666666665,233,Cant Lose Them,846.0825,557,Lost,None,High,2.6,Inactive,Low,Low ROI
613,517,1,382.95,3,1,1,1.6666666666666667,311,Need Attention,382.95,517,Lost,None,Low,1.8,Regular,Low,Low ROI
614,393,8,17549.84,5,5,5,5.0,555,Champions,2193.73,393,High Value,None,Very High,5.0,Active,Low,High ROI
615,660,4,7002.77,1,3,4,2.6666666666666665,134,Cant Lose Them,1750.6925,660,Lost,None,High,2.4,Inactive,Low,Low ROI
616,570,3,4470.81,2,2,3,2.333333333333333,223,Need Attention,1490.2699999999998,570,Lost,None,Medium,2.2,Dormant,Low,Low ROI
617,900,3,2589.8100000000004,1,2,2,1.6666666666666667,122,Lost,863.2700000000001,900,Lost,High,Medium,1.6,Dormant,High,Low ROI
618,390,10,17749.0,5,5,5,5.0,555,Champions,1774.9,390,High Value,None,Very High,5.0,Active,Low,High ROI
619,411,5,2739.05,4,4,2,3.333333333333333,442,Potential Loyalists,547.8100000000001,411,Growth,None,Medium,3.6,Active,Low,Medium-High ROI
620,445,7,13782.99,4,5,5,4.666666666666667,455,Champions,1968.9985714285715,445,High Value,None,Very High,4.6,Active,Low,High ROI
621,458,7,10574.6,4,5,5,4.666666666666667,455,Champions,1510.6571428571428,458,High Value,None,Very High,4.6,Active,Low,High ROI
622,614,2,2838.9,2,1,2,1.6666666666666667,212,Need Attention,1419.45,614,Lost,None,Medium,1.6,Dormant,Low,Low ROI
623,416,7,7680.400000000001,4,5,4,4.333333333333333,454,Champions,1097.2,416,High Value,None,Very High,4.4,Active,Low,Low ROI
624,399,2,5676.06,5,1,4,3.333333333333333,514,Recent Customers,2838.03,399,Growth,Low,Medium,3.2,New,Medium,Growth Potential
625,521,4,5670.79,3,3,4,3.333333333333333,334,Potential Loyalists,1417.6975,521,Growth,None,High,3.2,Regular,Low,Medium-High ROI
626,503,5,3602.4700000000003,3,4,3,3.333333333333333,343,Potential Loyalists,720.494,503,Growth,None,High,3.4,Regular,Low,Medium-High ROI
627,571,5,3200.1,2,4,2,2.6666666666666665,242,At Risk,640.02,571,At Risk,Medium,Medium,2.8,Inactive,Urgent,Low ROI
628,435,6,8247.32,4,5,5,4.666666666666667,455,Champions,1374.5533333333333,435,High Value,None,Very High,4.6,Active,Low,High ROI
629,579,5,2814.96,2,4,2,2.6666666666666665,242,At Risk,562.992,579,At Risk,Medium,Medium,2.8,Inactive,Urgent,Low ROI
630,380,4,3305.65,5,3,2,3.333333333333333,532,Potential Loyalists,826.4124999999999,380,Growth,None,Medium,3.6,Active,Low,Medium-High ROI
631,451,2,1798.46,4,1,1,2.0,411,Recent Customers,899.23,451,Growth,Low,Low,2.2,New,Medium,Growth Potential
632,653,3,2197.54,1,2,2,1.6666666666666667,122,Lost,732.5133333333333,653,Lost,High,Medium,1.6,Dormant,High,Low ROI
633,375,8,6985.94,5,5,4,4.666666666666667,554,Champions,873.2425,375,High Value,None,Very High,4.8,Active,Low,Low ROI
634,587,4,6992.99,2,3,4,3.0,234,Cant Lose Them,1748.2475,587,Lost,None,High,2.8,Inactive,Low,Low ROI
635,637,3,5409.06,2,2,4,2.6666666666666665,224,Need Attention,1803.02,637,Lost,None,Medium,2.4,Dormant,Low,Low ROI
636,787,3,1805.22,1,2,1,1.3333333333333333,121,Lost,601.74,787,Lost,High,Medium,1.4,Dormant,High,Low ROI
637,432,8,16103.61,4,5,5,4.666666666666667,455,Champions,2012.95125,432,High Value,None,Very High,4.6,Active,Low,High ROI
638,447,4,3524.68,4,3,3,3.333333333333333,433,Loyal Customers,881.17,447,High Value,None,High,3.4,Active,Low,Medium-High ROI
639,426,4,4572.54,4,3,3,3.333333333333333,433,Loyal Customers,1143.135,426,High Value,None,High,3.4,Active,Low,Medium-High ROI
640,544,5,8620.05,2,4,5,3.6666666666666665,245,At Risk,1724.0099999999998,544,At Risk,Medium,Very High,3.4,Inactive,Urgent,Critical (Win-back)
641,526,5,2822.63,3,4,2,3.0,342,Potential Loyalists,564.5260000000001,526,Growth,None,Medium,3.2,Regular,Low,Medium-High ROI
642,591,6,7611.450000000001,2,5,4,3.6666666666666665,254,At Risk,1268.575,591,At Risk,Medium,Very High,3.6,Inactive,Urgent,Critical (Win-back)
643,535,3,1974.96,2,2,1,1.6666666666666667,221,Need Attention,658.32,535,Lost,None,Medium,1.8,Dormant,Low,Low ROI
644,480,4,2518.09,3,3,2,2.6666666666666665,332,Potential Loyalists,629.5225,480,Growth,None,Medium,2.8,Regular,Low,Medium-High ROI
645,644,3,4284.73,2,2,3,2.333333333333333,223,Need Attention,1428.243333333333,644,Lost,None,Medium,2.2,Dormant,Low,Low ROI
646,571,1,1312.6,2,1,1,1.3333333333333333,211,Need Attention,1312.6,571,Lost,None,Low,1.4,Dormant,Low,Low ROI
647,653,3,2873.27,1,2,2,1.6666666666666667,122,Lost,957.7566666666668,653,Lost,High,Medium,1.6,Dormant,High,Low ROI
648,823,4,2960.21,1,3,2,2.0,132,Cant Lose Them,740.0525,823,Lost,None,Medium,2.0,Inactive,Low,Low ROI
649,432,8,4219.08,4,5,3,4.0,453,Loyal Customers,527.385,432,High Value,None,High,4.2,Active,Low,Medium-High ROI
650,448,4,3820.11,4,3,3,3.333333333333333,433,Loyal Customers,955.0275,448,High Value,None,High,3.4,Active,Low,Medium-High ROI
651,450,4,2426.24,4,3,2,3.0,432,Potential Loyalists,606.56,450,Growth,None,Medium,3.2,Active,Low,Medium-High ROI
652,378,5,9991.36,5,4,5,4.666666666666667,545,Champions,1998.272,378,High Value,None,Very High,4.6,Active,Low,High ROI
653,395,4,6760.200000000001,5,3,4,4.0,534,Loyal Customers,1690.0500000000002,395,High Value,None,High,4.0,Active,Low,Medium-High ROI
654,399,5,3180.98,5,4,2,3.6666666666666665,542,Potential Loyalists,636.196,399,Growth,None,Medium,4.0,Active,Low,Medium-High ROI
655,373,5,7901.4,5,4,5,4.666666666666667,545,Champions,1580.28,373,High Value,None,Very High,4.6,Active,Low,Low ROI
656,660,3,4558.14,1,2,3,2.0,123,Lost,1519.38,660,Lost,High,Medium,1.8,Dormant,High,Low ROI
657,487,2,4777.29,3,1,3,2.333333333333333,313,Need Attention,2388.645,487,Lost,None,Medium,2.2,Regular,Low,Low ROI
658,408,4,2492.76,5,3,2,3.333333333333333,532,Potential Loyalists,623.19,408,Growth,None,Medium,3.6,Active,Low,Medium-High ROI
659,368,6,5453.86,5,5,4,4.666666666666667,554,Champions,908.9766666666666,368,High Value,None,Very High,4.8,Active,Low,Low ROI
660,479,3,1507.88,3,2,1,2.0,321,Need Attention,502.6266666666667,479,Lost,None,Medium,2.2,Regular,Low,Low ROI
661,973,2,1649.79,1,1,1,1.0,111,Lost,824.895,973,Lost,High,Low,1.0,Dormant,High,Low ROI
662,721,4,3897.12,1,3,3,2.333333333333333,133,Cant Lose Them,974.28,721,Lost,None,High,2.2,Inactive,Low,Low ROI
663,461,5,6612.4400000000005,4,4,4,4.0,444,Champions,1322.488,461,High Value,None,Very High,4.0,Active,Low,Low ROI
664,523,7,6002.31,3,5,4,4.0,354,Potential Loyalists,857.4728571428572,523,Growth,None,Very High,4.0,Regular,Low,Medium-High ROI
665,671,3,2812.35,1,2,2,1.6666666666666667,122,Lost,937.45,671,Lost,High,Medium,1.6,Dormant,High,Low ROI
666,502,9,18991.56,3,5,5,4.333333333333333,355,Potential Loyalists,2110.1733333333336,502,Growth,None,Very High,4.2,Regular,Low,Medium-High ROI
667,467,2,5069.11,3,1,3,2.333333333333333,313,Need Attention,2534.555,467,Lost,None,Medium,2.2,Regular,Low,Low ROI
668,445,5,5056.98,4,4,3,3.6666666666666665,443,Loyal Customers,1011.396,445,High Value,None,High,3.8,Active,Low,Medium-High ROI
669,431,5,8064.74,4,4,5,4.333333333333333,445,Champions,1612.948,431,High Value,None,Very High,4.2,Active,Low,High ROI
670,630,3,3312.84,2,2,2,2.0,222,Need Attention,1104.28,630,Lost,None,Medium,2.0,Dormant,Low,Low ROI
671,398,2,1145.09,5,1,1,2.333333333333333,511,Recent Customers,572.5450000000001,398,Growth,Low,Low,2.6,New,Medium,Growth Potential
672,591,4,8863.4,2,3,5,3.333333333333333,235,Cant Lose Them,2215.85,591,Lost,None,High,3.0,Inactive,Low,Low ROI
673,465,8,13475.69,3,5,5,4.333333333333333,355,Potential Loyalists,1684.46125,465,Growth,None,Very High,4.2,Regular,Low,Medium-High ROI
674,471,3,3165.7499999999995,3,2,2,2.333333333333333,322,Need Attention,1055.2499999999998,471,Lost,None,Medium,2.4,Regular,Low,Low ROI
675,394,3,1993.27,5,2,1,2.6666666666666665,521,Recent Customers,664.4233333333333,394,Growth,Low,Medium,3.0,New,Medium,Growth Potential
676,492,3,3805.83,3,2,3,2.6666666666666665,323,Need Attention,1268.61,492,Lost,None,Medium,2.6,Regular,Low,Low ROI
677,507,4,4273.45,3,3,3,3.0,333,Potential Loyalists,1068.3625,507,Growth,None,High,3.0,Regular,Low,Medium-High ROI
678,781,3,2606.32,1,2,2,1.6666666666666667,122,Lost,868.7733333333332,781,Lost,High,Medium,1.6,Dormant,High,Low ROI
679,571,5,14690.95,2,4,5,3.6666666666666665,245,At Risk,2938.19,571,At Risk,Medium,Very High,3.4,Inactive,Urgent,Critical (Win-back)
680,395,9,9768.9,5,5,5,5.0,555,Champions,1085.4333333333334,395,High Value,None,Very High,5.0,Active,Low,High ROI
681,598,4,2722.84,2,3,2,2.333333333333333,232,Cant Lose Them,680.71,598,Lost,None,Medium,2.4,Inactive,Low,Low ROI
683,403,5,3238.8,5,4,2,3.6666666666666665,542,Potential Loyalists,647.76,403,Growth,None,Medium,4.0,Active,Low,Medium-High ROI
684,370,6,10102.83,5,5,5,5.0,555,Champions,1683.805,370,High Value,None,Very High,5.0,Active,Low,High ROI
685,535,4,7264.03,2,3,4,3.0,234,Cant Lose Them,1816.0075,535,Lost,None,High,2.8,Inactive,Low,Low ROI
686,387,5,2829.39,5,4,2,3.6666666666666665,542,Potential Loyalists,565.8779999999999,387,Growth,None,Medium,4.0,Active,Low,Medium-High ROI
687,509,2,1459.39,3,1,1,1.6666666666666667,311,Need Attention,729.6949999999999,509,Lost,None,Low,1.8,Regular,Low,Low ROI
688,370,3,2166.07,5,2,2,3.0,522,Recent Customers,722.0233333333332,370,Growth,Low,Medium,3.2,New,Medium,Growth Potential
689,454,5,9498.47,4,4,5,4.333333333333333,445,Champions,1899.694,454,High Value,None,Very High,4.2,Active,Low,High ROI
690,497,5,3082.2200000000003,3,4,2,3.0,342,Potential Loyalists,616.4440000000001,497,Growth,None,Medium,3.2,Regular,Low,Medium-High ROI
691,459,5,7539.78,4,4,4,4.0,444,Champions,1507.956,459,High Value,None,Very High,4.0,Active,Low,Low ROI
692,462,2,2453.76,4,1,2,2.333333333333333,412,Recent Customers,1226.88,462,Growth,Low,Medium,2.4,New,Medium,Growth Potential
693,422,1,376.44,4,1,1,2.0,411,Recent Customers,376.44,422,Growth,Low,Low,2.2,New,Medium,Growth Potential
694,374,3,2796.63,5,2,2,3.0,522,Recent Customers,932.21,374,Growth,Low,Medium,3.2,New,Medium,Growth Potential
695,386,5,9204.73,5,4,5,4.666666666666667,545,Champions,1840.946,386,High Value,None,Very High,4.6,Active,Low,High ROI
696,463,2,1501.66,3,1,1,1.6666666666666667,311,Need Attention,750.83,463,Lost,None,Low,1.8,Regular,Low,Low ROI
697,692,1,1971.05,1,1,1,1.0,111,Lost,1971.05,692,Lost,High,Low,1.0,Dormant,High,Low ROI
698,400,6,3913.36,5,5,3,4.333333333333333,553,Loyal Customers,652.2266666666666,400,High Value,None,High,4.6,Active,Low,Medium-High ROI
699,851,3,1815.8,1,2,1,1.3333333333333333,121,Lost,605.2666666666667,851,Lost,High,Medium,1.4,Dormant,High,Low ROI
700,461,6,9661.76,4,5,5,4.666666666666667,455,Champions,1610.2933333333333,461,High Value,None,Very High,4.6,Active,Low,High ROI
701,794,4,6415.39,1,3,4,2.6666666666666665,134,Cant Lose Them,1603.8475,794,Lost,None,High,2.4,Inactive,Low,Low ROI
702,559,6,3055.12,2,5,2,3.0,252,At Risk,509.18666666666667,559,At Risk,Medium,Medium,3.2,Inactive,Urgent,Low ROI
703,439,3,2215.9700000000003,4,2,2,2.6666666666666665,422,Recent Customers,738.6566666666668,439,Growth,Low,Medium,2.8,New,Medium,Growth Potential
704,405,5,6728.62,5,4,4,4.333333333333333,544,Champions,1345.724,405,High Value,None,Very High,4.4,Active,Low,Low ROI
705,547,5,10095.15,2,4,5,3.6666666666666665,245,At Risk,2019.03,547,At Risk,Medium,Very High,3.4,Inactive,Urgent,Critical (Win-back)
706,416,4,3445.6800000000003,4,3,3,3.333333333333333,433,Loyal Customers,861.4200000000001,416,High Value,None,High,3.4,Active,Low,Medium-High ROI
707,729,3,3408.4,1,2,3,2.0,123,Lost,1136.1333333333334,729,Lost,High,Medium,1.8,Dormant,High,Low ROI
709,527,4,4035.16,3,3,3,3.0,333,Potential Loyalists,1008.79,527,Growth,None,High,3.0,Regular,Low,Medium-High ROI
710,462,8,17915.8,4,5,5,4.666666666666667,455,Champions,2239.475,462,High Value,None,Very High,4.6,Active,Low,High ROI
711,608,3,3802.16,2,2,3,2.333333333333333,223,Need Attention,1267.3866666666668,608,Lost,None,Medium,2.2,Dormant,Low,Low ROI
712,652,3,4228.66,1,2,3,2.0,123,Lost,1409.5533333333333,652,Lost,High,Medium,1.8,Dormant,High,Low ROI
713,532,3,6060.7,2,2,4,2.6666666666666665,224,Need Attention,2020.2333333333331,532,Lost,None,Medium,2.4,Dormant,Low,Low ROI
714,638,3,2092.17,2,2,2,2.0,222,Need Attention,697.39,638,Lost,None,Medium,2.0,Dormant,Low,Low ROI
715,414,6,9073.58,4,5,5,4.666666666666667,455,Champions,1512.263333333333,414,High Value,None,Very High,4.6,Active,Low,High ROI
716,374,6,3814.32,5,5,3,4.333333333333333,553,Loyal Customers,635.72,374,High Value,None,High,4.6,Active,Low,Medium-High ROI
717,526,5,5474.139999999999,3,4,4,3.6666666666666665,344,Potential Loyalists,1094.828,526,Growth,None,Very High,3.6,Regular,Low,Medium-High ROI
718,426,5,4163.82,4,4,3,3.6666666666666665,443,Loyal Customers,832.7639999999999,426,High Value,None,High,3.8,Active,Low,Medium-High ROI
719,793,3,1660.75,1,2,1,1.3333333333333333,121,Lost,553.5833333333334,793,Lost,High,Medium,1.4,Dormant,High,Low ROI
720,725,1,1240.02,1,1,1,1.0,111,Lost,1240.02,725,Lost,High,Low,1.0,Dormant,High,Low ROI
721,458,4,2253.03,4,3,2,3.0,432,Potential Loyalists,563.2574999999999,458,Growth,None,Medium,3.2,Active,Low,Medium-High ROI
722,561,4,2637.48,2,3,2,2.333333333333333,232,Cant Lose Them,659.37,561,Lost,None,Medium,2.4,Inactive,Low,Low ROI
723,393,3,6900.220000000001,5,2,4,3.6666666666666665,524,Recent Customers,2300.0733333333337,393,Growth,Low,Medium,3.6,New,Medium,Growth Potential
724,521,4,5972.94,3,3,4,3.333333333333333,334,Potential Loyalists,1493.235,521,Growth,None,High,3.2,Regular,Low,Medium-High ROI
725,439,6,3471.6,4,5,3,4.0,453,Loyal Customers,578.6,439,High Value,None,High,4.2,Active,Low,Medium-High ROI
726,896,3,1577.75,1,2,1,1.3333333333333333,121,Lost,525.9166666666666,896,Lost,High,Medium,1.4,Dormant,High,Low ROI
727,407,7,6696.23,5,5,4,4.666666666666667,554,Champions,956.6042857142857,407,High Value,None,Very High,4.8,Active,Low,Low ROI
728,535,2,1686.67,2,1,1,1.3333333333333333,211,Need Attention,843.335,535,Lost,None,Low,1.4,Dormant,Low,Low ROI
729,390,2,3307.78,5,1,2,2.6666666666666665,512,Recent Customers,1653.89,390,Growth,Low,Medium,2.8,New,Medium,Growth Potential
730,507,4,5245.22,3,3,4,3.333333333333333,334,Potential Loyalists,1311.305,507,Growth,None,High,3.2,Regular,Low,Medium-High ROI
731,494,4,4055.23,3,3,3,3.0,333,Potential Loyalists,1013.8075,494,Growth,None,High,3.0,Regular,Low,Medium-High ROI
732,411,7,12297.82,4,5,5,4.666666666666667,455,Champions,1756.8314285714284,411,High Value,None,Very High,4.6,Active,Low,High ROI
733,390,5,4759.14,5,4,3,4.0,543,Loyal Customers,951.828,390,High Value,None,High,4.2,Active,Low,Medium-High ROI
734,388,3,2013.56,5,2,2,3.0,522,Recent Customers,671.1866666666666,388,Growth,Low,Medium,3.2,New,Medium,Growth Potential
735,527,5,9186.26,3,4,5,4.0,345,Potential Loyalists,1837.252,527,Growth,None,Very High,3.8,Regular,Low,Medium-High ROI
736,525,4,5986.94,3,3,4,3.333333333333333,334,Potential Loyalists,1496.735,525,Growth,None,High,3.2,Regular,Low,Medium-High ROI
737,922,1,1929.95,1,1,1,1.0,111,Lost,1929.95,922,Lost,High,Low,1.0,Dormant,High,Low ROI
739,421,5,4314.43,4,4,3,3.6666666666666665,443,Loyal Customers,862.8860000000001,421,High Value,None,High,3.8,Active,Low,Medium-High ROI
740,422,3,2961.44,4,2,2,2.6666666666666665,422,Recent Customers,987.1466666666666,422,Growth,Low,Medium,2.8,New,Medium,Growth Potential
741,459,3,6257.870000000001,4,2,4,3.333333333333333,424,Recent Customers,2085.956666666667,459,Growth,Low,Medium,3.2,New,Medium,Growth Potential
742,706,2,1971.61,1,1,1,1.0,111,Lost,985.805,706,Lost,High,Low,1.0,Dormant,High,Low ROI
743,427,8,5646.85,4,5,4,4.333333333333333,454,Champions,705.85625,427,High Value,None,Very High,4.4,Active,Low,Low ROI
744,527,3,9607.03,3,2,5,3.333333333333333,325,Need Attention,3202.343333333333,527,Lost,None,Medium,3.0,Regular,Low,Low ROI
745,398,2,987.74,5,1,1,2.333333333333333,511,Recent Customers,493.87,398,Growth,Low,Low,2.6,New,Medium,Growth Potential
746,377,3,2152.48,5,2,2,3.0,522,Recent Customers,717.4933333333333,377,Growth,Low,Medium,3.2,New,Medium,Growth Potential
747,382,6,4935.9,5,5,3,4.333333333333333,553,Loyal Customers,822.65,382,High Value,None,High,4.6,Active,Low,Medium-High ROI
748,535,3,2379.57,2,2,2,2.0,222,Need Attention,793.1899999999999,535,Lost,None,Medium,2.0,Dormant,Low,Low ROI
749,800,3,1171.72,1,2,1,1.3333333333333333,121,Lost,390.5733333333333,800,Lost,High,Medium,1.4,Dormant,High,Low ROI
751,508,5,3888.0,3,4,3,3.333333333333333,343,Potential Loyalists,777.6,508,Growth,None,High,3.4,Regular,Low,Medium-High ROI
752,658,3,6083.820000000001,1,2,4,2.333333333333333,124,Lost,2027.9400000000005,658,Lost,High,Medium,2.0,Dormant,High,Low ROI
753,475,3,7936.25,3,2,5,3.333333333333333,325,Need Attention,2645.4166666666665,475,Lost,None,Medium,3.0,Regular,Low,Low ROI
754,468,7,14072.93,3,5,5,4.333333333333333,355,Potential Loyalists,2010.418571428572,468,Growth,None,Very High,4.2,Regular,Low,Medium-High ROI
755,540,3,1967.44,2,2,1,1.6666666666666667,221,Need Attention,655.8133333333334,540,Lost,None,Medium,1.8,Dormant,Low,Low ROI
756,554,4,4307.79,2,3,3,2.6666666666666665,233,Cant Lose Them,1076.9475,554,Lost,None,High,2.6,Inactive,Low,Low ROI
757,750,5,4757.24,1,4,3,2.6666666666666665,143,At Risk,951.448,750,At Risk,Medium,High,2.6,Inactive,Urgent,Low ROI
758,733,1,1136.98,1,1,1,1.0,111,Lost,1136.98,733,Lost,High,Low,1.0,Dormant,High,Low ROI
759,558,2,4961.200000000001,2,1,3,2.0,213,Need Attention,2480.6000000000004,558,Lost,None,Medium,1.8,Dormant,Low,Low ROI
760,687,2,1599.92,1,1,1,1.0,111,Lost,799.96,687,Lost,High,Low,1.0,Dormant,High,Low ROI
761,419,6,6959.25,4,5,4,4.333333333333333,454,Champions,1159.875,419,High Value,None,Very High,4.4,Active,Low,Low ROI
762,437,5,4588.93,4,4,3,3.6666666666666665,443,Loyal Customers,917.786,437,High Value,None,High,3.8,Active,Low,Medium-High ROI
763,581,5,9045.79,2,4,5,3.6666666666666665,245,At Risk,1809.158,581,At Risk,Medium,Very High,3.4,Inactive,Urgent,Critical (Win-back)
764,481,6,3687.21,3,5,3,3.6666666666666665,353,Potential Loyalists,614.535,481,Growth,None,High,3.8,Regular,Low,Medium-High ROI
765,438,1,504.75,4,1,1,2.0,411,Recent Customers,504.75,438,Growth,Low,Low,2.2,New,Medium,Growth Potential
766,622,4,5513.08,2,3,4,3.0,234,Cant Lose Them,1378.27,622,Lost,None,High,2.8,Inactive,Low,Low ROI
767,698,3,2190.01,1,2,2,1.6666666666666667,122,Lost,730.0033333333332,698,Lost,High,Medium,1.6,Dormant,High,Low ROI
768,402,5,7407.17,5,4,4,4.333333333333333,544,Champions,1481.434,402,High Value,None,Very High,4.4,Active,Low,Low ROI
769,629,3,4555.89,2,2,3,2.333333333333333,223,Need Attention,1518.63,629,Lost,None,Medium,2.2,Dormant,Low,Low ROI
770,416,3,3156.01,4,2,2,2.6666666666666665,422,Recent Customers,1052.003333333333,416,Growth,Low,Medium,2.8,New,Medium,Growth Potential
771,393,4,2392.0,5,3,2,3.333333333333333,532,Potential Loyalists,598.0,393,Growth,None,Medium,3.6,Active,Low,Medium-High ROI
772,1093,1,2662.86,1,1,2,1.3333333333333333,112,Lost,2662.86,1093,Lost,High,Medium,1.2,Dormant,High,Low ROI
773,590,4,3390.59,2,3,3,2.6666666666666665,233,Cant Lose Them,847.6475,590,Lost,None,High,2.6,Inactive,Low,Low ROI
774,704,3,6684.54,1,2,4,2.333333333333333,124,Lost,2228.18,704,Lost,High,Medium,2.0,Dormant,High,Low ROI
775,474,5,9041.73,3,4,5,4.0,345,Potential Loyalists,1808.346,474,Growth,None,Very High,3.8,Regular,Low,Medium-High ROI
776,425,6,7045.46,4,5,4,4.333333333333333,454,Champions,1174.243333333333,425,High Value,None,Very High,4.4,Active,Low,Low ROI
777,411,6,6777.03,4,5,4,4.333333333333333,454,Champions,1129.505,411,High Value,None,Very High,4.4,Active,Low,Low ROI
778,748,5,4868.06,1,4,3,2.6666666666666665,143,At Risk,973.612,748,At Risk,Medium,High,2.6,Inactive,Urgent,Low ROI
779,402,4,4651.8,5,3,3,3.6666666666666665,533,Loyal Customers,1162.95,402,High Value,None,High,3.8,Active,Low,Medium-High ROI
780,580,5,4475.29,2,4,3,3.0,243,At Risk,895.058,580,At Risk,Medium,High,3.0,Inactive,Urgent,Low ROI
781,483,7,5830.05,3,5,4,4.0,354,Potential Loyalists,832.8642857142858,483,Growth,None,Very High,4.0,Regular,Low,Medium-High ROI
784,425,2,1142.3,4,1,1,2.0,411,Recent Customers,571.15,425,Growth,Low,Low,2.2,New,Medium,Growth Potential
786,511,7,7521.98,3,5,4,4.0,354,Potential Loyalists,1074.5685714285714,511,Growth,None,Very High,4.0,Regular,Low,Medium-High ROI
787,669,4,3831.91,1,3,3,2.333333333333333,133,Cant Lose Them,957.9775,669,Lost,None,High,2.2,Inactive,Low,Low ROI
788,576,2,4954.66,2,1,3,2.0,213,Need Attention,2477.33,576,Lost,None,Medium,1.8,Dormant,Low,Low ROI
789,389,5,2435.7,5,4,2,3.6666666666666665,542,Potential Loyalists,487.14,389,Growth,None,Medium,4.0,Active,Low,Medium-High ROI
790,753,1,488.52,1,1,1,1.0,111,Lost,488.52,753,Lost,High,Low,1.0,Dormant,High,Low ROI
791,553,5,2902.7,2,4,2,2.6666666666666665,242,At Risk,580.54,553,At Risk,Medium,Medium,2.8,Inactive,Urgent,Low ROI
792,374,8,7789.35,5,5,5,5.0,555,Champions,973.66875,374,High Value,None,Very High,5.0,Active,Low,Low ROI
793,490,6,8553.98,3,5,5,4.333333333333333,355,Potential Loyalists,1425.6633333333332,490,Growth,None,Very High,4.2,Regular,Low,Medium-High ROI
794,1064,2,2131.46,1,1,2,1.3333333333333333,112,Lost,1065.73,1064,Lost,High,Medium,1.2,Dormant,High,Low ROI
795,397,4,2964.84,5,3,2,3.333333333333333,532,Potential Loyalists,741.21,397,Growth,None,Medium,3.6,Active,Low,Medium-High ROI
796,759,1,584.18,1,1,1,1.0,111,Lost,584.18,759,Lost,High,Low,1.0,Dormant,High,Low ROI
797,413,3,3876.07,4,2,3,3.0,423,Recent Customers,1292.0233333333333,413,Growth,Low,Medium,3.0,New,Medium,Growth Potential
798,487,5,10329.94,3,4,5,4.0,345,Potential Loyalists,2065.9880000000003,487,Growth,None,Very High,3.8,Regular,Low,Medium-High ROI
799,433,5,4256.25,4,4,3,3.6666666666666665,443,Loyal Customers,851.25,433,High Value,None,High,3.8,Active,Low,Medium-High ROI
801,608,2,935.64,2,1,1,1.3333333333333333,211,Need Attention,467.82,608,Lost,None,Low,1.4,Dormant,Low,Low ROI
802,420,3,1585.26,4,2,1,2.333333333333333,421,Recent Customers,528.42,420,Growth,Low,Medium,2.6,New,Medium,Growth Potential
803,984,1,1699.73,1,1,1,1.0,111,Lost,1699.73,984,Lost,High,Low,1.0,Dormant,High,Low ROI
804,466,3,7784.309999999999,3,2,4,3.0,324,Need Attention,2594.77,466,Lost,None,Medium,2.8,Regular,Low,Low ROI
805,386,3,1813.76,5,2,1,2.6666666666666665,521,Recent Customers,604.5866666666667,386,Growth,Low,Medium,3.0,New,Medium,Growth Potential
806,486,5,9377.59,3,4,5,4.0,345,Potential Loyalists,1875.518,486,Growth,None,Very High,3.8,Regular,Low,Medium-High ROI
807,616,4,9171.05,2,3,5,3.333333333333333,235,Cant Lose Them,2292.7625,616,Lost,None,High,3.0,Inactive,Low,Low ROI
808,373,4,3658.1,5,3,3,3.6666666666666665,533,Loyal Customers,914.525,373,High Value,None,High,3.8,Active,Low,Medium-High ROI
809,422,3,5730.93,4,2,4,3.333333333333333,424,Recent Customers,1910.31,422,Growth,Low,Medium,3.2,New,Medium,Growth Potential
810,454,6,4888.9,4,5,3,4.0,453,Loyal Customers,814.8166666666666,454,High Value,None,High,4.2,Active,Low,Medium-High ROI
811,404,2,7295.44,5,1,4,3.333333333333333,514,Recent Customers,3647.72,404,Growth,Low,Medium,3.2,New,Medium,Growth Potential
812,441,6,9233.63,4,5,5,4.666666666666667,455,Champions,1538.9383333333333,441,High Value,None,Very High,4.6,Active,Low,High ROI
813,587,2,6141.150000000001,2,1,4,2.333333333333333,214,Need Attention,3070.5750000000003,587,Lost,None,Medium,2.0,Dormant,Low,Low ROI
814,482,8,10282.08,3,5,5,4.333333333333333,355,Potential Loyalists,1285.26,482,Growth,None,Very High,4.2,Regular,Low,Medium-High ROI
815,522,3,1262.03,3,2,1,2.0,321,Need Attention,420.6766666666667,522,Lost,None,Medium,2.2,Regular,Low,Low ROI
816,401,10,8127.559999999999,5,5,5,5.0,555,Champions,812.756,401,High Value,None,Very High,5.0,Active,Low,High ROI
817,503,2,3901.42,3,1,3,2.333333333333333,313,Need Attention,1950.71,503,Lost,None,Medium,2.2,Regular,Low,Low ROI
818,460,5,9871.2,4,4,5,4.333333333333333,445,Champions,1974.24,460,High Value,None,Very High,4.2,Active,Low,High ROI
819,445,4,5061.84,4,3,3,3.333333333333333,433,Loyal Customers,1265.46,445,High Value,None,High,3.4,Active,Low,Medium-High ROI
820,608,2,2906.93,2,1,2,1.6666666666666667,212,Need Attention,1453.465,608,Lost,None,Medium,1.6,Dormant,Low,Low ROI
821,580,4,7934.78,2,3,5,3.333333333333333,235,Cant Lose Them,1983.695,580,Lost,None,High,3.0,Inactive,Low,Low ROI
822,683,2,1405.62,1,1,1,1.0,111,Lost,702.81,683,Lost,High,Low,1.0,Dormant,High,Low ROI
823,410,6,4459.67,4,5,3,4.0,453,Loyal Customers,743.2783333333333,410,High Value,None,High,4.2,Active,Low,Medium-High ROI
824,402,3,1839.56,5,2,1,2.6666666666666665,521,Recent Customers,613.1866666666666,402,Growth,Low,Medium,3.0,New,Medium,Growth Potential
825,419,3,5722.19,4,2,4,3.333333333333333,424,Recent Customers,1907.3966666666663,419,Growth,Low,Medium,3.2,New,Medium,Growth Potential
826,707,6,11835.66,1,5,5,3.6666666666666665,155,At Risk,1972.61,707,At Risk,Medium,Very High,3.4,Inactive,Urgent,Critical (Win-back)
827,597,4,4015.96,2,3,3,2.6666666666666665,233,Cant Lose Them,1003.99,597,Lost,None,High,2.6,Inactive,Low,Low ROI
828,390,4,4196.09,5,3,3,3.6666666666666665,533,Loyal Customers,1049.0225,390,High Value,None,High,3.8,Active,Low,Medium-High ROI
829,458,1,5794.43,4,1,4,3.0,414,Recent Customers,5794.43,458,Growth,Low,Medium,2.8,New,Medium,Growth Potential
830,500,5,7156.65,3,4,4,3.6666666666666665,344,Potential Loyalists,1431.33,500,Growth,None,Very High,3.6,Regular,Low,Medium-High ROI
831,430,4,4621.28,4,3,3,3.333333333333333,433,Loyal Customers,1155.32,430,High Value,None,High,3.4,Active,Low,Medium-High ROI
832,591,2,1122.74,2,1,1,1.3333333333333333,211,Need Attention,561.37,591,Lost,None,Low,1.4,Dormant,Low,Low ROI
833,480,6,10687.71,3,5,5,4.333333333333333,355,Potential Loyalists,1781.285,480,Growth,None,Very High,4.2,Regular,Low,Medium-High ROI
834,981,1,443.92,1,1,1,1.0,111,Lost,443.92,981,Lost,High,Low,1.0,Dormant,High,Low ROI
835,966,1,4092.13,1,1,3,1.6666666666666667,113,Lost,4092.13,966,Lost,High,Medium,1.4,Dormant,High,Low ROI
836,607,1,1103.09,2,1,1,1.3333333333333333,211,Need Attention,1103.09,607,Lost,None,Low,1.4,Dormant,Low,Low ROI
837,426,2,7501.13,4,1,4,3.0,414,Recent Customers,3750.565,426,Growth,Low,Medium,2.8,New,Medium,Growth Potential
838,469,5,3298.01,3,4,2,3.0,342,Potential Loyalists,659.6020000000001,469,Growth,None,Medium,3.2,Regular,Low,Medium-High ROI
839,442,7,9890.28,4,5,5,4.666666666666667,455,Champions,1412.8971428571426,442,High Value,None,Very High,4.6,Active,Low,High ROI
840,454,6,5884.12,4,5,4,4.333333333333333,454,Champions,980.6866666666666,454,High Value,None,Very High,4.4,Active,Low,Low ROI
841,408,2,971.29,5,1,1,2.333333333333333,511,Recent Customers,485.645,408,Growth,Low,Low,2.6,New,Medium,Growth Potential
842,379,2,2239.18,5,1,2,2.6666666666666665,512,Recent Customers,1119.59,379,Growth,Low,Medium,2.8,New,Medium,Growth Potential
843,721,4,4578.75,1,3,3,2.333333333333333,133,Cant Lose Them,1144.6875,721,Lost,None,High,2.2,Inactive,Low,Low ROI
844,376,3,10197.59,5,2,5,4.0,525,Recent Customers,3399.1966666666667,376,Growth,Low,Medium,3.8,New,Medium,Growth Potential
845,376,9,5835.08,5,5,4,4.666666666666667,554,Champions,648.3422222222222,376,High Value,None,Very High,4.8,Active,Low,Low ROI
846,427,4,3246.25,4,3,2,3.0,432,Potential Loyalists,811.5625,427,Growth,None,Medium,3.2,Active,Low,Medium-High ROI
847,750,4,2034.55,1,3,2,2.0,132,Cant Lose Them,508.6375000000001,750,Lost,None,Medium,2.0,Inactive,Low,Low ROI
848,482,6,5566.33,3,5,4,4.0,354,Potential Loyalists,927.7216666666668,482,Growth,None,Very High,4.0,Regular,Low,Medium-High ROI
849,622,4,9570.35,2,3,5,3.333333333333333,235,Cant Lose Them,2392.5875,622,Lost,None,High,3.0,Inactive,Low,Low ROI
850,438,4,2037.42,4,3,2,3.0,432,Potential Loyalists,509.355,438,Growth,None,Medium,3.2,Active,Low,Medium-High ROI
851,588,3,2256.04,2,2,2,2.0,222,Need Attention,752.0133333333333,588,Lost,None,Medium,2.0,Dormant,Low,Low ROI
852,588,2,2968.02,2,1,2,1.6666666666666667,212,Need Attention,1484.01,588,Lost,None,Medium,1.6,Dormant,Low,Low ROI
853,712,3,7720.28,1,2,4,2.333333333333333,124,Lost,2573.4266666666667,712,Lost,High,Medium,2.0,Dormant,High,Low ROI
854,667,2,3026.01,1,1,2,1.3333333333333333,112,Lost,1513.005,667,Lost,High,Medium,1.2,Dormant,High,Low ROI
855,445,3,5140.85,4,2,3,3.0,423,Recent Customers,1713.6166666666668,445,Growth,Low,Medium,3.0,New,Medium,Growth Potential
856,525,6,5907.52,3,5,4,4.0,354,Potential Loyalists,984.5866666666668,525,Growth,None,Very High,4.0,Regular,Low,Medium-High ROI
857,867,1,469.34,1,1,1,1.0,111,Lost,469.34,867,Lost,High,Low,1.0,Dormant,High,Low ROI
858,529,4,7183.32,3,3,4,3.333333333333333,334,Potential Loyalists,1795.83,529,Growth,None,High,3.2,Regular,Low,Medium-High ROI
859,460,2,1657.11,4,1,1,2.0,411,Recent Customers,828.5550000000001,460,Growth,Low,Low,2.2,New,Medium,Growth Potential
860,400,4,8600.7,5,3,5,4.333333333333333,535,Loyal Customers,2150.175,400,High Value,None,High,4.2,Active,Low,Medium-High ROI
861,403,5,5957.88,5,4,4,4.333333333333333,544,Champions,1191.576,403,High Value,None,Very High,4.4,Active,Low,Low ROI
862,528,4,3343.41,3,3,2,2.6666666666666665,332,Potential Loyalists,835.8525,528,Growth,None,Medium,2.8,Regular,Low,Medium-High ROI
863,428,8,10795.86,4,5,5,4.666666666666667,455,Champions,1349.4825,428,High Value,None,Very High,4.6,Active,Low,High ROI
864,621,3,1431.39,2,2,1,1.6666666666666667,221,Need Attention,477.13,621,Lost,None,Medium,1.8,Dormant,Low,Low ROI
865,843,1,920.94,1,1,1,1.0,111,Lost,920.94,843,Lost,High,Low,1.0,Dormant,High,Low ROI
866,558,3,2610.33,2,2,2,2.0,222,Need Attention,870.11,558,Lost,None,Medium,2.0,Dormant,Low,Low ROI
867,416,4,4953.83,4,3,3,3.333333333333333,433,Loyal Customers,1238.4575,416,High Value,None,High,3.4,Active,Low,Medium-High ROI
868,514,2,818.3199999999999,3,1,1,1.6666666666666667,311,Need Attention,409.16,514,Lost,None,Low,1.8,Regular,Low,Low ROI
869,591,6,7792.98,2,5,5,4.0,255,At Risk,1298.83,591,At Risk,Medium,Very High,3.8,Inactive,Urgent,Critical (Win-back)
870,559,4,3001.16,2,3,2,2.333333333333333,232,Cant Lose Them,750.29,559,Lost,None,Medium,2.4,Inactive,Low,Low ROI
871,394,9,19244.88,5,5,5,5.0,555,Champions,2138.32,394,High Value,None,Very High,5.0,Active,Low,High ROI
872,397,4,3008.78,5,3,2,3.333333333333333,532,Potential Loyalists,752.1949999999999,397,Growth,None,Medium,3.6,Active,Low,Medium-High ROI
873,717,4,8916.970000000001,1,3,5,3.0,135,Cant Lose Them,2229.2425000000003,717,Lost,None,High,2.6,Inactive,Low,Low ROI
874,457,5,3506.93,4,4,3,3.6666666666666665,443,Loyal Customers,701.386,457,High Value,None,High,3.8,Active,Low,Medium-High ROI
875,710,1,431.92,1,1,1,1.0,111,Lost,431.92,710,Lost,High,Low,1.0,Dormant,High,Low ROI
876,525,4,2960.15,3,3,2,2.6666666666666665,332,Potential Loyalists,740.0375,525,Growth,None,Medium,2.8,Regular,Low,Medium-High ROI
877,402,3,9143.46,5,2,5,4.0,525,Recent Customers,3047.82,402,Growth,Low,Medium,3.8,New,Medium,Growth Potential
878,736,6,8658.039999999999,1,5,5,3.6666666666666665,155,At Risk,1443.0066666666664,736,At Risk,Medium,Very High,3.4,Inactive,Urgent,Critical (Win-back)
879,963,2,972.59,1,1,1,1.0,111,Lost,486.295,963,Lost,High,Low,1.0,Dormant,High,Low ROI
880,553,4,1972.76,2,3,1,2.0,231,Cant Lose Them,493.19,553,Lost,None,Medium,2.2,Inactive,Low,Low ROI
881,515,8,23620.58,3,5,5,4.333333333333333,355,Potential Loyalists,2952.5725,515,Growth,None,Very High,4.2,Regular,Low,Medium-High ROI
882,489,3,5039.84,3,2,3,2.6666666666666665,323,Need Attention,1679.9466666666667,489,Lost,None,Medium,2.6,Regular,Low,Low ROI
883,370,7,13917.65,5,5,5,5.0,555,Champions,1988.2357142857145,370,High Value,None,Very High,5.0,Active,Low,High ROI
884,481,5,5211.129999999999,3,4,4,3.6666666666666665,344,Potential Loyalists,1042.226,481,Growth,None,Very High,3.6,Regular,Low,Medium-High ROI
885,831,6,8373.85,1,5,5,3.6666666666666665,155,At Risk,1395.6416666666669,831,At Risk,Medium,Very High,3.4,Inactive,Urgent,Critical (Win-back)
886,522,9,12323.92,3,5,5,4.333333333333333,355,Potential Loyalists,1369.3244444444445,522,Growth,None,Very High,4.2,Regular,Low,Medium-High ROI
887,405,5,7246.14,5,4,4,4.333333333333333,544,Champions,1449.228,405,High Value,None,Very High,4.4,Active,Low,Low ROI
888,382,5,5219.09,5,4,4,4.333333333333333,544,Champions,1043.818,382,High Value,None,Very High,4.4,Active,Low,Low ROI
889,747,7,10155.44,1,5,5,3.6666666666666665,155,At Risk,1450.7771428571427,747,At Risk,Medium,Very High,3.4,Inactive,Urgent,Critical (Win-back)
890,504,4,2056.57,3,3,2,2.6666666666666665,332,Potential Loyalists,514.1425,504,Growth,None,Medium,2.8,Regular,Low,Medium-High ROI
891,404,2,2600.97,5,1,2,2.6666666666666665,512,Recent Customers,1300.485,404,Growth,Low,Medium,2.8,New,Medium,Growth Potential
892,542,6,10458.38,2,5,5,4.0,255,At Risk,1743.0633333333333,542,At Risk,Medium,Very High,3.8,Inactive,Urgent,Critical (Win-back)
893,466,8,12851.49,3,5,5,4.333333333333333,355,Potential Loyalists,1606.43625,466,Growth,None,Very High,4.2,Regular,Low,Medium-High ROI
894,661,2,871.5,1,1,1,1.0,111,Lost,435.75,661,Lost,High,Low,1.0,Dormant,High,Low ROI
895,604,5,6177.16,2,4,4,3.333333333333333,244,At Risk,1235.432,604,At Risk,Medium,Very High,3.2,Inactive,Urgent,Critical (Win-back)
896,388,5,4356.45,5,4,3,4.0,543,Loyal Customers,871.29,388,High Value,None,High,4.2,Active,Low,Medium-High ROI
897,599,1,1537.38,2,1,1,1.3333333333333333,211,Need Attention,1537.38,599,Lost,None,Low,1.4,Dormant,Low,Low ROI
898,457,10,11713.29,4,5,5,4.666666666666667,455,Champions,1171.3290000000002,457,High Value,None,Very High,4.6,Active,Low,High ROI
899,477,6,13864.36,3,5,5,4.333333333333333,355,Potential Loyalists,2310.726666666667,477,Growth,None,Very High,4.2,Regular,Low,Medium-High ROI
900,400,6,5006.45,5,5,3,4.333333333333333,553,Loyal Customers,834.4083333333333,400,High Value,None,High,4.6,Active,Low,Medium-High ROI
901,391,6,8118.059999999999,5,5,5,5.0,555,Champions,1353.01,391,High Value,None,Very High,5.0,Active,Low,High ROI
902,553,8,11693.26,2,5,5,4.0,255,At Risk,1461.6575,553,At Risk,Medium,Very High,3.8,Inactive,Urgent,Critical (Win-back)
903,430,5,3784.43,4,4,3,3.6666666666666665,443,Loyal Customers,756.8860000000001,430,High Value,None,High,3.8,Active,Low,Medium-High ROI
904,515,2,821.05,3,1,1,1.6666666666666667,311,Need Attention,410.525,515,Lost,None,Low,1.8,Regular,Low,Low ROI
905,475,3,1586.15,3,2,1,2.0,321,Need Attention,528.7166666666667,475,Lost,None,Medium,2.2,Regular,Low,Low ROI
906,383,5,2525.38,5,4,2,3.6666666666666665,542,Potential Loyalists,505.076,383,Growth,None,Medium,4.0,Active,Low,Medium-High ROI
907,473,4,9595.3,3,3,5,3.6666666666666665,335,Potential Loyalists,2398.825,473,Growth,None,High,3.4,Regular,Low,Medium-High ROI
908,487,6,8396.1,3,5,5,4.333333333333333,355,Potential Loyalists,1399.35,487,Growth,None,Very High,4.2,Regular,Low,Medium-High ROI
909,974,1,563.03,1,1,1,1.0,111,Lost,563.03,974,Lost,High,Low,1.0,Dormant,High,Low ROI
910,525,4,3351.41,3,3,3,3.0,333,Potential Loyalists,837.8525,525,Growth,None,High,3.0,Regular,Low,Medium-High ROI
911,469,3,8178.54,3,2,5,3.333333333333333,325,Need Attention,2726.18,469,Lost,None,Medium,3.0,Regular,Low,Low ROI
912,688,3,4382.81,1,2,3,2.0,123,Lost,1460.9366666666665,688,Lost,High,Medium,1.8,Dormant,High,Low ROI
913,403,6,14438.44,5,5,5,5.0,555,Champions,2406.4066666666663,403,High Value,None,Very High,5.0,Active,Low,High ROI
914,753,5,5859.14,1,4,4,3.0,144,At Risk,1171.828,753,At Risk,Medium,Very High,2.8,Inactive,Urgent,Critical (Win-back)
915,481,3,1987.21,3,2,1,2.0,321,Need Attention,662.4033333333333,481,Lost,None,Medium,2.2,Regular,Low,Low ROI
916,458,6,4469.81,4,5,3,4.0,453,Loyal Customers,744.9683333333332,458,High Value,None,High,4.2,Active,Low,Medium-High ROI
917,622,7,6220.67,2,5,4,3.6666666666666665,254,At Risk,888.6671428571428,622,At Risk,Medium,Very High,3.6,Inactive,Urgent,Critical (Win-back)
918,482,4,8840.2,3,3,5,3.6666666666666665,335,Potential Loyalists,2210.05,482,Growth,None,High,3.4,Regular,Low,Medium-High ROI
919,385,5,6354.95,5,4,4,4.333333333333333,544,Champions,1270.99,385,High Value,None,Very High,4.4,Active,Low,Low ROI
920,368,5,3974.07,5,4,3,4.0,543,Loyal Customers,794.814,368,High Value,None,High,4.2,Active,Low,Medium-High ROI
921,429,7,10829.18,4,5,5,4.666666666666667,455,Champions,1547.0257142857142,429,High Value,None,Very High,4.6,Active,Low,High ROI
922,553,7,11946.15,2,5,5,4.0,255,At Risk,1706.5928571428574,553,At Risk,Medium,Very High,3.8,Inactive,Urgent,Critical (Win-back)
923,544,4,3912.67,2,3,3,2.6666666666666665,233,Cant Lose Them,978.1675,544,Lost,None,High,2.6,Inactive,Low,Low ROI
924,411,4,5900.54,4,3,4,3.6666666666666665,434,Loyal Customers,1475.135,411,High Value,None,High,3.6,Active,Low,Medium-High ROI
925,366,6,10295.3,5,5,5,5.0,555,Champions,1715.8833333333332,366,High Value,None,Very High,5.0,Active,Low,High ROI
926,676,4,3312.67,1,3,2,2.0,132,Cant Lose Them,828.1675,676,Lost,None,Medium,2.0,Inactive,Low,Low ROI
927,459,3,7794.360000000001,4,2,5,3.6666666666666665,425,Recent Customers,2598.1200000000003,459,Growth,Low,Medium,3.4,New,Medium,Growth Potential
928,935,4,3228.73,1,3,2,2.0,132,Cant Lose Them,807.1825,935,Lost,None,Medium,2.0,Inactive,Low,Low ROI
929,372,3,2020.48,5,2,2,3.0,522,Recent Customers,673.4933333333333,372,Growth,Low,Medium,3.2,New,Medium,Growth Potential
930,442,6,6596.3,4,5,4,4.333333333333333,454,Champions,1099.3833333333334,442,High Value,None,Very High,4.4,Active,Low,Low ROI
931,455,6,9500.38,4,5,5,4.666666666666667,455,Champions,1583.3966666666663,455,High Value,None,Very High,4.6,Active,Low,High ROI
932,431,6,3601.24,4,5,3,4.0,453,Loyal Customers,600.2066666666667,431,High Value,None,High,4.2,Active,Low,Medium-High ROI
933,456,3,6200.65,4,2,4,3.333333333333333,424,Recent Customers,2066.883333333333,456,Growth,Low,Medium,3.2,New,Medium,Growth Potential
934,521,3,6357.340000000001,3,2,4,3.0,324,Need Attention,2119.1133333333337,521,Lost,None,Medium,2.8,Regular,Low,Low ROI
935,430,3,3411.5199999999995,4,2,3,3.0,423,Recent Customers,1137.1733333333332,430,Growth,Low,Medium,3.0,New,Medium,Growth Potential
936,715,5,6210.1900000000005,1,4,4,3.0,144,At Risk,1242.038,715,At Risk,Medium,Very High,2.8,Inactive,Urgent,Critical (Win-back)
937,590,4,5288.68,2,3,4,3.0,234,Cant Lose Them,1322.17,590,Lost,None,High,2.8,Inactive,Low,Low ROI
938,414,10,9039.33,4,5,5,4.666666666666667,455,Champions,903.933,414,High Value,None,Very High,4.6,Active,Low,High ROI
939,629,1,1175.85,2,1,1,1.3333333333333333,211,Need Attention,1175.85,629,Lost,None,Low,1.4,Dormant,Low,Low ROI
940,460,4,3670.08,4,3,3,3.333333333333333,433,Loyal Customers,917.52,460,High Value,None,High,3.4,Active,Low,Medium-High ROI
941,431,5,3743.28,4,4,3,3.6666666666666665,443,Loyal Customers,748.6560000000001,431,High Value,None,High,3.8,Active,Low,Medium-High ROI
942,507,6,12972.85,3,5,5,4.333333333333333,355,Potential Loyalists,2162.141666666667,507,Growth,None,Very High,4.2,Regular,Low,Medium-High ROI
943,480,6,11797.35,3,5,5,4.333333333333333,355,Potential Loyalists,1966.225,480,Growth,None,Very High,4.2,Regular,Low,Medium-High ROI
944,413,10,16344.15,4,5,5,4.666666666666667,455,Champions,1634.415,413,High Value,None,Very High,4.6,Active,Low,High ROI
945,518,2,2777.33,3,1,2,2.0,312,Need Attention,1388.665,518,Lost,None,Medium,2.0,Regular,Low,Low ROI
946,462,7,14232.66,4,5,5,4.666666666666667,455,Champions,2033.2371428571428,462,High Value,None,Very High,4.6,Active,Low,High ROI
947,423,2,1483.56,4,1,1,2.0,411,Recent Customers,741.78,423,Growth,Low,Low,2.2,New,Medium,Growth Potential
948,368,12,10947.3,5,5,5,5.0,555,Champions,912.275,368,High Value,None,Very High,5.0,Active,Low,High ROI
949,698,4,2267.77,1,3,2,2.0,132,Cant Lose Them,566.9425,698,Lost,None,Medium,2.0,Inactive,Low,Low ROI
950,475,4,10678.89,3,3,5,3.6666666666666665,335,Potential Loyalists,2669.7225,475,Growth,None,High,3.4,Regular,Low,Medium-High ROI
951,416,4,4053.03,4,3,3,3.333333333333333,433,Loyal Customers,1013.2575,416,High Value,None,High,3.4,Active,Low,Medium-High ROI
952,373,6,10774.69,5,5,5,5.0,555,Champions,1795.7816666666668,373,High Value,None,Very High,5.0,Active,Low,High ROI
953,571,3,7558.519999999999,2,2,4,2.6666666666666665,224,Need Attention,2519.5066666666667,571,Lost,None,Medium,2.4,Dormant,Low,Low ROI
954,392,8,6659.08,5,5,4,4.666666666666667,554,Champions,832.385,392,High Value,None,Very High,4.8,Active,Low,Low ROI
955,387,7,7748.74,5,5,4,4.666666666666667,554,Champions,1106.962857142857,387,High Value,None,Very High,4.8,Active,Low,Low ROI
956,923,2,1036.98,1,1,1,1.0,111,Lost,518.49,923,Lost,High,Low,1.0,Dormant,High,Low ROI
957,644,2,2963.98,2,1,2,1.6666666666666667,212,Need Attention,1481.99,644,Lost,None,Medium,1.6,Dormant,Low,Low ROI
958,572,2,1682.85,2,1,1,1.3333333333333333,211,Need Attention,841.425,572,Lost,None,Low,1.4,Dormant,Low,Low ROI
959,549,4,6426.139999999999,2,3,4,3.0,234,Cant Lose Them,1606.535,549,Lost,None,High,2.8,Inactive,Low,Low ROI
960,687,1,1883.3,1,1,1,1.0,111,Lost,1883.3,687,Lost,High,Low,1.0,Dormant,High,Low ROI
961,643,4,5822.37,2,3,4,3.0,234,Cant Lose Them,1455.5925,643,Lost,None,High,2.8,Inactive,Low,Low ROI
962,396,6,13756.43,5,5,5,5.0,555,Champions,2292.738333333333,396,High Value,None,Very High,5.0,Active,Low,High ROI
963,413,5,5130.48,4,4,3,3.6666666666666665,443,Loyal Customers,1026.096,413,High Value,None,High,3.8,Active,Low,Medium-High ROI
964,545,3,5556.45,2,2,4,2.6666666666666665,224,Need Attention,1852.15,545,Lost,None,Medium,2.4,Dormant,Low,Low ROI
965,407,10,6083.31,5,5,4,4.666666666666667,554,Champions,608.331,407,High Value,None,Very High,4.8,Active,Low,Low ROI
966,452,6,3342.45,4,5,2,3.6666666666666665,452,Potential Loyalists,557.0749999999999,452,Growth,None,Medium,4.0,Active,Low,Medium-High ROI
967,832,3,3503.66,1,2,3,2.0,123,Lost,1167.8866666666663,832,Lost,High,Medium,1.8,Dormant,High,Low ROI
968,366,4,5193.97,5,3,4,4.0,534,Loyal Customers,1298.4925,366,High Value,None,High,4.0,Active,Low,Medium-High ROI
969,430,7,3928.36,4,5,3,4.0,453,Loyal Customers,561.1942857142857,430,High Value,None,High,4.2,Active,Low,Medium-High ROI
970,430,3,1865.07,4,2,1,2.333333333333333,421,Recent Customers,621.69,430,Growth,Low,Medium,2.6,New,Medium,Growth Potential
971,423,3,6943.64,4,2,4,3.333333333333333,424,Recent Customers,2314.5466666666666,423,Growth,Low,Medium,3.2,New,Medium,Growth Potential
972,404,5,3893.51,5,4,3,4.0,543,Loyal Customers,778.702,404,High Value,None,High,4.2,Active,Low,Medium-High ROI
973,446,6,6405.76,4,5,4,4.333333333333333,454,Champions,1067.6266666666668,446,High Value,None,Very High,4.4,Active,Low,Low ROI
974,518,3,2858.43,3,2,2,2.333333333333333,322,Need Attention,952.81,518,Lost,None,Medium,2.4,Regular,Low,Low ROI
975,507,8,10278.7,3,5,5,4.333333333333333,355,Potential Loyalists,1284.8375,507,Growth,None,Very High,4.2,Regular,Low,Medium-High ROI
976,482,8,6554.43,3,5,4,4.0,354,Potential Loyalists,819.30375,482,Growth,None,Very High,4.0,Regular,Low,Medium-High ROI
977,513,4,5617.22,3,3,4,3.333333333333333,334,Potential Loyalists,1404.305,513,Growth,None,High,3.2,Regular,Low,Medium-High ROI
978,471,6,5252.63,3,5,4,4.0,354,Potential Loyalists,875.4383333333334,471,Growth,None,Very High,4.0,Regular,Low,Medium-High ROI
979,530,2,1413.36,2,1,1,1.3333333333333333,211,Need Attention,706.6800000000001,530,Lost,None,Low,1.4,Dormant,Low,Low ROI
980,526,2,4658.37,3,1,3,2.333333333333333,313,Need Attention,2329.185,526,Lost,None,Medium,2.2,Regular,Low,Low ROI
981,642,3,2569.65,2,2,2,2.0,222,Need Attention,856.5500000000001,642,Lost,None,Medium,2.0,Dormant,Low,Low ROI
982,383,8,10356.95,5,5,5,5.0,555,Champions,1294.61875,383,High Value,None,Very High,5.0,Active,Low,High ROI
983,732,4,2492.14,1,3,2,2.0,132,Cant Lose Them,623.035,732,Lost,None,Medium,2.0,Inactive,Low,Low ROI
984,761,5,3470.5,1,4,3,2.6666666666666665,143,At Risk,694.1,761,At Risk,Medium,High,2.6,Inactive,Urgent,Low ROI
985,470,5,5499.33,3,4,4,3.6666666666666665,344,Potential Loyalists,1099.866,470,Growth,None,Very High,3.6,Regular,Low,Medium-High ROI
986,381,7,8566.31,5,5,5,5.0,555,Champions,1223.7585714285713,381,High Value,None,Very High,5.0,Active,Low,High ROI
987,667,4,1939.41,1,3,1,1.6666666666666667,131,Cant Lose Them,484.8525,667,Lost,None,Medium,1.8,Inactive,Low,Low ROI
988,641,4,2883.67,2,3,2,2.333333333333333,232,Cant Lose Them,720.9175,641,Lost,None,Medium,2.4,Inactive,Low,Low ROI
989,649,4,2346.79,2,3,2,2.333333333333333,232,Cant Lose Them,586.6975,649,Lost,None,Medium,2.4,Inactive,Low,Low ROI
990,387,6,3582.65,5,5,3,4.333333333333333,553,Loyal Customers,597.1083333333333,387,High Value,None,High,4.6,Active,Low,Medium-High ROI
991,533,2,2117.68,2,1,2,1.6666666666666667,212,Need Attention,1058.84,533,Lost,None,Medium,1.6,Dormant,Low,Low ROI
992,403,3,6907.09,5,2,4,3.6666666666666665,524,Recent Customers,2302.363333333333,403,Growth,Low,Medium,3.6,New,Medium,Growth Potential
993,832,2,3072.74,1,1,2,1.3333333333333333,112,Lost,1536.37,832,Lost,High,Medium,1.2,Dormant,High,Low ROI
994,498,5,7854.48,3,4,5,4.0,345,Potential Loyalists,1570.896,498,Growth,None,Very High,3.8,Regular,Low,Medium-High ROI
995,504,2,1274.38,3,1,1,1.6666666666666667,311,Need Attention,637.19,504,Lost,None,Low,1.8,Regular,Low,Low ROI
996,618,1,1025.01,2,1,1,1.3333333333333333,211,Need Attention,1025.01,618,Lost,None,Low,1.4,Dormant,Low,Low ROI
997,373,6,6298.91,5,5,4,4.666666666666667,554,Champions,1049.8183333333334,373,High Value,None,Very High,4.8,Active,Low,Low ROI
998,469,1,666.53,3,1,1,1.6666666666666667,311,Need Attention,666.53,469,Lost,None,Low,1.8,Regular,Low,Low ROI
999,688,5,7810.05,1,4,5,3.333333333333333,145,At Risk,1562.01,688,At Risk,Medium,Very High,3.0,Inactive,Urgent,Critical (Win-back)
1000,811,5,3012.79,1,4,2,2.333333333333333,142,At Risk,602.558,811,At Risk,Medium,Medium,2.4,Inactive,Urgent,Low ROI
1001,457,4,8092.19,4,3,5,4.0,435,Loyal Customers,2023.0475,457,High Value,None,High,3.8,Active,Low,Medium-High ROI
1002,647,2,1252.9,2,1,1,1.3333333333333333,211,Need Attention,626.45,647,Lost,None,Low,1.4,Dormant,Low,Low ROI
1003,519,2,878.76,3,1,1,1.6666666666666667,311,Need Attention,439.38,519,Lost,None,Low,1.8,Regular,Low,Low ROI
1004,418,6,4708.63,4,5,3,4.0,453,Loyal Customers,784.7716666666666,418,High Value,None,High,4.2,Active,Low,Medium-High ROI
1005,582,4,4030.77,2,3,3,2.6666666666666665,233,Cant Lose Them,1007.6925,582,Lost,None,High,2.6,Inactive,Low,Low ROI
1006,429,3,3307.28,4,2,2,2.6666666666666665,422,Recent Customers,1102.4266666666665,429,Growth,Low,Medium,2.8,New,Medium,Growth Potential
1007,500,2,1448.65,3,1,1,1.6666666666666667,311,Need Attention,724.325,500,Lost,None,Low,1.8,Regular,Low,Low ROI
1008,385,5,6058.62,5,4,4,4.333333333333333,544,Champions,1211.724,385,High Value,None,Very High,4.4,Active,Low,Low ROI
1009,906,2,3919.77,1,1,3,1.6666666666666667,113,Lost,1959.885,906,Lost,High,Medium,1.4,Dormant,High,Low ROI
1010,404,3,2493.05,5,2,2,3.0,522,Recent Customers,831.0166666666668,404,Growth,Low,Medium,3.2,New,Medium,Growth Potential
1011,507,2,6847.4,3,1,4,2.6666666666666665,314,Need Attention,3423.7,507,Lost,None,Medium,2.4,Regular,Low,Low ROI
1012,485,3,5725.929999999999,3,2,4,3.0,324,Need Attention,1908.6433333333327,485,Lost,None,Medium,2.8,Regular,Low,Low ROI
1013,574,4,2183.46,2,3,2,2.333333333333333,232,Cant Lose Them,545.865,574,Lost,None,Medium,2.4,Inactive,Low,Low ROI
1014,746,7,15653.68,1,5,5,3.6666666666666665,155,At Risk,2236.24,746,At Risk,Medium,Very High,3.4,Inactive,Urgent,Critical (Win-back)
1015,501,3,7073.41,3,2,4,3.0,324,Need Attention,2357.8033333333333,501,Lost,None,Medium,2.8,Regular,Low,Low ROI
1016,688,5,4505.82,1,4,3,2.6666666666666665,143,At Risk,901.164,688,At Risk,Medium,High,2.6,Inactive,Urgent,Low ROI
1017,394,4,3147.62,5,3,2,3.333333333333333,532,Potential Loyalists,786.905,394,Growth,None,Medium,3.6,Active,Low,Medium-High ROI
1018,395,3,2056.08,5,2,2,3.0,522,Recent Customers,685.36,395,Growth,Low,Medium,3.2,New,Medium,Growth Potential
1019,467,5,5871.42,3,4,4,3.6666666666666665,344,Potential Loyalists,1174.284,467,Growth,None,Very High,3.6,Regular,Low,Medium-High ROI
1020,804,4,3807.37,1,3,3,2.333333333333333,133,Cant Lose Them,951.8425,804,Lost,None,High,2.2,Inactive,Low,Low ROI
1021,408,3,1658.45,5,2,1,2.6666666666666665,521,Recent Customers,552.8166666666667,408,Growth,Low,Medium,3.0,New,Medium,Growth Potential
1022,478,8,9282.06,3,5,5,4.333333333333333,355,Potential Loyalists,1160.2575,478,Growth,None,Very High,4.2,Regular,Low,Medium-High ROI
1023,494,4,5596.27,3,3,4,3.333333333333333,334,Potential Loyalists,1399.0675,494,Growth,None,High,3.2,Regular,Low,Medium-High ROI
1024,497,3,1718.56,3,2,1,2.0,321,Need Attention,572.8533333333334,497,Lost,None,Medium,2.2,Regular,Low,Low ROI
1025,524,6,3555.97,3,5,3,3.6666666666666665,353,Potential Loyalists,592.6616666666666,524,Growth,None,High,3.8,Regular,Low,Medium-High ROI
1027,459,7,7517.44,4,5,4,4.333333333333333,454,Champions,1073.92,459,High Value,None,Very High,4.4,Active,Low,Low ROI
1028,463,3,8587.59,3,2,5,3.333333333333333,325,Need Attention,2862.53,463,Lost,None,Medium,3.0,Regular,Low,Low ROI
1029,628,4,8869.69,2,3,5,3.333333333333333,235,Cant Lose Them,2217.4225,628,Lost,None,High,3.0,Inactive,Low,Low ROI
1030,466,4,2669.66,3,3,2,2.6666666666666665,332,Potential Loyalists,667.415,466,Growth,None,Medium,2.8,Regular,Low,Medium-High ROI
1031,392,5,8007.75,5,4,5,4.666666666666667,545,Champions,1601.55,392,High Value,None,Very High,4.6,Active,Low,High ROI
1032,755,4,3837.81,1,3,3,2.333333333333333,133,Cant Lose Them,959.4525,755,Lost,None,High,2.2,Inactive,Low,Low ROI
1033,652,1,487.54,1,1,1,1.0,111,Lost,487.54,652,Lost,High,Low,1.0,Dormant,High,Low ROI
1034,461,3,4962.32,4,2,3,3.0,423,Recent Customers,1654.1066666666666,461,Growth,Low,Medium,3.0,New,Medium,Growth Potential
1035,572,4,5063.860000000001,2,3,3,2.6666666666666665,233,Cant Lose Them,1265.965,572,Lost,None,High,2.6,Inactive,Low,Low ROI
1036,402,7,16955.35,5,5,5,5.0,555,Champions,2422.192857142857,402,High Value,None,Very High,5.0,Active,Low,High ROI
1037,1060,1,370.39,1,1,1,1.0,111,Lost,370.39,1060,Lost,High,Low,1.0,Dormant,High,Low ROI
1038,463,5,7309.41,3,4,4,3.6666666666666665,344,Potential Loyalists,1461.882,463,Growth,None,Very High,3.6,Regular,Low,Medium-High ROI
1039,870,4,8392.82,1,3,5,3.0,135,Cant Lose Them,2098.205,870,Lost,None,High,2.6,Inactive,Low,Low ROI
1040,368,2,1180.21,5,1,1,2.333333333333333,511,Recent Customers,590.105,368,Growth,Low,Low,2.6,New,Medium,Growth Potential
1041,457,5,4216.4,4,4,3,3.6666666666666665,443,Loyal Customers,843.28,457,High Value,None,High,3.8,Active,Low,Medium-High ROI
1042,402,6,10713.93,5,5,5,5.0,555,Champions,1785.655,402,High Value,None,Very High,5.0,Active,Low,High ROI
1043,468,4,3273.77,3,3,2,2.6666666666666665,332,Potential Loyalists,818.4425,468,Growth,None,Medium,2.8,Regular,Low,Medium-High ROI
1044,423,4,3006.58,4,3,2,3.0,432,Potential Loyalists,751.645,423,Growth,None,Medium,3.2,Active,Low,Medium-High ROI
1045,436,4,2421.54,4,3,2,3.0,432,Potential Loyalists,605.385,436,Growth,None,Medium,3.2,Active,Low,Medium-High ROI
1046,516,3,3200.59,3,2,2,2.333333333333333,322,Need Attention,1066.8633333333337,516,Lost,None,Medium,2.4,Regular,Low,Low ROI
1047,387,3,2218.85,5,2,2,3.0,522,Recent Customers,739.6166666666667,387,Growth,Low,Medium,3.2,New,Medium,Growth Potential
1048,373,3,4684.820000000001,5,2,3,3.333333333333333,523,Recent Customers,1561.6066666666668,373,Growth,Low,Medium,3.4,New,Medium,Growth Potential
1049,568,3,1549.92,2,2,1,1.6666666666666667,221,Need Attention,516.64,568,Lost,None,Medium,1.8,Dormant,Low,Low ROI
1050,715,4,2821.13,1,3,2,2.0,132,Cant Lose Them,705.2825,715,Lost,None,Medium,2.0,Inactive,Low,Low ROI
1051,391,5,8508.28,5,4,5,4.666666666666667,545,Champions,1701.6560000000002,391,High Value,None,Very High,4.6,Active,Low,High ROI
1052,476,6,6109.48,3,5,4,4.0,354,Potential Loyalists,1018.2466666666666,476,Growth,None,Very High,4.0,Regular,Low,Medium-High ROI
1053,413,5,7402.34,4,4,4,4.0,444,Champions,1480.468,413,High Value,None,Very High,4.0,Active,Low,Low ROI
1054,393,5,4584.1900000000005,5,4,3,4.0,543,Loyal Customers,916.838,393,High Value,None,High,4.2,Active,Low,Medium-High ROI
1055,640,2,2944.87,2,1,2,1.6666666666666667,212,Need Attention,1472.435,640,Lost,None,Medium,1.6,Dormant,Low,Low ROI
1056,475,4,4909.64,3,3,3,3.0,333,Potential Loyalists,1227.41,475,Growth,None,High,3.0,Regular,Low,Medium-High ROI
1057,450,6,7334.39,4,5,4,4.333333333333333,454,Champions,1222.3983333333333,450,High Value,None,Very High,4.4,Active,Low,Low ROI
1058,514,5,10086.39,3,4,5,4.0,345,Potential Loyalists,2017.278,514,Growth,None,Very High,3.8,Regular,Low,Medium-High ROI
1059,466,3,3853.730000000001,3,2,3,2.6666666666666665,323,Need Attention,1284.5766666666668,466,Lost,None,Medium,2.6,Regular,Low,Low ROI
1060,633,4,3528.13,2,3,3,2.6666666666666665,233,Cant Lose Them,882.0325,633,Lost,None,High,2.6,Inactive,Low,Low ROI
1061,442,6,6445.36,4,5,4,4.333333333333333,454,Champions,1074.2266666666667,442,High Value,None,Very High,4.4,Active,Low,Low ROI
1062,524,8,13433.08,3,5,5,4.333333333333333,355,Potential Loyalists,1679.135,524,Growth,None,Very High,4.2,Regular,Low,Medium-High ROI
1063,638,4,4865.3,2,3,3,2.6666666666666665,233,Cant Lose Them,1216.325,638,Lost,None,High,2.6,Inactive,Low,Low ROI
1064,794,2,972.2,1,1,1,1.0,111,Lost,486.1,794,Lost,High,Low,1.0,Dormant,High,Low ROI
1065,651,1,655.18,1,1,1,1.0,111,Lost,655.18,651,Lost,High,Low,1.0,Dormant,High,Low ROI
1066,420,6,3411.77,4,5,3,4.0,453,Loyal Customers,568.6283333333333,420,High Value,None,High,4.2,Active,Low,Medium-High ROI
1067,449,3,2534.46,4,2,2,2.6666666666666665,422,Recent Customers,844.82,449,Growth,Low,Medium,2.8,New,Medium,Growth Potential
1068,577,5,2868.94,2,4,2,2.6666666666666665,242,At Risk,573.788,577,At Risk,Medium,Medium,2.8,Inactive,Urgent,Low ROI
1069,452,3,1997.91,4,2,1,2.333333333333333,421,Recent Customers,665.9699999999999,452,Growth,Low,Medium,2.6,New,Medium,Growth Potential
1070,444,2,2242.52,4,1,2,2.333333333333333,412,Recent Customers,1121.26,444,Growth,Low,Medium,2.4,New,Medium,Growth Potential
1071,422,2,900.19,4,1,1,2.0,411,Recent Customers,450.095,422,Growth,Low,Low,2.2,New,Medium,Growth Potential
1072,828,2,1236.58,1,1,1,1.0,111,Lost,618.29,828,Lost,High,Low,1.0,Dormant,High,Low ROI
1073,529,8,11708.1,3,5,5,4.333333333333333,355,Potential Loyalists,1463.5125,529,Growth,None,Very High,4.2,Regular,Low,Medium-High ROI
1074,512,4,2294.06,3,3,2,2.6666666666666665,332,Potential Loyalists,573.515,512,Growth,None,Medium,2.8,Regular,Low,Medium-High ROI
1075,601,3,1400.01,2,2,1,1.6666666666666667,221,Need Attention,466.67,601,Lost,None,Medium,1.8,Dormant,Low,Low ROI
1076,456,5,3654.14,4,4,3,3.6666666666666665,443,Loyal Customers,730.8280000000001,456,High Value,None,High,3.8,Active,Low,Medium-High ROI
1077,600,5,2899.47,2,4,2,2.6666666666666665,242,At Risk,579.894,600,At Risk,Medium,Medium,2.8,Inactive,Urgent,Low ROI
1078,398,2,5705.38,5,1,4,3.333333333333333,514,Recent Customers,2852.69,398,Growth,Low,Medium,3.2,New,Medium,Growth Potential
1079,452,4,8651.720000000001,4,3,5,4.0,435,Loyal Customers,2162.9300000000003,452,High Value,None,High,3.8,Active,Low,Medium-High ROI
1080,709,2,3181.8,1,1,2,1.3333333333333333,112,Lost,1590.9,709,Lost,High,Medium,1.2,Dormant,High,Low ROI
1081,399,8,15901.8,5,5,5,5.0,555,Champions,1987.725,399,High Value,None,Very High,5.0,Active,Low,High ROI
1082,707,2,6623.64,1,1,4,2.0,114,Lost,3311.82,707,Lost,High,Medium,1.6,Dormant,High,Low ROI
1083,389,5,5528.1,5,4,4,4.333333333333333,544,Champions,1105.62,389,High Value,None,Very High,4.4,Active,Low,Low ROI
1084,437,4,3175.83,4,3,2,3.0,432,Potential Loyalists,793.9575,437,Growth,None,Medium,3.2,Active,Low,Medium-High ROI
1085,534,4,2944.23,2,3,2,2.333333333333333,232,Cant Lose Them,736.0575,534,Lost,None,Medium,2.4,Inactive,Low,Low ROI
1087,528,3,1628.29,3,2,1,2.0,321,Need Attention,542.7633333333333,528,Lost,None,Medium,2.2,Regular,Low,Low ROI
1088,436,2,2493.8,4,1,2,2.333333333333333,412,Recent Customers,1246.9,436,Growth,Low,Medium,2.4,New,Medium,Growth Potential
1089,580,2,2509.02,2,1,2,1.6666666666666667,212,Need Attention,1254.51,580,Lost,None,Medium,1.6,Dormant,Low,Low ROI
1090,423,6,7805.16,4,5,5,4.666666666666667,455,Champions,1300.86,423,High Value,None,Very High,4.6,Active,Low,Low ROI
1091,427,3,1395.15,4,2,1,2.333333333333333,421,Recent Customers,465.05,427,Growth,Low,Medium,2.6,New,Medium,Growth Potential
1092,767,5,5439.610000000001,1,4,4,3.0,144,At Risk,1087.922,767,At Risk,Medium,Very High,2.8,Inactive,Urgent,Critical (Win-back)
1093,1049,1,384.81,1,1,1,1.0,111,Lost,384.81,1049,Lost,High,Low,1.0,Dormant,High,Low ROI
1094,391,2,991.28,5,1,1,2.333333333333333,511,Recent Customers,495.64,391,Growth,Low,Low,2.6,New,Medium,Growth Potential
1095,396,3,3155.12,5,2,2,3.0,522,Recent Customers,1051.7066666666667,396,Growth,Low,Medium,3.2,New,Medium,Growth Potential
1096,451,9,12253.02,4,5,5,4.666666666666667,455,Champions,1361.4466666666667,451,High Value,None,Very High,4.6,Active,Low,High ROI
1097,532,3,4208.57,2,2,3,2.333333333333333,223,Need Attention,1402.8566666666666,532,Lost,None,Medium,2.2,Dormant,Low,Low ROI
1098,525,3,3013.28,3,2,2,2.333333333333333,322,Need Attention,1004.4266666666666,525,Lost,None,Medium,2.4,Regular,Low,Low ROI
1099,372,3,4455.42,5,2,3,3.333333333333333,523,Recent Customers,1485.14,372,Growth,Low,Medium,3.4,New,Medium,Growth Potential
1100,493,5,9271.82,3,4,5,4.0,345,Potential Loyalists,1854.364,493,Growth,None,Very High,3.8,Regular,Low,Medium-High ROI
1101,539,8,5493.0,2,5,4,3.6666666666666665,254,At Risk,686.625,539,At Risk,Medium,Very High,3.6,Inactive,Urgent,Critical (Win-back)
1102,624,6,6277.88,2,5,4,3.6666666666666665,254,At Risk,1046.3133333333333,624,At Risk,Medium,Very High,3.6,Inactive,Urgent,Critical (Win-back)
1103,781,4,5077.89,1,3,3,2.333333333333333,133,Cant Lose Them,1269.4725,781,Lost,None,High,2.2,Inactive,Low,Low ROI
1104,573,5,10665.69,2,4,5,3.6666666666666665,245,At Risk,2133.138,573,At Risk,Medium,Very High,3.4,Inactive,Urgent,Critical (Win-back)
1105,508,3,5140.78,3,2,3,2.6666666666666665,323,Need Attention,1713.5933333333332,508,Lost,None,Medium,2.6,Regular,Low,Low ROI
1106,428,3,1659.97,4,2,1,2.333333333333333,421,Recent Customers,553.3233333333334,428,Growth,Low,Medium,2.6,New,Medium,Growth Potential
1107,871,3,7272.849999999999,1,2,4,2.333333333333333,124,Lost,2424.2833333333333,871,Lost,High,Medium,2.0,Dormant,High,Low ROI
1108,644,2,931.35,2,1,1,1.3333333333333333,211,Need Attention,465.675,644,Lost,None,Low,1.4,Dormant,Low,Low ROI
1109,478,3,1944.81,3,2,1,2.0,321,Need Attention,648.27,478,Lost,None,Medium,2.2,Regular,Low,Low ROI
1110,518,7,10657.33,3,5,5,4.333333333333333,355,Potential Loyalists,1522.4757142857145,518,Growth,None,Very High,4.2,Regular,Low,Medium-High ROI
1111,445,4,13303.77,4,3,5,4.0,435,Loyal Customers,3325.9425,445,High Value,None,High,3.8,Active,Low,Medium-High ROI
1112,481,6,5248.25,3,5,4,4.0,354,Potential Loyalists,874.7083333333334,481,Growth,None,Very High,4.0,Regular,Low,Medium-High ROI
1113,495,7,4827.719999999999,3,5,3,3.6666666666666665,353,Potential Loyalists,689.6742857142856,495,Growth,None,High,3.8,Regular,Low,Medium-High ROI
1114,403,6,11119.39,5,5,5,5.0,555,Champions,1853.2316666666663,403,High Value,None,Very High,5.0,Active,Low,High ROI
1115,391,3,3918.09,5,2,3,3.333333333333333,523,Recent Customers,1306.03,391,Growth,Low,Medium,3.4,New,Medium,Growth Potential
1117,591,4,4954.469999999999,2,3,3,2.6666666666666665,233,Cant Lose Them,1238.6174999999998,591,Lost,None,High,2.6,Inactive,Low,Low ROI
1118,723,3,2509.13,1,2,2,1.6666666666666667,122,Lost,836.3766666666667,723,Lost,High,Medium,1.6,Dormant,High,Low ROI
1119,745,1,545.24,1,1,1,1.0,111,Lost,545.24,745,Lost,High,Low,1.0,Dormant,High,Low ROI
1120,403,5,4527.66,5,4,3,4.0,543,Loyal Customers,905.532,403,High Value,None,High,4.2,Active,Low,Medium-High ROI
1121,431,4,2834.9700000000003,4,3,2,3.0,432,Potential Loyalists,708.7425000000001,431,Growth,None,Medium,3.2,Active,Low,Medium-High ROI
1122,491,6,9830.87,3,5,5,4.333333333333333,355,Potential Loyalists,1638.4783333333332,491,Growth,None,Very High,4.2,Regular,Low,Medium-High ROI
1123,557,2,694.0,2,1,1,1.3333333333333333,211,Need Attention,347.0,557,Lost,None,Low,1.4,Dormant,Low,Low ROI
1124,693,1,395.97,1,1,1,1.0,111,Lost,395.97,693,Lost,High,Low,1.0,Dormant,High,Low ROI
1125,852,4,6894.82,1,3,4,2.6666666666666665,134,Cant Lose Them,1723.705,852,Lost,None,High,2.4,Inactive,Low,Low ROI
1126,559,3,2997.77,2,2,2,2.0,222,Need Attention,999.2566666666668,559,Lost,None,Medium,2.0,Dormant,Low,Low ROI
1127,382,6,7742.929999999999,5,5,4,4.666666666666667,554,Champions,1290.4883333333332,382,High Value,None,Very High,4.8,Active,Low,Low ROI
1128,466,5,8348.5,3,4,5,4.0,345,Potential Loyalists,1669.7,466,Growth,None,Very High,3.8,Regular,Low,Medium-High ROI
1129,421,7,9314.74,4,5,5,4.666666666666667,455,Champions,1330.6771428571428,421,High Value,None,Very High,4.6,Active,Low,High ROI
1130,426,6,8705.380000000001,4,5,5,4.666666666666667,455,Champions,1450.8966666666668,426,High Value,None,Very High,4.6,Active,Low,High ROI
1131,438,5,7198.900000000001,4,4,4,4.0,444,Champions,1439.7800000000002,438,High Value,None,Very High,4.0,Active,Low,Low ROI
1132,428,5,9483.09,4,4,5,4.333333333333333,445,Champions,1896.618,428,High Value,None,Very High,4.2,Active,Low,High ROI
1133,390,1,585.75,5,1,1,2.333333333333333,511,Recent Customers,585.75,390,Growth,Low,Low,2.6,New,Medium,Growth Potential
1134,445,2,1378.08,4,1,1,2.0,411,Recent Customers,689.04,445,Growth,Low,Low,2.2,New,Medium,Growth Potential
1135,744,3,3773.72,1,2,3,2.0,123,Lost,1257.9066666666668,744,Lost,High,Medium,1.8,Dormant,High,Low ROI
1136,414,5,4312.89,4,4,3,3.6666666666666665,443,Loyal Customers,862.5780000000001,414,High Value,None,High,3.8,Active,Low,Medium-High ROI
1137,718,2,2820.6,1,1,2,1.3333333333333333,112,Lost,1410.3,718,Lost,High,Medium,1.2,Dormant,High,Low ROI
1138,488,6,6638.4400000000005,3,5,4,4.0,354,Potential Loyalists,1106.4066666666668,488,Growth,None,Very High,4.0,Regular,Low,Medium-High ROI
1139,620,6,3839.25,2,5,3,3.333333333333333,253,At Risk,639.875,620,At Risk,Medium,High,3.4,Inactive,Urgent,Low ROI
1140,934,1,495.23,1,1,1,1.0,111,Lost,495.23,934,Lost,High,Low,1.0,Dormant,High,Low ROI
1141,384,5,5600.76,5,4,4,4.333333333333333,544,Champions,1120.152,384,High Value,None,Very High,4.4,Active,Low,Low ROI
1142,372,5,8612.51,5,4,5,4.666666666666667,545,Champions,1722.502,372,High Value,None,Very High,4.6,Active,Low,High ROI
1143,490,6,4545.7,3,5,3,3.6666666666666665,353,Potential Loyalists,757.6166666666667,490,Growth,None,High,3.8,Regular,Low,Medium-High ROI
1144,466,6,6264.27,3,5,4,4.0,354,Potential Loyalists,1044.045,466,Growth,None,Very High,4.0,Regular,Low,Medium-High ROI
1145,634,5,6064.88,2,4,4,3.333333333333333,244,At Risk,1212.976,634,At Risk,Medium,Very High,3.2,Inactive,Urgent,Critical (Win-back)
1146,549,2,5218.25,2,1,4,2.333333333333333,214,Need Attention,2609.125,549,Lost,None,Medium,2.0,Dormant,Low,Low ROI
1147,377,5,4832.6900000000005,5,4,3,4.0,543,Loyal Customers,966.538,377,High Value,None,High,4.2,Active,Low,Medium-High ROI
1148,740,3,3818.47,1,2,3,2.0,123,Lost,1272.8233333333333,740,Lost,High,Medium,1.8,Dormant,High,Low ROI
1149,423,6,4690.31,4,5,3,4.0,453,Loyal Customers,781.7183333333332,423,High Value,None,High,4.2,Active,Low,Medium-High ROI
1150,389,6,8690.19,5,5,5,5.0,555,Champions,1448.365,389,High Value,None,Very High,5.0,Active,Low,High ROI
1151,687,3,2517.44,1,2,2,1.6666666666666667,122,Lost,839.1466666666666,687,Lost,High,Medium,1.6,Dormant,High,Low ROI
1152,379,7,10619.89,5,5,5,5.0,555,Champions,1517.1271428571429,379,High Value,None,Very High,5.0,Active,Low,High ROI
1153,462,6,6819.68,4,5,4,4.333333333333333,454,Champions,1136.6133333333337,462,High Value,None,Very High,4.4,Active,Low,Low ROI
1154,409,6,8720.31,4,5,5,4.666666666666667,455,Champions,1453.385,409,High Value,None,Very High,4.6,Active,Low,High ROI
1155,368,7,7902.09,5,5,5,5.0,555,Champions,1128.87,368,High Value,None,Very High,5.0,Active,Low,Low ROI
1156,598,4,1902.7,2,3,1,2.0,231,Cant Lose Them,475.675,598,Lost,None,Medium,2.2,Inactive,Low,Low ROI
1157,458,3,1576.92,4,2,1,2.333333333333333,421,Recent Customers,525.64,458,Growth,Low,Medium,2.6,New,Medium,Growth Potential
1158,406,3,11377.37,5,2,5,4.0,525,Recent Customers,3792.4566666666665,406,Growth,Low,Medium,3.8,New,Medium,Growth Potential
1159,574,3,2735.25,2,2,2,2.0,222,Need Attention,911.75,574,Lost,None,Medium,2.0,Dormant,Low,Low ROI
1160,461,3,6764.83,4,2,4,3.333333333333333,424,Recent Customers,2254.943333333333,461,Growth,Low,Medium,3.2,New,Medium,Growth Potential
1161,506,9,26685.8,3,5,5,4.333333333333333,355,Potential Loyalists,2965.088888888889,506,Growth,None,Very High,4.2,Regular,Low,Medium-High ROI
1162,479,5,8602.97,3,4,5,4.0,345,Potential Loyalists,1720.5939999999998,479,Growth,None,Very High,3.8,Regular,Low,Medium-High ROI
1163,398,5,2407.4,5,4,2,3.6666666666666665,542,Potential Loyalists,481.48,398,Growth,None,Medium,4.0,Active,Low,Medium-High ROI
1164,630,1,1009.3,2,1,1,1.3333333333333333,211,Need Attention,1009.3,630,Lost,None,Low,1.4,Dormant,Low,Low ROI
1165,722,3,2134.35,1,2,2,1.6666666666666667,122,Lost,711.4499999999999,722,Lost,High,Medium,1.6,Dormant,High,Low ROI
1166,484,5,8998.02,3,4,5,4.0,345,Potential Loyalists,1799.604,484,Growth,None,Very High,3.8,Regular,Low,Medium-High ROI
1167,699,1,506.38,1,1,1,1.0,111,Lost,506.38,699,Lost,High,Low,1.0,Dormant,High,Low ROI
1168,385,3,2624.9,5,2,2,3.0,522,Recent Customers,874.9666666666667,385,Growth,Low,Medium,3.2,New,Medium,Growth Potential
1169,557,6,8471.82,2,5,5,4.0,255,At Risk,1411.97,557,At Risk,Medium,Very High,3.8,Inactive,Urgent,Critical (Win-back)
1170,421,5,4477.209999999999,4,4,3,3.6666666666666665,443,Loyal Customers,895.4419999999998,421,High Value,None,High,3.8,Active,Low,Medium-High ROI
1171,495,4,2956.69,3,3,2,2.6666666666666665,332,Potential Loyalists,739.1724999999999,495,Growth,None,Medium,2.8,Regular,Low,Medium-High ROI
1172,709,2,1610.81,1,1,1,1.0,111,Lost,805.405,709,Lost,High,Low,1.0,Dormant,High,Low ROI
1173,467,7,6858.53,3,5,4,4.0,354,Potential Loyalists,979.79,467,Growth,None,Very High,4.0,Regular,Low,Medium-High ROI
1174,888,1,390.16,1,1,1,1.0,111,Lost,390.16,888,Lost,High,Low,1.0,Dormant,High,Low ROI
1175,471,2,1079.5700000000002,3,1,1,1.6666666666666667,311,Need Attention,539.7850000000001,471,Lost,None,Low,1.8,Regular,Low,Low ROI
1176,704,1,584.66,1,1,1,1.0,111,Lost,584.66,704,Lost,High,Low,1.0,Dormant,High,Low ROI
1177,385,2,5912.32,5,1,4,3.333333333333333,514,Recent Customers,2956.16,385,Growth,Low,Medium,3.2,New,Medium,Growth Potential
1178,480,6,5160.58,3,5,4,4.0,354,Potential Loyalists,860.0966666666667,480,Growth,None,Very High,4.0,Regular,Low,Medium-High ROI
1179,439,2,995.79,4,1,1,2.0,411,Recent Customers,497.895,439,Growth,Low,Low,2.2,New,Medium,Growth Potential
1180,428,2,780.94,4,1,1,2.0,411,Recent Customers,390.47,428,Growth,Low,Low,2.2,New,Medium,Growth Potential
1181,430,7,5256.74,4,5,4,4.333333333333333,454,Champions,750.9628571428572,430,High Value,None,Very High,4.4,Active,Low,Low ROI
1182,796,5,5075.99,1,4,3,2.6666666666666665,143,At Risk,1015.198,796,At Risk,Medium,High,2.6,Inactive,Urgent,Critical (Win-back)
1183,602,3,1567.03,2,2,1,1.6666666666666667,221,Need Attention,522.3433333333334,602,Lost,None,Medium,1.8,Dormant,Low,Low ROI
1184,604,1,462.85,2,1,1,1.3333333333333333,211,Need Attention,462.85,604,Lost,None,Low,1.4,Dormant,Low,Low ROI
1185,636,1,894.97,2,1,1,1.3333333333333333,211,Need Attention,894.97,636,Lost,None,Low,1.4,Dormant,Low,Low ROI
1186,716,4,7040.459999999999,1,3,4,2.6666666666666665,134,Cant Lose Them,1760.1149999999998,716,Lost,None,High,2.4,Inactive,Low,Low ROI
1187,1056,1,5985.93,1,1,4,2.0,114,Lost,5985.93,1056,Lost,High,Medium,1.6,Dormant,High,Low ROI
1188,719,6,3680.72,1,5,3,3.0,153,At Risk,613.4533333333334,719,At Risk,Medium,High,3.0,Inactive,Urgent,Low ROI
1189,376,4,8461.03,5,3,5,4.333333333333333,535,Loyal Customers,2115.2575,376,High Value,None,High,4.2,Active,Low,Medium-High ROI
1190,499,3,3611.05,3,2,3,2.6666666666666665,323,Need Attention,1203.6833333333334,499,Lost,None,Medium,2.6,Regular,Low,Low ROI
1191,366,4,7405.86,5,3,4,4.0,534,Loyal Customers,1851.465,366,High Value,None,High,4.0,Active,Low,Medium-High ROI
1192,651,5,3537.41,1,4,3,2.6666666666666665,143,At Risk,707.482,651,At Risk,Medium,High,2.6,Inactive,Urgent,Low ROI
1193,468,3,1516.7399999999998,3,2,1,2.0,321,Need Attention,505.5799999999999,468,Lost,None,Medium,2.2,Regular,Low,Low ROI
1194,763,2,5971.85,1,1,4,2.0,114,Lost,2985.925,763,Lost,High,Medium,1.6,Dormant,High,Low ROI
1195,476,4,2650.91,3,3,2,2.6666666666666665,332,Potential Loyalists,662.7275,476,Growth,None,Medium,2.8,Regular,Low,Medium-High ROI
1196,713,5,14930.34,1,4,5,3.333333333333333,145,At Risk,2986.068,713,At Risk,Medium,Very High,3.0,Inactive,Urgent,Critical (Win-back)
1197,585,3,5893.67,2,2,4,2.6666666666666665,224,Need Attention,1964.5566666666664,585,Lost,None,Medium,2.4,Dormant,Low,Low ROI
1198,520,2,2713.37,3,1,2,2.0,312,Need Attention,1356.685,520,Lost,None,Medium,2.0,Regular,Low,Low ROI
1199,635,3,4493.1900000000005,2,2,3,2.333333333333333,223,Need Attention,1497.7300000000002,635,Lost,None,Medium,2.2,Dormant,Low,Low ROI
1200,389,4,3702.53,5,3,3,3.6666666666666665,533,Loyal Customers,925.6325,389,High Value,None,High,3.8,Active,Low,Medium-High ROI
1201,623,2,985.64,2,1,1,1.3333333333333333,211,Need Attention,492.82,623,Lost,None,Low,1.4,Dormant,Low,Low ROI
1202,540,5,2000.01,2,4,1,2.333333333333333,241,At Risk,400.002,540,At Risk,Medium,Medium,2.6,Inactive,Urgent,Low ROI
1203,616,3,2919.73,2,2,2,2.0,222,Need Attention,973.2433333333332,616,Lost,None,Medium,2.0,Dormant,Low,Low ROI
1204,382,7,13783.68,5,5,5,5.0,555,Champions,1969.097142857143,382,High Value,None,Very High,5.0,Active,Low,High ROI
1205,563,3,7130.4400000000005,2,2,4,2.6666666666666665,224,Need Attention,2376.813333333333,563,Lost,None,Medium,2.4,Dormant,Low,Low ROI
1206,432,9,10555.18,4,5,5,4.666666666666667,455,Champions,1172.7977777777778,432,High Value,None,Very High,4.6,Active,Low,High ROI
1207,697,2,984.45,1,1,1,1.0,111,Lost,492.225,697,Lost,High,Low,1.0,Dormant,High,Low ROI
1208,601,6,6840.34,2,5,4,3.6666666666666665,254,At Risk,1140.0566666666666,601,At Risk,Medium,Very High,3.6,Inactive,Urgent,Critical (Win-back)
1209,440,5,5379.58,4,4,4,4.0,444,Champions,1075.916,440,High Value,None,Very High,4.0,Active,Low,Low ROI
1210,830,3,5495.719999999999,1,2,4,2.333333333333333,124,Lost,1831.9066666666663,830,Lost,High,Medium,2.0,Dormant,High,Low ROI
1211,380,3,2236.32,5,2,2,3.0,522,Recent Customers,745.44,380,Growth,Low,Medium,3.2,New,Medium,Growth Potential
1212,416,7,7952.459999999999,4,5,5,4.666666666666667,455,Champions,1136.0657142857142,416,High Value,None,Very High,4.6,Active,Low,Low ROI
1213,790,2,1291.49,1,1,1,1.0,111,Lost,645.745,790,Lost,High,Low,1.0,Dormant,High,Low ROI
1214,643,2,777.99,2,1,1,1.3333333333333333,211,Need Attention,388.995,643,Lost,None,Low,1.4,Dormant,Low,Low ROI
1215,606,8,5729.52,2,5,4,3.6666666666666665,254,At Risk,716.19,606,At Risk,Medium,Very High,3.6,Inactive,Urgent,Critical (Win-back)
1216,470,5,5254.8,3,4,4,3.6666666666666665,344,Potential Loyalists,1050.96,470,Growth,None,Very High,3.6,Regular,Low,Medium-High ROI
1217,469,1,599.47,3,1,1,1.6666666666666667,311,Need Attention,599.47,469,Lost,None,Low,1.8,Regular,Low,Low ROI
1218,704,5,4001.35,1,4,3,2.6666666666666665,143,At Risk,800.27,704,At Risk,Medium,High,2.6,Inactive,Urgent,Low ROI
1219,429,4,2514.42,4,3,2,3.0,432,Potential Loyalists,628.605,429,Growth,None,Medium,3.2,Active,Low,Medium-High ROI
1220,847,2,4437.33,1,1,3,1.6666666666666667,113,Lost,2218.665,847,Lost,High,Medium,1.4,Dormant,High,Low ROI
1221,378,5,3588.63,5,4,3,4.0,543,Loyal Customers,717.726,378,High Value,None,High,4.2,Active,Low,Medium-High ROI
1222,796,2,3968.2,1,1,3,1.6666666666666667,113,Lost,1984.1,796,Lost,High,Medium,1.4,Dormant,High,Low ROI
1223,570,2,1025.59,2,1,1,1.3333333333333333,211,Need Attention,512.795,570,Lost,None,Low,1.4,Dormant,Low,Low ROI
1224,469,5,10229.67,3,4,5,4.0,345,Potential Loyalists,2045.934,469,Growth,None,Very High,3.8,Regular,Low,Medium-High ROI
1225,770,5,13518.92,1,4,5,3.333333333333333,145,At Risk,2703.784,770,At Risk,Medium,Very High,3.0,Inactive,Urgent,Critical (Win-back)
1226,911,4,3364.53,1,3,3,2.333333333333333,133,Cant Lose Them,841.1324999999999,911,Lost,None,High,2.2,Inactive,Low,Low ROI
1227,379,5,6263.54,5,4,4,4.333333333333333,544,Champions,1252.708,379,High Value,None,Very High,4.4,Active,Low,Low ROI
1228,485,2,2310.4500000000003,3,1,2,2.0,312,Need Attention,1155.225,485,Lost,None,Medium,2.0,Regular,Low,Low ROI
1229,399,2,3116.22,5,1,2,2.6666666666666665,512,Recent Customers,1558.11,399,Growth,Low,Medium,2.8,New,Medium,Growth Potential
1230,686,2,1492.4899999999998,1,1,1,1.0,111,Lost,746.2449999999999,686,Lost,High,Low,1.0,Dormant,High,Low ROI
1231,399,5,4695.63,5,4,3,4.0,543,Loyal Customers,939.126,399,High Value,None,High,4.2,Active,Low,Medium-High ROI
1232,544,3,2778.1800000000003,2,2,2,2.0,222,Need Attention,926.06,544,Lost,None,Medium,2.0,Dormant,Low,Low ROI
1233,369,5,7013.63,5,4,4,4.333333333333333,544,Champions,1402.726,369,High Value,None,Very High,4.4,Active,Low,Low ROI
1234,634,3,2934.4700000000003,2,2,2,2.0,222,Need Attention,978.1566666666668,634,Lost,None,Medium,2.0,Dormant,Low,Low ROI
1235,705,1,1569.34,1,1,1,1.0,111,Lost,1569.34,705,Lost,High,Low,1.0,Dormant,High,Low ROI
1236,458,8,6445.95,4,5,4,4.333333333333333,454,Champions,805.74375,458,High Value,None,Very High,4.4,Active,Low,Low ROI
1237,373,5,7962.97,5,4,5,4.666666666666667,545,Champions,1592.594,373,High Value,None,Very High,4.6,Active,Low,Low ROI
1238,645,2,1691.94,2,1,1,1.3333333333333333,211,Need Attention,845.97,645,Lost,None,Low,1.4,Dormant,Low,Low ROI
1239,667,4,1982.08,1,3,1,1.6666666666666667,131,Cant Lose Them,495.52,667,Lost,None,Medium,1.8,Inactive,Low,Low ROI
1240,493,4,6860.33,3,3,4,3.333333333333333,334,Potential Loyalists,1715.0825,493,Growth,None,High,3.2,Regular,Low,Medium-High ROI
1241,415,3,7424.7,4,2,4,3.333333333333333,424,Recent Customers,2474.9,415,Growth,Low,Medium,3.2,New,Medium,Growth Potential
1242,580,4,7057.35,2,3,4,3.0,234,Cant Lose Them,1764.3375,580,Lost,None,High,2.8,Inactive,Low,Low ROI
1243,377,9,8595.779999999999,5,5,5,5.0,555,Champions,955.0866666666666,377,High Value,None,Very High,5.0,Active,Low,High ROI
1244,412,6,5572.51,4,5,4,4.333333333333333,454,Champions,928.7516666666668,412,High Value,None,Very High,4.4,Active,Low,Low ROI
1245,430,9,9511.44,4,5,5,4.666666666666667,455,Champions,1056.8266666666668,430,High Value,None,Very High,4.6,Active,Low,High ROI
1246,815,4,2278.65,1,3,2,2.0,132,Cant Lose Them,569.6625,815,Lost,None,Medium,2.0,Inactive,Low,Low ROI
1247,462,4,4133.36,4,3,3,3.333333333333333,433,Loyal Customers,1033.34,462,High Value,None,High,3.4,Active,Low,Medium-High ROI
1248,944,1,412.54,1,1,1,1.0,111,Lost,412.54,944,Lost,High,Low,1.0,Dormant,High,Low ROI
1249,516,3,5547.24,3,2,4,3.0,324,Need Attention,1849.08,516,Lost,None,Medium,2.8,Regular,Low,Low ROI
1250,500,5,3192.8900000000003,3,4,2,3.0,342,Potential Loyalists,638.5780000000001,500,Growth,None,Medium,3.2,Regular,Low,Medium-High ROI
1251,433,4,4668.52,4,3,3,3.333333333333333,433,Loyal Customers,1167.13,433,High Value,None,High,3.4,Active,Low,Medium-High ROI
1252,456,6,4614.44,4,5,3,4.0,453,Loyal Customers,769.0733333333333,456,High Value,None,High,4.2,Active,Low,Medium-High ROI
1253,465,5,5005.82,3,4,3,3.333333333333333,343,Potential Loyalists,1001.164,465,Growth,None,High,3.4,Regular,Low,Medium-High ROI
1254,367,3,4840.22,5,2,3,3.333333333333333,523,Recent Customers,1613.4066666666668,367,Growth,Low,Medium,3.4,New,Medium,Growth Potential
1255,893,3,3456.81,1,2,3,2.0,123,Lost,1152.27,893,Lost,High,Medium,1.8,Dormant,High,Low ROI
1256,433,7,11168.28,4,5,5,4.666666666666667,455,Champions,1595.4685714285715,433,High Value,None,Very High,4.6,Active,Low,High ROI
1257,404,7,15538.8,5,5,5,5.0,555,Champions,2219.828571428572,404,High Value,None,Very High,5.0,Active,Low,High ROI
1258,412,6,6753.530000000001,4,5,4,4.333333333333333,454,Champions,1125.5883333333334,412,High Value,None,Very High,4.4,Active,Low,Low ROI
1259,766,2,935.38,1,1,1,1.0,111,Lost,467.69,766,Lost,High,Low,1.0,Dormant,High,Low ROI
1260,641,2,4278.04,2,1,3,2.0,213,Need Attention,2139.02,641,Lost,None,Medium,1.8,Dormant,Low,Low ROI
1261,397,5,4925.21,5,4,3,4.0,543,Loyal Customers,985.042,397,High Value,None,High,4.2,Active,Low,Medium-High ROI
1262,512,3,2040.05,3,2,2,2.333333333333333,322,Need Attention,680.0166666666667,512,Lost,None,Medium,2.4,Regular,Low,Low ROI
1263,941,1,1179.07,1,1,1,1.0,111,Lost,1179.07,941,Lost,High,Low,1.0,Dormant,High,Low ROI
1264,488,5,8621.36,3,4,5,4.0,345,Potential Loyalists,1724.2720000000002,488,Growth,None,Very High,3.8,Regular,Low,Medium-High ROI
1265,507,2,1379.52,3,1,1,1.6666666666666667,311,Need Attention,689.76,507,Lost,None,Low,1.8,Regular,Low,Low ROI
1266,699,7,8704.62,1,5,5,3.6666666666666665,155,At Risk,1243.517142857143,699,At Risk,Medium,Very High,3.4,Inactive,Urgent,Critical (Win-back)
1267,498,5,7172.72,3,4,4,3.6666666666666665,344,Potential Loyalists,1434.544,498,Growth,None,Very High,3.6,Regular,Low,Medium-High ROI
1268,370,5,2701.51,5,4,2,3.6666666666666665,542,Potential Loyalists,540.302,370,Growth,None,Medium,4.0,Active,Low,Medium-High ROI
1269,760,5,8794.18,1,4,5,3.333333333333333,145,At Risk,1758.836,760,At Risk,Medium,Very High,3.0,Inactive,Urgent,Critical (Win-back)
1270,495,6,7261.55,3,5,4,4.0,354,Potential Loyalists,1210.2583333333334,495,Growth,None,Very High,4.0,Regular,Low,Medium-High ROI
1271,528,2,5470.1900000000005,3,1,4,2.6666666666666665,314,Need Attention,2735.0950000000003,528,Lost,None,Medium,2.4,Regular,Low,Low ROI
1272,823,1,484.91,1,1,1,1.0,111,Lost,484.91,823,Lost,High,Low,1.0,Dormant,High,Low ROI
1273,386,4,7927.7,5,3,5,4.333333333333333,535,Loyal Customers,1981.925,386,High Value,None,High,4.2,Active,Low,Medium-High ROI
1274,396,8,7031.55,5,5,4,4.666666666666667,554,Champions,878.94375,396,High Value,None,Very High,4.8,Active,Low,Low ROI
1275,490,1,1028.8,3,1,1,1.6666666666666667,311,Need Attention,1028.8,490,Lost,None,Low,1.8,Regular,Low,Low ROI
1276,404,4,4514.54,5,3,3,3.6666666666666665,533,Loyal Customers,1128.635,404,High Value,None,High,3.8,Active,Low,Medium-High ROI
1277,441,5,3164.74,4,4,2,3.333333333333333,442,Potential Loyalists,632.948,441,Growth,None,Medium,3.6,Active,Low,Medium-High ROI
1278,596,3,2353.63,2,2,2,2.0,222,Need Attention,784.5433333333334,596,Lost,None,Medium,2.0,Dormant,Low,Low ROI
1279,401,4,3200.4700000000003,5,3,2,3.333333333333333,532,Potential Loyalists,800.1175000000001,401,Growth,None,Medium,3.6,Active,Low,Medium-High ROI
1280,479,4,2583.04,3,3,2,2.6666666666666665,332,Potential Loyalists,645.76,479,Growth,None,Medium,2.8,Regular,Low,Medium-High ROI
1281,372,3,5763.360000000001,5,2,4,3.6666666666666665,524,Recent Customers,1921.12,372,Growth,Low,Medium,3.6,New,Medium,Growth Potential
1282,568,1,5321.58,2,1,4,2.333333333333333,214,Need Attention,5321.58,568,Lost,None,Medium,2.0,Dormant,Low,Low ROI
1283,398,2,2146.15,5,1,2,2.6666666666666665,512,Recent Customers,1073.075,398,Growth,Low,Medium,2.8,New,Medium,Growth Potential
1284,438,8,7540.530000000001,4,5,4,4.333333333333333,454,Champions,942.56625,438,High Value,None,Very High,4.4,Active,Low,Low ROI
1285,392,4,11990.99,5,3,5,4.333333333333333,535,Loyal Customers,2997.7475,392,High Value,None,High,4.2,Active,Low,Medium-High ROI
1286,518,1,5411.87,3,1,4,2.6666666666666665,314,Need Attention,5411.87,518,Lost,None,Medium,2.4,Regular,Low,Low ROI
1287,393,4,7845.25,5,3,5,4.333333333333333,535,Loyal Customers,1961.3125,393,High Value,None,High,4.2,Active,Low,Medium-High ROI
1288,417,4,8429.28,4,3,5,4.0,435,Loyal Customers,2107.32,417,High Value,None,High,3.8,Active,Low,Medium-High ROI
1289,870,2,1132.45,1,1,1,1.0,111,Lost,566.225,870,Lost,High,Low,1.0,Dormant,High,Low ROI
1290,697,4,2335.16,1,3,2,2.0,132,Cant Lose Them,583.79,697,Lost,None,Medium,2.0,Inactive,Low,Low ROI
1291,430,3,3733.4,4,2,3,3.0,423,Recent Customers,1244.4666666666667,430,Growth,Low,Medium,3.0,New,Medium,Growth Potential
1292,466,5,3953.09,3,4,3,3.333333333333333,343,Potential Loyalists,790.618,466,Growth,None,High,3.4,Regular,Low,Medium-High ROI
1293,545,2,3178.16,2,1,2,1.6666666666666667,212,Need Attention,1589.08,545,Lost,None,Medium,1.6,Dormant,Low,Low ROI
1294,431,2,877.1800000000001,4,1,1,2.0,411,Recent Customers,438.59,431,Growth,Low,Low,2.2,New,Medium,Growth Potential
1295,640,3,2701.72,2,2,2,2.0,222,Need Attention,900.5733333333333,640,Lost,None,Medium,2.0,Dormant,Low,Low ROI
1296,606,1,2344.97,2,1,2,1.6666666666666667,212,Need Attention,2344.97,606,Lost,None,Medium,1.6,Dormant,Low,Low ROI
1297,399,6,5098.67,5,5,3,4.333333333333333,553,Loyal Customers,849.7783333333333,399,High Value,None,High,4.6,Active,Low,Medium-High ROI
1298,680,3,6608.68,1,2,4,2.333333333333333,124,Lost,2202.893333333333,680,Lost,High,Medium,2.0,Dormant,High,Low ROI
1299,479,3,3427.32,3,2,3,2.6666666666666665,323,Need Attention,1142.4399999999998,479,Lost,None,Medium,2.6,Regular,Low,Low ROI
1300,414,4,2865.61,4,3,2,3.0,432,Potential Loyalists,716.4025,414,Growth,None,Medium,3.2,Active,Low,Medium-High ROI
1301,426,4,5682.64,4,3,4,3.6666666666666665,434,Loyal Customers,1420.66,426,High Value,None,High,3.6,Active,Low,Medium-High ROI
1302,422,4,5089.57,4,3,3,3.333333333333333,433,Loyal Customers,1272.3925,422,High Value,None,High,3.4,Active,Low,Medium-High ROI
1303,530,5,9587.14,2,4,5,3.6666666666666665,245,At Risk,1917.428,530,At Risk,Medium,Very High,3.4,Inactive,Urgent,Critical (Win-back)
1304,459,4,2922.71,4,3,2,3.0,432,Potential Loyalists,730.6775,459,Growth,None,Medium,3.2,Active,Low,Medium-High ROI
1305,479,2,5946.43,3,1,4,2.6666666666666665,314,Need Attention,2973.215,479,Lost,None,Medium,2.4,Regular,Low,Low ROI
1306,395,5,5706.2300000000005,5,4,4,4.333333333333333,544,Champions,1141.246,395,High Value,None,Very High,4.4,Active,Low,Low ROI
1307,410,3,7216.32,4,2,4,3.333333333333333,424,Recent Customers,2405.44,410,Growth,Low,Medium,3.2,New,Medium,Growth Potential
1308,1058,1,399.83,1,1,1,1.0,111,Lost,399.83,1058,Lost,High,Low,1.0,Dormant,High,Low ROI
1309,513,4,2448.87,3,3,2,2.6666666666666665,332,Potential Loyalists,612.2175,513,Growth,None,Medium,2.8,Regular,Low,Medium-High ROI
1310,431,2,2934.5,4,1,2,2.333333333333333,412,Recent Customers,1467.25,431,Growth,Low,Medium,2.4,New,Medium,Growth Potential
1311,396,8,11532.85,5,5,5,5.0,555,Champions,1441.60625,396,High Value,None,Very High,5.0,Active,Low,High ROI
1312,708,3,7280.34,1,2,4,2.333333333333333,124,Lost,2426.78,708,Lost,High,Medium,2.0,Dormant,High,Low ROI
1313,759,3,10748.82,1,2,5,2.6666666666666665,125,Lost,3582.94,759,Lost,High,Medium,2.2,Dormant,High,Low ROI
1314,457,3,3898.83,4,2,3,3.0,423,Recent Customers,1299.61,457,Growth,Low,Medium,3.0,New,Medium,Growth Potential
1315,425,3,1778.96,4,2,1,2.333333333333333,421,Recent Customers,592.9866666666667,425,Growth,Low,Medium,2.6,New,Medium,Growth Potential
1316,813,5,4839.24,1,4,3,2.6666666666666665,143,At Risk,967.848,813,At Risk,Medium,High,2.6,Inactive,Urgent,Low ROI
1317,761,4,3383.12,1,3,3,2.333333333333333,133,Cant Lose Them,845.78,761,Lost,None,High,2.2,Inactive,Low,Low ROI
1318,396,6,7492.63,5,5,4,4.666666666666667,554,Champions,1248.7716666666668,396,High Value,None,Very High,4.8,Active,Low,Low ROI
1319,373,4,2820.25,5,3,2,3.333333333333333,532,Potential Loyalists,705.0625,373,Growth,None,Medium,3.6,Active,Low,Medium-High ROI
1320,418,6,8683.460000000001,4,5,5,4.666666666666667,455,Champions,1447.2433333333336,418,High Value,None,Very High,4.6,Active,Low,High ROI
1321,502,5,3818.86,3,4,3,3.333333333333333,343,Potential Loyalists,763.7719999999999,502,Growth,None,High,3.4,Regular,Low,Medium-High ROI
1322,451,7,9342.9,4,5,5,4.666666666666667,455,Champions,1334.7,451,High Value,None,Very High,4.6,Active,Low,High ROI
1323,389,4,2854.29,5,3,2,3.333333333333333,532,Potential Loyalists,713.5725,389,Growth,None,Medium,3.6,Active,Low,Medium-High ROI
1324,575,5,2821.63,2,4,2,2.6666666666666665,242,At Risk,564.326,575,At Risk,Medium,Medium,2.8,Inactive,Urgent,Low ROI
1325,436,3,3033.13,4,2,2,2.6666666666666665,422,Recent Customers,1011.0433333333334,436,Growth,Low,Medium,2.8,New,Medium,Growth Potential
1326,522,5,9721.99,3,4,5,4.0,345,Potential Loyalists,1944.398,522,Growth,None,Very High,3.8,Regular,Low,Medium-High ROI
1327,372,5,8117.55,5,4,5,4.666666666666667,545,Champions,1623.51,372,High Value,None,Very High,4.6,Active,Low,High ROI
1328,511,6,4939.63,3,5,3,3.6666666666666665,353,Potential Loyalists,823.2716666666666,511,Growth,None,High,3.8,Regular,Low,Medium-High ROI
1329,579,2,1510.37,2,1,1,1.3333333333333333,211,Need Attention,755.185,579,Lost,None,Low,1.4,Dormant,Low,Low ROI
1330,443,4,2609.4300000000003,4,3,2,3.0,432,Potential Loyalists,652.3575000000001,443,Growth,None,Medium,3.2,Active,Low,Medium-High ROI
1331,668,4,1469.43,1,3,1,1.6666666666666667,131,Cant Lose Them,367.3575,668,Lost,None,Medium,1.8,Inactive,Low,Low ROI
1332,370,6,4130.8,5,5,3,4.333333333333333,553,Loyal Customers,688.4666666666667,370,High Value,None,High,4.6,Active,Low,Medium-High ROI
1333,526,4,9202.33,3,3,5,3.6666666666666665,335,Potential Loyalists,2300.5825,526,Growth,None,High,3.4,Regular,Low,Medium-High ROI
1334,498,2,865.75,3,1,1,1.6666666666666667,311,Need Attention,432.875,498,Lost,None,Low,1.8,Regular,Low,Low ROI
1335,424,5,6075.49,4,4,4,4.0,444,Champions,1215.098,424,High Value,None,Very High,4.0,Active,Low,Low ROI
1336,500,2,3193.09,3,1,2,2.0,312,Need Attention,1596.545,500,Lost,None,Medium,2.0,Regular,Low,Low ROI
1337,655,3,7098.150000000001,1,2,4,2.333333333333333,124,Lost,2366.05,655,Lost,High,Medium,2.0,Dormant,High,Low ROI
1338,490,5,3161.06,3,4,2,3.0,342,Potential Loyalists,632.212,490,Growth,None,Medium,3.2,Regular,Low,Medium-High ROI
1339,478,5,2596.2200000000003,3,4,2,3.0,342,Potential Loyalists,519.244,478,Growth,None,Medium,3.2,Regular,Low,Medium-High ROI
1340,408,4,3559.41,5,3,3,3.6666666666666665,533,Loyal Customers,889.8525,408,High Value,None,High,3.8,Active,Low,Medium-High ROI
1341,440,5,4804.1,4,4,3,3.6666666666666665,443,Loyal Customers,960.82,440,High Value,None,High,3.8,Active,Low,Medium-High ROI
1342,426,3,1604.44,4,2,1,2.333333333333333,421,Recent Customers,534.8133333333334,426,Growth,Low,Medium,2.6,New,Medium,Growth Potential
1343,428,3,3708.13,4,2,3,3.0,423,Recent Customers,1236.0433333333333,428,Growth,Low,Medium,3.0,New,Medium,Growth Potential
1344,576,3,8292.36,2,2,5,3.0,225,Need Attention,2764.1200000000003,576,Lost,None,Medium,2.6,Dormant,Low,Low ROI
1345,500,4,3876.01,3,3,3,3.0,333,Potential Loyalists,969.0025,500,Growth,None,High,3.0,Regular,Low,Medium-High ROI
1346,678,3,6519.889999999999,1,2,4,2.333333333333333,124,Lost,2173.2966666666666,678,Lost,High,Medium,2.0,Dormant,High,Low ROI
1347,461,3,2097.83,4,2,2,2.6666666666666665,422,Recent Customers,699.2766666666666,461,Growth,Low,Medium,2.8,New,Medium,Growth Potential
1348,529,7,12948.2,3,5,5,4.333333333333333,355,Potential Loyalists,1849.742857142857,529,Growth,None,Very High,4.2,Regular,Low,Medium-High ROI
1349,456,3,2297.59,4,2,2,2.6666666666666665,422,Recent Customers,765.8633333333333,456,Growth,Low,Medium,2.8,New,Medium,Growth Potential
1350,471,2,1430.9299999999998,3,1,1,1.6666666666666667,311,Need Attention,715.4649999999999,471,Lost,None,Low,1.8,Regular,Low,Low ROI
1351,384,5,5085.03,5,4,3,4.0,543,Loyal Customers,1017.006,384,High Value,None,High,4.2,Active,Low,Medium-High ROI
1352,431,5,4865.25,4,4,3,3.6666666666666665,443,Loyal Customers,973.05,431,High Value,None,High,3.8,Active,Low,Medium-High ROI
1353,405,5,3834.13,5,4,3,4.0,543,Loyal Customers,766.8259999999999,405,High Value,None,High,4.2,Active,Low,Medium-High ROI
1354,538,3,1291.03,2,2,1,1.6666666666666667,221,Need Attention,430.3433333333333,538,Lost,None,Medium,1.8,Dormant,Low,Low ROI
1355,374,2,6002.0,5,1,4,3.333333333333333,514,Recent Customers,3001.0,374,Growth,Low,Medium,3.2,New,Medium,Growth Potential
1356,569,3,3780.34,2,2,3,2.333333333333333,223,Need Attention,1260.1133333333337,569,Lost,None,Medium,2.2,Dormant,Low,Low ROI
1357,521,4,4252.969999999999,3,3,3,3.0,333,Potential Loyalists,1063.2424999999998,521,Growth,None,High,3.0,Regular,Low,Medium-High ROI
1358,632,2,1817.48,2,1,1,1.3333333333333333,211,Need Attention,908.74,632,Lost,None,Low,1.4,Dormant,Low,Low ROI
1359,466,9,16477.2,3,5,5,4.333333333333333,355,Potential Loyalists,1830.8,466,Growth,None,Very High,4.2,Regular,Low,Medium-High ROI
1360,380,4,3170.95,5,3,2,3.333333333333333,532,Potential Loyalists,792.7375,380,Growth,None,Medium,3.6,Active,Low,Medium-High ROI
1361,497,7,12677.11,3,5,5,4.333333333333333,355,Potential Loyalists,1811.0157142857145,497,Growth,None,Very High,4.2,Regular,Low,Medium-High ROI
1362,402,3,10924.6,5,2,5,4.0,525,Recent Customers,3641.533333333333,402,Growth,Low,Medium,3.8,New,Medium,Growth Potential
1363,1041,1,1757.0,1,1,1,1.0,111,Lost,1757.0,1041,Lost,High,Low,1.0,Dormant,High,Low ROI
1364,946,1,321.61,1,1,1,1.0,111,Lost,321.61,946,Lost,High,Low,1.0,Dormant,High,Low ROI
1365,539,4,4475.87,2,3,3,2.6666666666666665,233,Cant Lose Them,1118.9675,539,Lost,None,High,2.6,Inactive,Low,Low ROI
1366,429,4,6015.56,4,3,4,3.6666666666666665,434,Loyal Customers,1503.89,429,High Value,None,High,3.6,Active,Low,Medium-High ROI
1367,378,5,6893.370000000001,5,4,4,4.333333333333333,544,Champions,1378.6740000000002,378,High Value,None,Very High,4.4,Active,Low,Low ROI
1368,641,3,1792.92,2,2,1,1.6666666666666667,221,Need Attention,597.64,641,Lost,None,Medium,1.8,Dormant,Low,Low ROI
1369,543,6,4879.45,2,5,3,3.333333333333333,253,At Risk,813.2416666666667,543,At Risk,Medium,High,3.4,Inactive,Urgent,Low ROI
1370,748,4,4649.219999999999,1,3,3,2.333333333333333,133,Cant Lose Them,1162.3049999999998,748,Lost,None,High,2.2,Inactive,Low,Low ROI
1371,447,2,2353.4300000000003,4,1,2,2.333333333333333,412,Recent Customers,1176.715,447,Growth,Low,Medium,2.4,New,Medium,Growth Potential
1372,419,2,2093.69,4,1,2,2.333333333333333,412,Recent Customers,1046.845,419,Growth,Low,Medium,2.4,New,Medium,Growth Potential
1373,479,5,3600.05,3,4,3,3.333333333333333,343,Potential Loyalists,720.01,479,Growth,None,High,3.4,Regular,Low,Medium-High ROI
1374,913,3,2208.63,1,2,2,1.6666666666666667,122,Lost,736.21,913,Lost,High,Medium,1.6,Dormant,High,Low ROI
1375,941,1,5033.97,1,1,3,1.6666666666666667,113,Lost,5033.97,941,Lost,High,Medium,1.4,Dormant,High,Low ROI
1376,428,5,9848.36,4,4,5,4.333333333333333,445,Champions,1969.672,428,High Value,None,Very High,4.2,Active,Low,High ROI
1377,700,2,1131.44,1,1,1,1.0,111,Lost,565.72,700,Lost,High,Low,1.0,Dormant,High,Low ROI
1378,680,3,2951.27,1,2,2,1.6666666666666667,122,Lost,983.7566666666668,680,Lost,High,Medium,1.6,Dormant,High,Low ROI
1379,567,8,11860.46,2,5,5,4.0,255,At Risk,1482.5575,567,At Risk,Medium,Very High,3.8,Inactive,Urgent,Critical (Win-back)
1380,676,2,2778.67,1,1,2,1.3333333333333333,112,Lost,1389.335,676,Lost,High,Medium,1.2,Dormant,High,Low ROI
1381,883,2,2601.82,1,1,2,1.3333333333333333,112,Lost,1300.91,883,Lost,High,Medium,1.2,Dormant,High,Low ROI
1382,392,3,2011.32,5,2,1,2.6666666666666665,521,Recent Customers,670.44,392,Growth,Low,Medium,3.0,New,Medium,Growth Potential
1383,940,3,3849.32,1,2,3,2.0,123,Lost,1283.1066666666668,940,Lost,High,Medium,1.8,Dormant,High,Low ROI
1384,711,1,483.4,1,1,1,1.0,111,Lost,483.4,711,Lost,High,Low,1.0,Dormant,High,Low ROI
1385,788,2,1608.38,1,1,1,1.0,111,Lost,804.19,788,Lost,High,Low,1.0,Dormant,High,Low ROI
1386,537,4,8185.93,2,3,5,3.333333333333333,235,Cant Lose Them,2046.4825,537,Lost,None,High,3.0,Inactive,Low,Low ROI
1387,415,3,5456.47,4,2,4,3.333333333333333,424,Recent Customers,1818.8233333333333,415,Growth,Low,Medium,3.2,New,Medium,Growth Potential
1388,395,5,5515.78,5,4,4,4.333333333333333,544,Champions,1103.156,395,High Value,None,Very High,4.4,Active,Low,Low ROI
1389,443,2,1758.04,4,1,1,2.0,411,Recent Customers,879.02,443,Growth,Low,Low,2.2,New,Medium,Growth Potential
1390,601,4,6992.27,2,3,4,3.0,234,Cant Lose Them,1748.0675,601,Lost,None,High,2.8,Inactive,Low,Low ROI
1391,519,4,12399.49,3,3,5,3.6666666666666665,335,Potential Loyalists,3099.8725,519,Growth,None,High,3.4,Regular,Low,Medium-High ROI
1392,756,1,358.02,1,1,1,1.0,111,Lost,358.02,756,Lost,High,Low,1.0,Dormant,High,Low ROI
1393,402,7,8939.17,5,5,5,5.0,555,Champions,1277.0242857142855,402,High Value,None,Very High,5.0,Active,Low,High ROI
1394,459,5,2505.65,4,4,2,3.333333333333333,442,Potential Loyalists,501.13,459,Growth,None,Medium,3.6,Active,Low,Medium-High ROI
1395,432,9,14838.83,4,5,5,4.666666666666667,455,Champions,1648.7588888888888,432,High Value,None,Very High,4.6,Active,Low,High ROI
1396,434,2,2210.71,4,1,2,2.333333333333333,412,Recent Customers,1105.355,434,Growth,Low,Medium,2.4,New,Medium,Growth Potential
1397,468,4,4484.57,3,3,3,3.0,333,Potential Loyalists,1121.1425,468,Growth,None,High,3.0,Regular,Low,Medium-High ROI
1398,1086,1,2362.08,1,1,2,1.3333333333333333,112,Lost,2362.08,1086,Lost,High,Medium,1.2,Dormant,High,Low ROI
1399,442,7,8700.05,4,5,5,4.666666666666667,455,Champions,1242.8642857142856,442,High Value,None,Very High,4.6,Active,Low,High ROI
1400,571,3,1894.43,2,2,1,1.6666666666666667,221,Need Attention,631.4766666666667,571,Lost,None,Medium,1.8,Dormant,Low,Low ROI
1401,542,6,4914.31,2,5,3,3.333333333333333,253,At Risk,819.0516666666667,542,At Risk,Medium,High,3.4,Inactive,Urgent,Low ROI
1402,388,6,4902.54,5,5,3,4.333333333333333,553,Loyal Customers,817.09,388,High Value,None,High,4.6,Active,Low,Medium-High ROI
1403,635,7,6766.56,2,5,4,3.6666666666666665,254,At Risk,966.6514285714286,635,At Risk,Medium,Very High,3.6,Inactive,Urgent,Critical (Win-back)
1404,440,9,10041.89,4,5,5,4.666666666666667,455,Champions,1115.7655555555557,440,High Value,None,Very High,4.6,Active,Low,High ROI
1405,427,5,8800.56,4,4,5,4.333333333333333,445,Champions,1760.112,427,High Value,None,Very High,4.2,Active,Low,High ROI
1406,552,3,1532.08,2,2,1,1.6666666666666667,221,Need Attention,510.6933333333333,552,Lost,None,Medium,1.8,Dormant,Low,Low ROI
1407,463,5,5051.24,3,4,3,3.333333333333333,343,Potential Loyalists,1010.248,463,Growth,None,High,3.4,Regular,Low,Medium-High ROI
1408,777,3,1294.97,1,2,1,1.3333333333333333,121,Lost,431.6566666666667,777,Lost,High,Medium,1.4,Dormant,High,Low ROI
1409,381,6,4461.56,5,5,3,4.333333333333333,553,Loyal Customers,743.5933333333334,381,High Value,None,High,4.6,Active,Low,Medium-High ROI
1410,521,1,558.78,3,1,1,1.6666666666666667,311,Need Attention,558.78,521,Lost,None,Low,1.8,Regular,Low,Low ROI
1411,832,2,1730.26,1,1,1,1.0,111,Lost,865.13,832,Lost,High,Low,1.0,Dormant,High,Low ROI
1412,647,4,3449.15,2,3,3,2.6666666666666665,233,Cant Lose Them,862.2875,647,Lost,None,High,2.6,Inactive,Low,Low ROI
1413,689,1,1072.16,1,1,1,1.0,111,Lost,1072.16,689,Lost,High,Low,1.0,Dormant,High,Low ROI
1414,594,3,3436.01,2,2,3,2.333333333333333,223,Need Attention,1145.3366666666666,594,Lost,None,Medium,2.2,Dormant,Low,Low ROI
1415,375,2,5188.6,5,1,4,3.333333333333333,514,Recent Customers,2594.3,375,Growth,Low,Medium,3.2,New,Medium,Growth Potential
1416,617,5,3050.1800000000003,2,4,2,2.6666666666666665,242,At Risk,610.0360000000001,617,At Risk,Medium,Medium,2.8,Inactive,Urgent,Low ROI
1417,443,4,3038.79,4,3,2,3.0,432,Potential Loyalists,759.6975,443,Growth,None,Medium,3.2,Active,Low,Medium-High ROI
1418,530,3,3230.57,2,2,2,2.0,222,Need Attention,1076.8566666666666,530,Lost,None,Medium,2.0,Dormant,Low,Low ROI
1419,583,4,7304.460000000001,2,3,4,3.0,234,Cant Lose Them,1826.115,583,Lost,None,High,2.8,Inactive,Low,Low ROI
1420,574,2,978.17,2,1,1,1.3333333333333333,211,Need Attention,489.085,574,Lost,None,Low,1.4,Dormant,Low,Low ROI
1421,511,8,16447.5,3,5,5,4.333333333333333,355,Potential Loyalists,2055.9375,511,Growth,None,Very High,4.2,Regular,Low,Medium-High ROI
1422,897,1,479.01,1,1,1,1.0,111,Lost,479.01,897,Lost,High,Low,1.0,Dormant,High,Low ROI
1423,545,6,5086.69,2,5,3,3.333333333333333,253,At Risk,847.7816666666666,545,At Risk,Medium,High,3.4,Inactive,Urgent,Critical (Win-back)
1424,999,1,537.1,1,1,1,1.0,111,Lost,537.1,999,Lost,High,Low,1.0,Dormant,High,Low ROI
1425,415,7,10201.53,4,5,5,4.666666666666667,455,Champions,1457.3614285714284,415,High Value,None,Very High,4.6,Active,Low,High ROI
1426,390,5,4367.2,5,4,3,4.0,543,Loyal Customers,873.4399999999999,390,High Value,None,High,4.2,Active,Low,Medium-High ROI
1427,703,2,1345.12,1,1,1,1.0,111,Lost,672.56,703,Lost,High,Low,1.0,Dormant,High,Low ROI
1428,394,2,3569.65,5,1,3,3.0,513,Recent Customers,1784.8249999999998,394,Growth,Low,Medium,3.0,New,Medium,Growth Potential
1429,548,4,10838.43,2,3,5,3.333333333333333,235,Cant Lose Them,2709.6075,548,Lost,None,High,3.0,Inactive,Low,Low ROI
1430,708,3,1766.6,1,2,1,1.3333333333333333,121,Lost,588.8666666666667,708,Lost,High,Medium,1.4,Dormant,High,Low ROI
1432,577,4,6314.88,2,3,4,3.0,234,Cant Lose Them,1578.72,577,Lost,None,High,2.8,Inactive,Low,Low ROI
1433,745,2,7180.3,1,1,4,2.0,114,Lost,3590.15,745,Lost,High,Medium,1.6,Dormant,High,Low ROI
1434,528,3,1911.53,3,2,1,2.0,321,Need Attention,637.1766666666666,528,Lost,None,Medium,2.2,Regular,Low,Low ROI
1435,906,2,1307.51,1,1,1,1.0,111,Lost,653.755,906,Lost,High,Low,1.0,Dormant,High,Low ROI
1436,453,3,2389.0,4,2,2,2.6666666666666665,422,Recent Customers,796.3333333333334,453,Growth,Low,Medium,2.8,New,Medium,Growth Potential
1437,508,3,5139.299999999999,3,2,3,2.6666666666666665,323,Need Attention,1713.0999999999997,508,Lost,None,Medium,2.6,Regular,Low,Low ROI
1438,596,3,1621.57,2,2,1,1.6666666666666667,221,Need Attention,540.5233333333333,596,Lost,None,Medium,1.8,Dormant,Low,Low ROI
1439,612,3,4486.349999999999,2,2,3,2.333333333333333,223,Need Attention,1495.4499999999998,612,Lost,None,Medium,2.2,Dormant,Low,Low ROI
1440,409,3,1981.41,4,2,1,2.333333333333333,421,Recent Customers,660.47,409,Growth,Low,Medium,2.6,New,Medium,Growth Potential
1441,388,3,2149.22,5,2,2,3.0,522,Recent Customers,716.4066666666666,388,Growth,Low,Medium,3.2,New,Medium,Growth Potential
1442,434,6,12840.1,4,5,5,4.666666666666667,455,Champions,2140.016666666667,434,High Value,None,Very High,4.6,Active,Low,High ROI
1443,669,4,3717.84,1,3,3,2.333333333333333,133,Cant Lose Them,929.46,669,Lost,None,High,2.2,Inactive,Low,Low ROI
1444,367,2,2590.21,5,1,2,2.6666666666666665,512,Recent Customers,1295.105,367,Growth,Low,Medium,2.8,New,Medium,Growth Potential
1445,924,4,2621.41,1,3,2,2.0,132,Cant Lose Them,655.3525,924,Lost,None,Medium,2.0,Inactive,Low,Low ROI
1446,393,3,1098.51,5,2,1,2.6666666666666665,521,Recent Customers,366.17,393,Growth,Low,Medium,3.0,New,Medium,Growth Potential
1447,740,2,1559.83,1,1,1,1.0,111,Lost,779.915,740,Lost,High,Low,1.0,Dormant,High,Low ROI
1448,431,7,10498.52,4,5,5,4.666666666666667,455,Champions,1499.7885714285717,431,High Value,None,Very High,4.6,Active,Low,High ROI
1449,528,5,4838.51,3,4,3,3.333333333333333,343,Potential Loyalists,967.702,528,Growth,None,High,3.4,Regular,Low,Medium-High ROI
1450,407,1,496.69,5,1,1,2.333333333333333,511,Recent Customers,496.69,407,Growth,Low,Low,2.6,New,Medium,Growth Potential
1451,458,3,4727.59,4,2,3,3.0,423,Recent Customers,1575.8633333333337,458,Growth,Low,Medium,3.0,New,Medium,Growth Potential
1452,475,4,3226.9,3,3,2,2.6666666666666665,332,Potential Loyalists,806.725,475,Growth,None,Medium,2.8,Regular,Low,Medium-High ROI
1453,374,6,13413.42,5,5,5,5.0,555,Champions,2235.57,374,High Value,None,Very High,5.0,Active,Low,High ROI
1454,411,3,7325.44,4,2,4,3.333333333333333,424,Recent Customers,2441.813333333333,411,Growth,Low,Medium,3.2,New,Medium,Growth Potential
1455,381,4,2380.8,5,3,2,3.333333333333333,532,Potential Loyalists,595.2,381,Growth,None,Medium,3.6,Active,Low,Medium-High ROI
1456,688,4,2617.43,1,3,2,2.0,132,Cant Lose Them,654.3575,688,Lost,None,Medium,2.0,Inactive,Low,Low ROI
1457,551,4,2894.84,2,3,2,2.333333333333333,232,Cant Lose Them,723.71,551,Lost,None,Medium,2.4,Inactive,Low,Low ROI
1458,967,2,1338.01,1,1,1,1.0,111,Lost,669.005,967,Lost,High,Low,1.0,Dormant,High,Low ROI
1459,558,4,6557.11,2,3,4,3.0,234,Cant Lose Them,1639.2775,558,Lost,None,High,2.8,Inactive,Low,Low ROI
1460,412,5,3334.38,4,4,2,3.333333333333333,442,Potential Loyalists,666.876,412,Growth,None,Medium,3.6,Active,Low,Medium-High ROI
1461,882,1,506.25,1,1,1,1.0,111,Lost,506.25,882,Lost,High,Low,1.0,Dormant,High,Low ROI
1462,490,6,4496.219999999999,3,5,3,3.6666666666666665,353,Potential Loyalists,749.3699999999999,490,Growth,None,High,3.8,Regular,Low,Medium-High ROI
1463,410,4,7829.15,4,3,5,4.0,435,Loyal Customers,1957.2875,410,High Value,None,High,3.8,Active,Low,Medium-High ROI
1464,407,7,6925.6,5,5,4,4.666666666666667,554,Champions,989.3714285714286,407,High Value,None,Very High,4.8,Active,Low,Low ROI
1465,445,7,7657.53,4,5,4,4.333333333333333,454,Champions,1093.932857142857,445,High Value,None,Very High,4.4,Active,Low,Low ROI
1466,442,4,8903.44,4,3,5,4.0,435,Loyal Customers,2225.86,442,High Value,None,High,3.8,Active,Low,Medium-High ROI
1467,493,9,8095.370000000001,3,5,5,4.333333333333333,355,Potential Loyalists,899.4855555555556,493,Growth,None,Very High,4.2,Regular,Low,Medium-High ROI
1468,708,2,1042.58,1,1,1,1.0,111,Lost,521.29,708,Lost,High,Low,1.0,Dormant,High,Low ROI
1469,535,3,11267.49,2,2,5,3.0,225,Need Attention,3755.83,535,Lost,None,Medium,2.6,Dormant,Low,Low ROI
1470,443,2,1478.05,4,1,1,2.0,411,Recent Customers,739.025,443,Growth,Low,Low,2.2,New,Medium,Growth Potential
1471,459,6,10565.87,4,5,5,4.666666666666667,455,Champions,1760.9783333333337,459,High Value,None,Very High,4.6,Active,Low,High ROI
1472,628,2,1736.55,2,1,1,1.3333333333333333,211,Need Attention,868.275,628,Lost,None,Low,1.4,Dormant,Low,Low ROI
1473,520,4,3391.03,3,3,3,3.0,333,Potential Loyalists,847.7574999999999,520,Growth,None,High,3.0,Regular,Low,Medium-High ROI
1474,489,4,1864.54,3,3,1,2.333333333333333,331,Potential Loyalists,466.135,489,Growth,None,Medium,2.6,Regular,Low,Medium-High ROI
1475,669,3,7432.33,1,2,4,2.333333333333333,124,Lost,2477.443333333333,669,Lost,High,Medium,2.0,Dormant,High,Low ROI
1476,420,2,999.7,4,1,1,2.0,411,Recent Customers,499.85,420,Growth,Low,Low,2.2,New,Medium,Growth Potential
1477,595,6,11062.2,2,5,5,4.0,255,At Risk,1843.7,595,At Risk,Medium,Very High,3.8,Inactive,Urgent,Critical (Win-back)
1478,815,1,544.0,1,1,1,1.0,111,Lost,544.0,815,Lost,High,Low,1.0,Dormant,High,Low ROI
1479,442,4,2409.89,4,3,2,3.0,432,Potential Loyalists,602.4725,442,Growth,None,Medium,3.2,Active,Low,Medium-High ROI
1480,584,8,16431.65,2,5,5,4.0,255,At Risk,2053.95625,584,At Risk,Medium,Very High,3.8,Inactive,Urgent,Critical (Win-back)
1481,374,2,898.0,5,1,1,2.333333333333333,511,Recent Customers,449.0,374,Growth,Low,Low,2.6,New,Medium,Growth Potential
1482,517,4,2360.14,3,3,2,2.6666666666666665,332,Potential Loyalists,590.035,517,Growth,None,Medium,2.8,Regular,Low,Medium-High ROI
1483,573,5,6286.87,2,4,4,3.333333333333333,244,At Risk,1257.374,573,At Risk,Medium,Very High,3.2,Inactive,Urgent,Critical (Win-back)
1484,382,2,901.87,5,1,1,2.333333333333333,511,Recent Customers,450.935,382,Growth,Low,Low,2.6,New,Medium,Growth Potential
1485,472,8,11167.89,3,5,5,4.333333333333333,355,Potential Loyalists,1395.98625,472,Growth,None,Very High,4.2,Regular,Low,Medium-High ROI
1486,366,6,7474.32,5,5,4,4.666666666666667,554,Champions,1245.72,366,High Value,None,Very High,4.8,Active,Low,Low ROI
1487,504,1,439.05,3,1,1,1.6666666666666667,311,Need Attention,439.05,504,Lost,None,Low,1.8,Regular,Low,Low ROI
1488,497,2,2657.22,3,1,2,2.0,312,Need Attention,1328.61,497,Lost,None,Medium,2.0,Regular,Low,Low ROI
1489,508,5,5909.26,3,4,4,3.6666666666666665,344,Potential Loyalists,1181.852,508,Growth,None,Very High,3.6,Regular,Low,Medium-High ROI
1490,444,3,3560.8900000000003,4,2,3,3.0,423,Recent Customers,1186.9633333333334,444,Growth,Low,Medium,3.0,New,Medium,Growth Potential
1491,484,4,1879.83,3,3,1,2.333333333333333,331,Potential Loyalists,469.9575,484,Growth,None,Medium,2.6,Regular,Low,Medium-High ROI
1492,479,6,5122.98,3,5,3,3.6666666666666665,353,Potential Loyalists,853.8299999999999,479,Growth,None,High,3.8,Regular,Low,Medium-High ROI
1493,388,4,3948.3,5,3,3,3.6666666666666665,533,Loyal Customers,987.075,388,High Value,None,High,3.8,Active,Low,Medium-High ROI
1494,464,5,3736.63,3,4,3,3.333333333333333,343,Potential Loyalists,747.326,464,Growth,None,High,3.4,Regular,Low,Medium-High ROI
1495,787,5,2935.82,1,4,2,2.333333333333333,142,At Risk,587.164,787,At Risk,Medium,Medium,2.4,Inactive,Urgent,Low ROI
1496,526,4,3603.74,3,3,3,3.0,333,Potential Loyalists,900.935,526,Growth,None,High,3.0,Regular,Low,Medium-High ROI
1497,679,4,11195.09,1,3,5,3.0,135,Cant Lose Them,2798.7725,679,Lost,None,High,2.6,Inactive,Low,Low ROI
1498,431,8,16234.53,4,5,5,4.666666666666667,455,Champions,2029.31625,431,High Value,None,Very High,4.6,Active,Low,High ROI
1499,389,2,1554.99,5,1,1,2.333333333333333,511,Recent Customers,777.495,389,Growth,Low,Low,2.6,New,Medium,Growth Potential
1500,394,3,1980.93,5,2,1,2.6666666666666665,521,Recent Customers,660.3100000000001,394,Growth,Low,Medium,3.0,New,Medium,Growth Potential
1501,422,3,4410.99,4,2,3,3.0,423,Recent Customers,1470.33,422,Growth,Low,Medium,3.0,New,Medium,Growth Potential
1502,373,4,8960.91,5,3,5,4.333333333333333,535,Loyal Customers,2240.2275,373,High Value,None,High,4.2,Active,Low,Medium-High ROI
1504,517,3,6850.32,3,2,4,3.0,324,Need Attention,2283.44,517,Lost,None,Medium,2.8,Regular,Low,Low ROI
1505,962,1,1072.78,1,1,1,1.0,111,Lost,1072.78,962,Lost,High,Low,1.0,Dormant,High,Low ROI
1506,429,2,4070.19,4,1,3,2.6666666666666665,413,Recent Customers,2035.095,429,Growth,Low,Medium,2.6,New,Medium,Growth Potential
1507,376,3,4165.73,5,2,3,3.333333333333333,523,Recent Customers,1388.5766666666666,376,Growth,Low,Medium,3.4,New,Medium,Growth Potential
1508,640,2,1624.64,2,1,1,1.3333333333333333,211,Need Attention,812.3199999999999,640,Lost,None,Low,1.4,Dormant,Low,Low ROI
1509,593,2,5677.31,2,1,4,2.333333333333333,214,Need Attention,2838.655,593,Lost,None,Medium,2.0,Dormant,Low,Low ROI
1510,455,2,1478.6999999999998,4,1,1,2.0,411,Recent Customers,739.3499999999999,455,Growth,Low,Low,2.2,New,Medium,Growth Potential
1511,830,3,2256.96,1,2,2,1.6666666666666667,122,Lost,752.32,830,Lost,High,Medium,1.6,Dormant,High,Low ROI
1512,547,4,2079.03,2,3,2,2.333333333333333,232,Cant Lose Them,519.7575,547,Lost,None,Medium,2.4,Inactive,Low,Low ROI
1513,426,4,4332.43,4,3,3,3.333333333333333,433,Loyal Customers,1083.1075,426,High Value,None,High,3.4,Active,Low,Medium-High ROI
1514,440,5,10394.15,4,4,5,4.333333333333333,445,Champions,2078.83,440,High Value,None,Very High,4.2,Active,Low,High ROI
1515,425,3,3991.44,4,2,3,3.0,423,Recent Customers,1330.48,425,Growth,Low,Medium,3.0,New,Medium,Growth Potential
1516,647,2,1552.13,2,1,1,1.3333333333333333,211,Need Attention,776.065,647,Lost,None,Low,1.4,Dormant,Low,Low ROI
1517,446,4,3560.9,4,3,3,3.333333333333333,433,Loyal Customers,890.225,446,High Value,None,High,3.4,Active,Low,Medium-High ROI
1518,489,10,13928.06,3,5,5,4.333333333333333,355,Potential Loyalists,1392.806,489,Growth,None,Very High,4.2,Regular,Low,Medium-High ROI
1519,412,3,3544.78,4,2,3,3.0,423,Recent Customers,1181.5933333333332,412,Growth,Low,Medium,3.0,New,Medium,Growth Potential
1520,475,6,4395.57,3,5,3,3.6666666666666665,353,Potential Loyalists,732.5949999999999,475,Growth,None,High,3.8,Regular,Low,Medium-High ROI
1521,497,4,4717.38,3,3,3,3.0,333,Potential Loyalists,1179.345,497,Growth,None,High,3.0,Regular,Low,Medium-High ROI
1522,661,3,1835.38,1,2,1,1.3333333333333333,121,Lost,611.7933333333334,661,Lost,High,Medium,1.4,Dormant,High,Low ROI
1523,483,3,2582.75,3,2,2,2.333333333333333,322,Need Attention,860.9166666666666,483,Lost,None,Medium,2.4,Regular,Low,Low ROI
1524,474,8,6624.06,3,5,4,4.0,354,Potential Loyalists,828.0075,474,Growth,None,Very High,4.0,Regular,Low,Medium-High ROI
1525,634,3,7294.919999999999,2,2,4,2.6666666666666665,224,Need Attention,2431.64,634,Lost,None,Medium,2.4,Dormant,Low,Low ROI
1526,407,3,1903.67,5,2,1,2.6666666666666665,521,Recent Customers,634.5566666666667,407,Growth,Low,Medium,3.0,New,Medium,Growth Potential
1527,851,3,2253.88,1,2,2,1.6666666666666667,122,Lost,751.2933333333334,851,Lost,High,Medium,1.6,Dormant,High,Low ROI
1528,390,3,6423.350000000001,5,2,4,3.6666666666666665,524,Recent Customers,2141.1166666666672,390,Growth,Low,Medium,3.6,New,Medium,Growth Potential
1529,544,5,4108.24,2,4,3,3.0,243,At Risk,821.6479999999999,544,At Risk,Medium,High,3.0,Inactive,Urgent,Low ROI
1530,525,4,1602.79,3,3,1,2.333333333333333,331,Potential Loyalists,400.6975,525,Growth,None,Medium,2.6,Regular,Low,Medium-High ROI
1531,567,3,7975.57,2,2,5,3.0,225,Need Attention,2658.523333333333,567,Lost,None,Medium,2.6,Dormant,Low,Low ROI
1532,486,4,3566.11,3,3,3,3.0,333,Potential Loyalists,891.5275,486,Growth,None,High,3.0,Regular,Low,Medium-High ROI
1533,489,4,3117.6800000000003,3,3,2,2.6666666666666665,332,Potential Loyalists,779.4200000000001,489,Growth,None,Medium,2.8,Regular,Low,Medium-High ROI
1534,467,2,3381.7,3,1,3,2.333333333333333,313,Need Attention,1690.85,467,Lost,None,Medium,2.2,Regular,Low,Low ROI
1535,406,1,1387.46,5,1,1,2.333333333333333,511,Recent Customers,1387.46,406,Growth,Low,Low,2.6,New,Medium,Growth Potential
1536,438,4,5250.71,4,3,4,3.6666666666666665,434,Loyal Customers,1312.6775,438,High Value,None,High,3.6,Active,Low,Medium-High ROI
1537,723,1,1287.35,1,1,1,1.0,111,Lost,1287.35,723,Lost,High,Low,1.0,Dormant,High,Low ROI
1538,720,2,2269.51,1,1,2,1.3333333333333333,112,Lost,1134.755,720,Lost,High,Medium,1.2,Dormant,High,Low ROI
1539,489,3,1742.12,3,2,1,2.0,321,Need Attention,580.7066666666666,489,Lost,None,Medium,2.2,Regular,Low,Low ROI
1540,563,6,11910.82,2,5,5,4.0,255,At Risk,1985.1366666666663,563,At Risk,Medium,Very High,3.8,Inactive,Urgent,Critical (Win-back)
1541,421,2,2382.2200000000003,4,1,2,2.333333333333333,412,Recent Customers,1191.11,421,Growth,Low,Medium,2.4,New,Medium,Growth Potential
1542,746,4,2018.54,1,3,2,2.0,132,Cant Lose Them,504.635,746,Lost,None,Medium,2.0,Inactive,Low,Low ROI
1543,519,6,9253.94,3,5,5,4.333333333333333,355,Potential Loyalists,1542.3233333333335,519,Growth,None,Very High,4.2,Regular,Low,Medium-High ROI
1544,541,3,2987.77,2,2,2,2.0,222,Need Attention,995.9233333333332,541,Lost,None,Medium,2.0,Dormant,Low,Low ROI
1545,523,6,4910.94,3,5,3,3.6666666666666665,353,Potential Loyalists,818.4899999999999,523,Growth,None,High,3.8,Regular,Low,Medium-High ROI
1546,477,5,3975.74,3,4,3,3.333333333333333,343,Potential Loyalists,795.1479999999999,477,Growth,None,High,3.4,Regular,Low,Medium-High ROI
1547,366,3,2219.92,5,2,2,3.0,522,Recent Customers,739.9733333333334,366,Growth,Low,Medium,3.2,New,Medium,Growth Potential
1548,374,5,6350.54,5,4,4,4.333333333333333,544,Champions,1270.108,374,High Value,None,Very High,4.4,Active,Low,Low ROI
1549,695,1,1584.31,1,1,1,1.0,111,Lost,1584.31,695,Lost,High,Low,1.0,Dormant,High,Low ROI
1550,423,3,3639.07,4,2,3,3.0,423,Recent Customers,1213.0233333333333,423,Growth,Low,Medium,3.0,New,Medium,Growth Potential
1551,425,5,4912.77,4,4,3,3.6666666666666665,443,Loyal Customers,982.554,425,High Value,None,High,3.8,Active,Low,Medium-High ROI
1552,479,4,4501.27,3,3,3,3.0,333,Potential Loyalists,1125.3175,479,Growth,None,High,3.0,Regular,Low,Medium-High ROI
1553,494,3,2198.38,3,2,2,2.333333333333333,322,Need Attention,732.7933333333334,494,Lost,None,Medium,2.4,Regular,Low,Low ROI
1554,694,2,863.79,1,1,1,1.0,111,Lost,431.895,694,Lost,High,Low,1.0,Dormant,High,Low ROI
1555,377,3,3284.12,5,2,2,3.0,522,Recent Customers,1094.7066666666667,377,Growth,Low,Medium,3.2,New,Medium,Growth Potential
1556,396,1,480.63,5,1,1,2.333333333333333,511,Recent Customers,480.63,396,Growth,Low,Low,2.6,New,Medium,Growth Potential
1557,432,8,12109.02,4,5,5,4.666666666666667,455,Champions,1513.6275,432,High Value,None,Very High,4.6,Active,Low,High ROI
1558,429,2,1801.27,4,1,1,2.0,411,Recent Customers,900.635,429,Growth,Low,Low,2.2,New,Medium,Growth Potential
1559,431,2,1611.77,4,1,1,2.0,411,Recent Customers,805.885,431,Growth,Low,Low,2.2,New,Medium,Growth Potential
1560,555,3,3936.59,2,2,3,2.333333333333333,223,Need Attention,1312.1966666666667,555,Lost,None,Medium,2.2,Dormant,Low,Low ROI
1561,398,5,5934.72,5,4,4,4.333333333333333,544,Champions,1186.944,398,High Value,None,Very High,4.4,Active,Low,Low ROI
1562,614,4,1929.51,2,3,1,2.0,231,Cant Lose Them,482.3775,614,Lost,None,Medium,2.2,Inactive,Low,Low ROI
1563,424,3,7059.52,4,2,4,3.333333333333333,424,Recent Customers,2353.1733333333336,424,Growth,Low,Medium,3.2,New,Medium,Growth Potential
1564,507,3,1726.88,3,2,1,2.0,321,Need Attention,575.6266666666667,507,Lost,None,Medium,2.2,Regular,Low,Low ROI
1565,433,5,6250.200000000001,4,4,4,4.0,444,Champions,1250.0400000000002,433,High Value,None,Very High,4.0,Active,Low,Low ROI
1566,566,6,5395.91,2,5,4,3.6666666666666665,254,At Risk,899.3183333333333,566,At Risk,Medium,Very High,3.6,Inactive,Urgent,Critical (Win-back)
1567,420,5,3507.83,4,4,3,3.6666666666666665,443,Loyal Customers,701.566,420,High Value,None,High,3.8,Active,Low,Medium-High ROI
1568,373,2,1563.12,5,1,1,2.333333333333333,511,Recent Customers,781.56,373,Growth,Low,Low,2.6,New,Medium,Growth Potential
1569,473,1,397.47,3,1,1,1.6666666666666667,311,Need Attention,397.47,473,Lost,None,Low,1.8,Regular,Low,Low ROI
1570,419,3,2823.71,4,2,2,2.6666666666666665,422,Recent Customers,941.2366666666668,419,Growth,Low,Medium,2.8,New,Medium,Growth Potential
1571,676,3,2799.97,1,2,2,1.6666666666666667,122,Lost,933.3233333333332,676,Lost,High,Medium,1.6,Dormant,High,Low ROI
1572,437,5,7220.23,4,4,4,4.0,444,Champions,1444.0459999999998,437,High Value,None,Very High,4.0,Active,Low,Low ROI
1573,531,3,7781.83,2,2,4,2.6666666666666665,224,Need Attention,2593.943333333333,531,Lost,None,Medium,2.4,Dormant,Low,Low ROI
1574,473,3,4965.17,3,2,3,2.6666666666666665,323,Need Attention,1655.0566666666666,473,Lost,None,Medium,2.6,Regular,Low,Low ROI
1575,558,6,9735.11,2,5,5,4.0,255,At Risk,1622.5183333333334,558,At Risk,Medium,Very High,3.8,Inactive,Urgent,Critical (Win-back)
1576,462,3,4487.35,4,2,3,3.0,423,Recent Customers,1495.7833333333335,462,Growth,Low,Medium,3.0,New,Medium,Growth Potential
1577,411,5,8104.24,4,4,5,4.333333333333333,445,Champions,1620.848,411,High Value,None,Very High,4.2,Active,Low,High ROI
1578,600,6,3166.75,2,5,2,3.0,252,At Risk,527.7916666666666,600,At Risk,Medium,Medium,3.2,Inactive,Urgent,Low ROI
1579,418,3,1934.45,4,2,1,2.333333333333333,421,Recent Customers,644.8166666666667,418,Growth,Low,Medium,2.6,New,Medium,Growth Potential
1580,587,1,734.28,2,1,1,1.3333333333333333,211,Need Attention,734.28,587,Lost,None,Low,1.4,Dormant,Low,Low ROI
1581,513,4,12190.67,3,3,5,3.6666666666666665,335,Potential Loyalists,3047.6675,513,Growth,None,High,3.4,Regular,Low,Medium-High ROI
1582,405,6,6360.35,5,5,4,4.666666666666667,554,Champions,1060.0583333333334,405,High Value,None,Very High,4.8,Active,Low,Low ROI
1583,714,3,1891.47,1,2,1,1.3333333333333333,121,Lost,630.49,714,Lost,High,Medium,1.4,Dormant,High,Low ROI
1584,393,6,4042.83,5,5,3,4.333333333333333,553,Loyal Customers,673.805,393,High Value,None,High,4.6,Active,Low,Medium-High ROI
1585,953,3,1569.35,1,2,1,1.3333333333333333,121,Lost,523.1166666666667,953,Lost,High,Medium,1.4,Dormant,High,Low ROI
1586,561,1,622.28,2,1,1,1.3333333333333333,211,Need Attention,622.28,561,Lost,None,Low,1.4,Dormant,Low,Low ROI
1587,734,5,8809.12,1,4,5,3.333333333333333,145,At Risk,1761.824,734,At Risk,Medium,Very High,3.0,Inactive,Urgent,Critical (Win-back)
1588,404,5,4733.1,5,4,3,4.0,543,Loyal Customers,946.62,404,High Value,None,High,4.2,Active,Low,Medium-High ROI
1589,917,2,2627.87,1,1,2,1.3333333333333333,112,Lost,1313.935,917,Lost,High,Medium,1.2,Dormant,High,Low ROI
1590,801,3,2010.76,1,2,1,1.3333333333333333,121,Lost,670.2533333333333,801,Lost,High,Medium,1.4,Dormant,High,Low ROI
1591,629,7,15850.91,2,5,5,4.0,255,At Risk,2264.4157142857143,629,At Risk,Medium,Very High,3.8,Inactive,Urgent,Critical (Win-back)
1592,706,3,2846.62,1,2,2,1.6666666666666667,122,Lost,948.8733333333332,706,Lost,High,Medium,1.6,Dormant,High,Low ROI
1593,501,3,2192.54,3,2,2,2.333333333333333,322,Need Attention,730.8466666666667,501,Lost,None,Medium,2.4,Regular,Low,Low ROI
1594,372,4,4235.32,5,3,3,3.6666666666666665,533,Loyal Customers,1058.83,372,High Value,None,High,3.8,Active,Low,Medium-High ROI
1595,498,4,2716.14,3,3,2,2.6666666666666665,332,Potential Loyalists,679.035,498,Growth,None,Medium,2.8,Regular,Low,Medium-High ROI
1596,1072,1,629.78,1,1,1,1.0,111,Lost,629.78,1072,Lost,High,Low,1.0,Dormant,High,Low ROI
1597,535,6,6474.05,2,5,4,3.6666666666666665,254,At Risk,1079.0083333333334,535,At Risk,Medium,Very High,3.6,Inactive,Urgent,Critical (Win-back)
1598,605,3,1548.66,2,2,1,1.6666666666666667,221,Need Attention,516.22,605,Lost,None,Medium,1.8,Dormant,Low,Low ROI
1599,630,3,7781.24,2,2,4,2.6666666666666665,224,Need Attention,2593.7466666666664,630,Lost,None,Medium,2.4,Dormant,Low,Low ROI
1600,566,1,511.02,2,1,1,1.3333333333333333,211,Need Attention,511.02,566,Lost,None,Low,1.4,Dormant,Low,Low ROI
1601,644,6,5158.29,2,5,3,3.333333333333333,253,At Risk,859.715,644,At Risk,Medium,High,3.4,Inactive,Urgent,Critical (Win-back)
1602,448,3,2107.67,4,2,2,2.6666666666666665,422,Recent Customers,702.5566666666667,448,Growth,Low,Medium,2.8,New,Medium,Growth Potential
1603,410,3,4062.68,4,2,3,3.0,423,Recent Customers,1354.2266666666667,410,Growth,Low,Medium,3.0,New,Medium,Growth Potential
1604,425,4,8080.94,4,3,5,4.0,435,Loyal Customers,2020.235,425,High Value,None,High,3.8,Active,Low,Medium-High ROI
1605,438,5,4703.610000000001,4,4,3,3.6666666666666665,443,Loyal Customers,940.722,438,High Value,None,High,3.8,Active,Low,Medium-High ROI
1606,388,5,5373.29,5,4,4,4.333333333333333,544,Champions,1074.658,388,High Value,None,Very High,4.4,Active,Low,Low ROI
1607,607,8,6890.95,2,5,4,3.6666666666666665,254,At Risk,861.36875,607,At Risk,Medium,Very High,3.6,Inactive,Urgent,Critical (Win-back)
1608,419,6,12298.0,4,5,5,4.666666666666667,455,Champions,2049.6666666666665,419,High Value,None,Very High,4.6,Active,Low,High ROI
1609,424,2,3142.6400000000003,4,1,2,2.333333333333333,412,Recent Customers,1571.3200000000002,424,Growth,Low,Medium,2.4,New,Medium,Growth Potential
1610,378,2,1997.43,5,1,1,2.333333333333333,511,Recent Customers,998.715,378,Growth,Low,Low,2.6,New,Medium,Growth Potential
1611,922,3,2414.51,1,2,2,1.6666666666666667,122,Lost,804.8366666666666,922,Lost,High,Medium,1.6,Dormant,High,Low ROI
1612,470,4,3011.6000000000004,3,3,2,2.6666666666666665,332,Potential Loyalists,752.9000000000001,470,Growth,None,Medium,2.8,Regular,Low,Medium-High ROI
1613,553,6,4296.08,2,5,3,3.333333333333333,253,At Risk,716.0133333333333,553,At Risk,Medium,High,3.4,Inactive,Urgent,Low ROI
1614,374,4,7698.76,5,3,4,4.0,534,Loyal Customers,1924.69,374,High Value,None,High,4.0,Active,Low,Medium-High ROI
1616,407,3,3074.08,5,2,2,3.0,522,Recent Customers,1024.6933333333334,407,Growth,Low,Medium,3.2,New,Medium,Growth Potential
1617,989,1,1323.59,1,1,1,1.0,111,Lost,1323.59,989,Lost,High,Low,1.0,Dormant,High,Low ROI
1618,452,6,13049.87,4,5,5,4.666666666666667,455,Champions,2174.978333333333,452,High Value,None,Very High,4.6,Active,Low,High ROI
1619,669,4,1593.06,1,3,1,1.6666666666666667,131,Cant Lose Them,398.265,669,Lost,None,Medium,1.8,Inactive,Low,Low ROI
1620,543,4,9379.25,2,3,5,3.333333333333333,235,Cant Lose Them,2344.8125,543,Lost,None,High,3.0,Inactive,Low,Low ROI
1621,490,3,4059.41,3,2,3,2.6666666666666665,323,Need Attention,1353.1366666666663,490,Lost,None,Medium,2.6,Regular,Low,Low ROI
1622,642,3,7089.39,2,2,4,2.6666666666666665,224,Need Attention,2363.13,642,Lost,None,Medium,2.4,Dormant,Low,Low ROI
1623,399,7,8034.91,5,5,5,5.0,555,Champions,1147.8442857142857,399,High Value,None,Very High,5.0,Active,Low,High ROI
1624,402,4,2006.56,5,3,1,3.0,531,Potential Loyalists,501.64,402,Growth,None,Medium,3.4,Active,Low,Medium-High ROI
1625,528,6,15223.45,3,5,5,4.333333333333333,355,Potential Loyalists,2537.241666666667,528,Growth,None,Very High,4.2,Regular,Low,Medium-High ROI
1626,922,1,510.32,1,1,1,1.0,111,Lost,510.32,922,Lost,High,Low,1.0,Dormant,High,Low ROI
1627,612,1,393.06,2,1,1,1.3333333333333333,211,Need Attention,393.06,612,Lost,None,Low,1.4,Dormant,Low,Low ROI
1628,440,5,8648.98,4,4,5,4.333333333333333,445,Champions,1729.7959999999998,440,High Value,None,Very High,4.2,Active,Low,High ROI
1629,380,3,1417.07,5,2,1,2.6666666666666665,521,Recent Customers,472.3566666666666,380,Growth,Low,Medium,3.0,New,Medium,Growth Potential
1630,380,7,9569.9,5,5,5,5.0,555,Champions,1367.1285714285714,380,High Value,None,Very High,5.0,Active,Low,High ROI
1631,389,3,2310.99,5,2,2,3.0,522,Recent Customers,770.3299999999999,389,Growth,Low,Medium,3.2,New,Medium,Growth Potential
1632,427,4,3975.22,4,3,3,3.333333333333333,433,Loyal Customers,993.805,427,High Value,None,High,3.4,Active,Low,Medium-High ROI
1633,371,2,1111.38,5,1,1,2.333333333333333,511,Recent Customers,555.69,371,Growth,Low,Low,2.6,New,Medium,Growth Potential
1634,450,6,3541.86,4,5,3,4.0,453,Loyal Customers,590.31,450,High Value,None,High,4.2,Active,Low,Medium-High ROI
1635,460,4,6706.5,4,3,4,3.6666666666666665,434,Loyal Customers,1676.625,460,High Value,None,High,3.6,Active,Low,Medium-High ROI
1636,815,5,12695.96,1,4,5,3.333333333333333,145,At Risk,2539.192,815,At Risk,Medium,Very High,3.0,Inactive,Urgent,Critical (Win-back)
1637,569,5,6990.67,2,4,4,3.333333333333333,244,At Risk,1398.134,569,At Risk,Medium,Very High,3.2,Inactive,Urgent,Critical (Win-back)
1638,501,4,3963.42,3,3,3,3.0,333,Potential Loyalists,990.855,501,Growth,None,High,3.0,Regular,Low,Medium-High ROI
1639,498,3,3288.93,3,2,2,2.333333333333333,322,Need Attention,1096.31,498,Lost,None,Medium,2.4,Regular,Low,Low ROI
1640,610,4,3959.18,2,3,3,2.6666666666666665,233,Cant Lose Them,989.795,610,Lost,None,High,2.6,Inactive,Low,Low ROI
1641,478,4,7479.16,3,3,4,3.333333333333333,334,Potential Loyalists,1869.79,478,Growth,None,High,3.2,Regular,Low,Medium-High ROI
1642,668,3,1938.68,1,2,1,1.3333333333333333,121,Lost,646.2266666666667,668,Lost,High,Medium,1.4,Dormant,High,Low ROI
1643,547,2,2461.55,2,1,2,1.6666666666666667,212,Need Attention,1230.775,547,Lost,None,Medium,1.6,Dormant,Low,Low ROI
1644,812,3,2602.83,1,2,2,1.6666666666666667,122,Lost,867.61,812,Lost,High,Medium,1.6,Dormant,High,Low ROI
1645,449,6,4294.71,4,5,3,4.0,453,Loyal Customers,715.785,449,High Value,None,High,4.2,Active,Low,Medium-High ROI
1646,670,1,912.9,1,1,1,1.0,111,Lost,912.9,670,Lost,High,Low,1.0,Dormant,High,Low ROI
1647,560,2,6598.55,2,1,4,2.333333333333333,214,Need Attention,3299.275,560,Lost,None,Medium,2.0,Dormant,Low,Low ROI
1648,1007,1,916.77,1,1,1,1.0,111,Lost,916.77,1007,Lost,High,Low,1.0,Dormant,High,Low ROI
1649,436,8,12178.05,4,5,5,4.666666666666667,455,Champions,1522.25625,436,High Value,None,Very High,4.6,Active,Low,High ROI
1650,477,5,3568.09,3,4,3,3.333333333333333,343,Potential Loyalists,713.618,477,Growth,None,High,3.4,Regular,Low,Medium-High ROI
1651,502,3,1914.44,3,2,1,2.0,321,Need Attention,638.1466666666666,502,Lost,None,Medium,2.2,Regular,Low,Low ROI
1652,422,6,3120.56,4,5,2,3.6666666666666665,452,Potential Loyalists,520.0933333333334,422,Growth,None,Medium,4.0,Active,Low,Medium-High ROI
1653,389,4,4341.45,5,3,3,3.6666666666666665,533,Loyal Customers,1085.3625,389,High Value,None,High,3.8,Active,Low,Medium-High ROI
1654,386,2,1661.85,5,1,1,2.333333333333333,511,Recent Customers,830.9250000000001,386,Growth,Low,Low,2.6,New,Medium,Growth Potential
1655,386,9,8260.53,5,5,5,5.0,555,Champions,917.8366666666668,386,High Value,None,Very High,5.0,Active,Low,High ROI
1657,406,6,7727.06,5,5,4,4.666666666666667,554,Champions,1287.8433333333337,406,High Value,None,Very High,4.8,Active,Low,Low ROI
1658,677,3,1189.6,1,3,1,1.6666666666666667,131,Cant Lose Them,396.5333333333333,677,Lost,None,Medium,1.8,Inactive,Low,Low ROI
1659,378,3,4368.87,5,3,3,3.6666666666666665,533,Loyal Customers,1456.29,378,High Value,None,High,3.8,Active,Low,Medium-High ROI
1660,500,2,2967.62,3,2,2,2.333333333333333,322,Need Attention,1483.81,500,Lost,None,Medium,2.4,Regular,Low,Low ROI
1661,678,3,1441.27,1,3,1,1.6666666666666667,131,Cant Lose Them,480.42333333333335,678,Lost,None,Medium,1.8,Inactive,Low,Low ROI
1662,813,2,1390.04,1,2,1,1.3333333333333333,121,Lost,695.02,813,Lost,High,Medium,1.4,Dormant,High,Low ROI
1663,415,2,912.65,4,2,1,2.333333333333333,421,Recent Customers,456.3250000000001,415,Growth,Low,Medium,2.6,New,Medium,Growth Potential
1664,531,4,11750.4,2,4,5,3.6666666666666665,245,At Risk,2937.6,531,At Risk,Medium,Very High,3.4,Inactive,Urgent,Critical (Win-back)
1665,566,4,9744.15,2,4,5,3.6666666666666665,245,At Risk,2436.0375,566,At Risk,Medium,Very High,3.4,Inactive,Urgent,Critical (Win-back)
1666,623,3,2855.6,2,3,2,2.333333333333333,232,Cant Lose Them,951.8666666666668,623,Lost,None,Medium,2.4,Inactive,Low,Low ROI
1667,680,5,5019.41,1,4,3,2.6666666666666665,143,At Risk,1003.882,680,At Risk,Medium,High,2.6,Inactive,Urgent,Critical (Win-back)
1668,920,1,926.24,1,1,1,1.0,111,Lost,926.24,920,Lost,High,Low,1.0,Dormant,High,Low ROI
1669,586,4,2471.61,2,4,2,2.6666666666666665,242,At Risk,617.9024999999999,586,At Risk,Medium,Medium,2.8,Inactive,Urgent,Low ROI
1670,373,2,2282.02,5,2,2,3.0,522,Recent Customers,1141.01,373,Growth,Low,Medium,3.2,New,Medium,Growth Potential
1671,495,4,2394.61,3,4,2,3.0,342,Potential Loyalists,598.6525,495,Growth,None,Medium,3.2,Regular,Low,Medium-High ROI
1672,398,4,4889.360000000001,5,4,3,4.0,543,Loyal Customers,1222.34,398,High Value,None,High,4.2,Active,Low,Medium-High ROI
1673,492,6,6312.92,3,5,4,4.0,354,Potential Loyalists,1052.1533333333334,492,Growth,None,Very High,4.0,Regular,Low,Medium-High ROI
1674,381,1,405.4,5,1,1,2.333333333333333,511,Recent Customers,405.4,381,Growth,Low,Low,2.6,New,Medium,Growth Potential
1675,474,7,10578.05,3,5,5,4.333333333333333,355,Potential Loyalists,1511.15,474,Growth,None,Very High,4.2,Regular,Low,Medium-High ROI
1676,530,5,15164.97,2,4,5,3.6666666666666665,245,At Risk,3032.994,530,At Risk,Medium,Very High,3.4,Inactive,Urgent,Critical (Win-back)
1677,385,4,3242.6800000000003,5,4,2,3.6666666666666665,542,Potential Loyalists,810.6700000000001,385,Growth,None,Medium,4.0,Active,Low,Medium-High ROI
1678,371,2,2794.59,5,2,2,3.0,522,Recent Customers,1397.295,371,Growth,Low,Medium,3.2,New,Medium,Growth Potential
1679,480,5,8325.82,3,4,5,4.0,345,Potential Loyalists,1665.164,480,Growth,None,Very High,3.8,Regular,Low,Medium-High ROI
1680,739,5,3571.12,1,4,3,2.6666666666666665,143,At Risk,714.2239999999999,739,At Risk,Medium,High,2.6,Inactive,Urgent,Low ROI
1681,424,6,6908.81,4,5,4,4.333333333333333,454,Champions,1151.4683333333332,424,High Value,None,Very High,4.4,Active,Low,Low ROI
1682,628,7,7786.64,2,5,4,3.6666666666666665,254,At Risk,1112.3771428571429,628,At Risk,Medium,Very High,3.6,Inactive,Urgent,Critical (Win-back)
1683,675,4,6161.2,1,4,4,3.0,144,At Risk,1540.3,675,At Risk,Medium,Very High,2.8,Inactive,Urgent,Critical (Win-back)
1684,495,7,15235.89,3,5,5,4.333333333333333,355,Potential Loyalists,2176.555714285714,495,Growth,None,Very High,4.2,Regular,Low,Medium-High ROI
1685,389,5,8181.5,5,4,5,4.666666666666667,545,Champions,1636.3,389,High Value,None,Very High,4.6,Active,Low,High ROI
1686,373,4,5451.39,5,4,4,4.333333333333333,544,Champions,1362.8475,373,High Value,None,Very High,4.4,Active,Low,Low ROI
1687,582,3,7385.72,2,3,4,3.0,234,Cant Lose Them,2461.9066666666668,582,Lost,None,High,2.8,Inactive,Low,Low ROI
1688,523,3,2766.21,3,3,2,2.6666666666666665,332,Potential Loyalists,922.07,523,Growth,None,Medium,2.8,Regular,Low,Medium-High ROI
1689,556,5,10867.740000000002,2,4,5,3.6666666666666665,245,At Risk,2173.548,556,At Risk,Medium,Very High,3.4,Inactive,Urgent,Critical (Win-back)
1690,604,3,3003.77,2,3,2,2.333333333333333,232,Cant Lose Them,1001.2566666666668,604,Lost,None,Medium,2.4,Inactive,Low,Low ROI
1691,557,4,3941.44,2,4,3,3.0,243,At Risk,985.36,557,At Risk,Medium,High,3.0,Inactive,Urgent,Low ROI
1692,602,6,4362.72,2,5,3,3.333333333333333,253,At Risk,727.12,602,At Risk,Medium,High,3.4,Inactive,Urgent,Low ROI
1693,471,5,4152.13,3,4,3,3.333333333333333,343,Potential Loyalists,830.426,471,Growth,None,High,3.4,Regular,Low,Medium-High ROI
1694,612,8,9129.25,2,5,5,4.0,255,At Risk,1141.15625,612,At Risk,Medium,Very High,3.8,Inactive,Urgent,Critical (Win-back)
1695,748,2,2703.74,1,2,2,1.6666666666666667,122,Lost,1351.87,748,Lost,High,Medium,1.6,Dormant,High,Low ROI
1696,377,3,1712.08,5,3,1,3.0,531,Potential Loyalists,570.6933333333333,377,Growth,None,Medium,3.4,Active,Low,Medium-High ROI
1697,517,2,3447.6,3,2,3,2.6666666666666665,323,Need Attention,1723.8,517,Lost,None,Medium,2.6,Regular,Low,Low ROI
1699,509,4,3274.84,3,4,2,3.0,342,Potential Loyalists,818.71,509,Growth,None,Medium,3.2,Regular,Low,Medium-High ROI
1700,528,5,5085.150000000001,3,4,3,3.333333333333333,343,Potential Loyalists,1017.03,528,Growth,None,High,3.4,Regular,Low,Medium-High ROI
1701,813,3,4658.93,1,3,3,2.333333333333333,133,Cant Lose Them,1552.9766666666667,813,Lost,None,High,2.2,Inactive,Low,Low ROI
1702,370,8,8239.0,5,5,5,5.0,555,Champions,1029.875,370,High Value,None,Very High,5.0,Active,Low,High ROI
1703,379,9,12785.33,5,5,5,5.0,555,Champions,1420.5922222222223,379,High Value,None,Very High,5.0,Active,Low,High ROI
1704,858,2,3447.6400000000003,1,2,3,2.0,123,Lost,1723.8200000000002,858,Lost,High,Medium,1.8,Dormant,High,Low ROI
1705,784,2,3148.32,1,2,2,1.6666666666666667,122,Lost,1574.16,784,Lost,High,Medium,1.6,Dormant,High,Low ROI
1706,380,5,7949.93,5,4,5,4.666666666666667,545,Champions,1589.986,380,High Value,None,Very High,4.6,Active,Low,Low ROI
1707,611,7,12559.7,2,5,5,4.0,255,At Risk,1794.242857142857,611,At Risk,Medium,Very High,3.8,Inactive,Urgent,Critical (Win-back)
1708,787,2,1278.9,1,2,1,1.3333333333333333,121,Lost,639.45,787,Lost,High,Medium,1.4,Dormant,High,Low ROI
1709,537,9,7253.81,2,5,4,3.6666666666666665,254,At Risk,805.978888888889,537,At Risk,Medium,Very High,3.6,Inactive,Urgent,Critical (Win-back)
1710,440,4,4971.96,4,4,3,3.6666666666666665,443,Loyal Customers,1242.99,440,High Value,None,High,3.8,Active,Low,Medium-High ROI
1712,468,4,4684.75,3,4,3,3.333333333333333,343,Potential Loyalists,1171.1875,468,Growth,None,High,3.4,Regular,Low,Medium-High ROI
1713,651,3,6857.85,1,3,4,2.6666666666666665,134,Cant Lose Them,2285.9500000000003,651,Lost,None,High,2.4,Inactive,Low,Low ROI
1714,391,3,2419.73,5,3,2,3.333333333333333,532,Potential Loyalists,806.5766666666667,391,Growth,None,Medium,3.6,Active,Low,Medium-High ROI
1715,521,2,7253.12,3,2,4,3.0,324,Need Attention,3626.56,521,Lost,None,Medium,2.8,Regular,Low,Low ROI
1716,376,3,10181.99,5,3,5,4.333333333333333,535,Loyal Customers,3393.9966666666664,376,High Value,None,High,4.2,Active,Low,Medium-High ROI
1717,427,6,8489.0,4,5,5,4.666666666666667,455,Champions,1414.8333333333333,427,High Value,None,Very High,4.6,Active,Low,High ROI
1718,855,2,1417.38,1,2,1,1.3333333333333333,121,Lost,708.6899999999999,855,Lost,High,Medium,1.4,Dormant,High,Low ROI
1719,497,2,1411.99,3,2,1,2.0,321,Need Attention,705.995,497,Lost,None,Medium,2.2,Regular,Low,Low ROI
1720,466,2,1090.82,3,2,1,2.0,321,Need Attention,545.41,466,Lost,None,Medium,2.2,Regular,Low,Low ROI
1721,587,3,3066.49,2,3,2,2.333333333333333,232,Cant Lose Them,1022.1633333333332,587,Lost,None,Medium,2.4,Inactive,Low,Low ROI
1722,377,6,10497.11,5,5,5,5.0,555,Champions,1749.5183333333334,377,High Value,None,Very High,5.0,Active,Low,High ROI
1723,573,4,4502.32,2,4,3,3.0,243,At Risk,1125.58,573,At Risk,Medium,High,3.0,Inactive,Urgent,Low ROI
1724,393,3,2650.85,5,3,2,3.333333333333333,532,Potential Loyalists,883.6166666666667,393,Growth,None,Medium,3.6,Active,Low,Medium-High ROI
1725,462,10,10427.26,4,5,5,4.666666666666667,455,Champions,1042.726,462,High Value,None,Very High,4.6,Active,Low,High ROI
1726,689,5,10152.63,1,4,5,3.333333333333333,145,At Risk,2030.5260000000003,689,At Risk,Medium,Very High,3.0,Inactive,Urgent,Critical (Win-back)
1727,522,6,7083.08,3,5,4,4.0,354,Potential Loyalists,1180.513333333333,522,Growth,None,Very High,4.0,Regular,Low,Medium-High ROI
1728,739,3,1715.67,1,3,1,1.6666666666666667,131,Cant Lose Them,571.89,739,Lost,None,Medium,1.8,Inactive,Low,Low ROI
1729,579,3,5779.77,2,3,4,3.0,234,Cant Lose Them,1926.59,579,Lost,None,High,2.8,Inactive,Low,Low ROI
1730,500,7,8834.43,3,5,5,4.333333333333333,355,Potential Loyalists,1262.061428571429,500,Growth,None,Very High,4.2,Regular,Low,Medium-High ROI
1731,751,2,1572.85,1,2,1,1.3333333333333333,121,Lost,786.425,751,Lost,High,Medium,1.4,Dormant,High,Low ROI
1732,697,3,7602.13,1,3,4,2.6666666666666665,134,Cant Lose Them,2534.043333333333,697,Lost,None,High,2.4,Inactive,Low,Low ROI
1733,384,4,9038.56,5,4,5,4.666666666666667,545,Champions,2259.64,384,High Value,None,Very High,4.6,Active,Low,High ROI
1734,923,1,873.4,1,1,1,1.0,111,Lost,873.4,923,Lost,High,Low,1.0,Dormant,High,Low ROI
1735,619,3,4909.92,2,3,3,2.6666666666666665,233,Cant Lose Them,1636.64,619,Lost,None,High,2.6,Inactive,Low,Low ROI
1736,1036,1,543.44,1,1,1,1.0,111,Lost,543.44,1036,Lost,High,Low,1.0,Dormant,High,Low ROI
1737,691,2,6289.15,1,2,4,2.333333333333333,124,Lost,3144.575,691,Lost,High,Medium,2.0,Dormant,High,Low ROI
1738,518,1,5732.71,3,1,4,2.6666666666666665,314,Need Attention,5732.71,518,Lost,None,Medium,2.4,Regular,Low,Low ROI
1739,557,5,7600.28,2,4,4,3.333333333333333,244,At Risk,1520.056,557,At Risk,Medium,Very High,3.2,Inactive,Urgent,Critical (Win-back)
1740,447,6,4831.47,4,5,3,4.0,453,Loyal Customers,805.245,447,High Value,None,High,4.2,Active,Low,Medium-High ROI
1741,432,4,4594.73,4,4,3,3.6666666666666665,443,Loyal Customers,1148.6825,432,High Value,None,High,3.8,Active,Low,Medium-High ROI
1742,479,7,4592.92,3,5,3,3.6666666666666665,353,Potential Loyalists,656.1314285714286,479,Growth,None,High,3.8,Regular,Low,Medium-High ROI
1743,476,4,6294.27,3,4,4,3.6666666666666665,344,Potential Loyalists,1573.5675,476,Growth,None,Very High,3.6,Regular,Low,Medium-High ROI
1744,631,5,12261.23,2,4,5,3.6666666666666665,245,At Risk,2452.246,631,At Risk,Medium,Very High,3.4,Inactive,Urgent,Critical (Win-back)
1746,445,3,6792.75,4,3,4,3.6666666666666665,434,Loyal Customers,2264.25,445,High Value,None,High,3.6,Active,Low,Medium-High ROI
1747,418,4,3657.56,4,4,3,3.6666666666666665,443,Loyal Customers,914.39,418,High Value,None,High,3.8,Active,Low,Medium-High ROI
1748,488,3,4305.95,3,3,3,3.0,333,Potential Loyalists,1435.3166666666666,488,Growth,None,High,3.0,Regular,Low,Medium-High ROI
1749,536,5,4875.2,2,4,3,3.0,243,At Risk,975.04,536,At Risk,Medium,High,3.0,Inactive,Urgent,Low ROI
1750,435,3,1236.21,4,3,1,2.6666666666666665,431,Potential Loyalists,412.07,435,Growth,None,Medium,3.0,Active,Low,Medium-High ROI
1751,599,3,1427.81,2,3,1,2.0,231,Cant Lose Them,475.93666666666667,599,Lost,None,Medium,2.2,Inactive,Low,Low ROI
1752,367,6,11773.04,5,5,5,5.0,555,Champions,1962.1733333333327,367,High Value,None,Very High,5.0,Active,Low,High ROI
1753,488,3,7272.94,3,3,4,3.333333333333333,334,Potential Loyalists,2424.313333333333,488,Growth,None,High,3.2,Regular,Low,Medium-High ROI
1754,528,3,8779.17,3,3,5,3.6666666666666665,335,Potential Loyalists,2926.39,528,Growth,None,High,3.4,Regular,Low,Medium-High ROI
1755,691,3,6939.32,1,3,4,2.6666666666666665,134,Cant Lose Them,2313.1066666666666,691,Lost,None,High,2.4,Inactive,Low,Low ROI
1756,397,7,8996.17,5,5,5,5.0,555,Champions,1285.1671428571428,397,High Value,None,Very High,5.0,Active,Low,High ROI
1757,538,3,3721.71,2,3,3,2.6666666666666665,233,Cant Lose Them,1240.57,538,Lost,None,High,2.6,Inactive,Low,Low ROI
1758,510,2,1308.32,3,2,1,2.0,321,Need Attention,654.16,510,Lost,None,Medium,2.2,Regular,Low,Low ROI
1759,576,6,9693.3,2,5,5,4.0,255,At Risk,1615.55,576,At Risk,Medium,Very High,3.8,Inactive,Urgent,Critical (Win-back)
1760,540,5,8083.3,2,4,5,3.6666666666666665,245,At Risk,1616.66,540,At Risk,Medium,Very High,3.4,Inactive,Urgent,Critical (Win-back)
1761,526,5,6284.96,3,4,4,3.6666666666666665,344,Potential Loyalists,1256.992,526,Growth,None,Very High,3.6,Regular,Low,Medium-High ROI
1762,732,3,2582.25,1,3,2,2.0,132,Cant Lose Them,860.75,732,Lost,None,Medium,2.0,Inactive,Low,Low ROI
1763,439,6,9070.32,4,5,5,4.666666666666667,455,Champions,1511.72,439,High Value,None,Very High,4.6,Active,Low,High ROI
1764,671,1,521.96,1,1,1,1.0,111,Lost,521.96,671,Lost,High,Low,1.0,Dormant,High,Low ROI
1765,520,3,7381.96,3,3,4,3.333333333333333,334,Potential Loyalists,2460.653333333333,520,Growth,None,High,3.2,Regular,Low,Medium-High ROI
1766,617,2,2233.23,2,2,2,2.0,222,Need Attention,1116.615,617,Lost,None,Medium,2.0,Dormant,Low,Low ROI
1767,985,2,1817.56,1,2,1,1.3333333333333333,121,Lost,908.78,985,Lost,High,Medium,1.4,Dormant,High,Low ROI
1769,660,4,6278.1,1,4,4,3.0,144,At Risk,1569.525,660,At Risk,Medium,Very High,2.8,Inactive,Urgent,Critical (Win-back)
1770,453,7,8520.64,4,5,5,4.666666666666667,455,Champions,1217.2342857142855,453,High Value,None,Very High,4.6,Active,Low,High ROI
1771,920,1,4808.41,1,1,3,1.6666666666666667,113,Lost,4808.41,920,Lost,High,Medium,1.4,Dormant,High,Low ROI
1772,437,7,5407.68,4,5,4,4.333333333333333,454,Champions,772.5257142857143,437,High Value,None,Very High,4.4,Active,Low,Low ROI
1773,416,4,4165.46,4,4,3,3.6666666666666665,443,Loyal Customers,1041.365,416,High Value,None,High,3.8,Active,Low,Medium-High ROI
1774,732,1,1051.1,1,1,1,1.0,111,Lost,1051.1,732,Lost,High,Low,1.0,Dormant,High,Low ROI
1775,636,7,9560.03,2,5,5,4.0,255,At Risk,1365.7185714285715,636,At Risk,Medium,Very High,3.8,Inactive,Urgent,Critical (Win-back)
1776,765,5,5381.04,1,4,4,3.0,144,At Risk,1076.208,765,At Risk,Medium,Very High,2.8,Inactive,Urgent,Critical (Win-back)
1777,514,4,6705.98,3,4,4,3.6666666666666665,344,Potential Loyalists,1676.495,514,Growth,None,Very High,3.6,Regular,Low,Medium-High ROI
1778,631,7,7603.61,2,5,4,3.6666666666666665,254,At Risk,1086.23,631,At Risk,Medium,Very High,3.6,Inactive,Urgent,Critical (Win-back)
1779,399,2,2540.17,5,2,2,3.0,522,Recent Customers,1270.085,399,Growth,Low,Medium,3.2,New,Medium,Growth Potential
1780,426,3,2604.21,4,3,2,3.0,432,Potential Loyalists,868.07,426,Growth,None,Medium,3.2,Active,Low,Medium-High ROI
1781,507,6,7824.26,3,5,5,4.333333333333333,355,Potential Loyalists,1304.0433333333333,507,Growth,None,Very High,4.2,Regular,Low,Medium-High ROI
1782,524,3,2097.15,3,3,2,2.6666666666666665,332,Potential Loyalists,699.0500000000001,524,Growth,None,Medium,2.8,Regular,Low,Medium-High ROI
1783,472,7,6036.74,3,5,4,4.0,354,Potential Loyalists,862.3914285714285,472,Growth,None,Very High,4.0,Regular,Low,Medium-High ROI
1784,533,3,3772.58,2,3,3,2.6666666666666665,233,Cant Lose Them,1257.5266666666666,533,Lost,None,High,2.6,Inactive,Low,Low ROI
1785,1046,1,767.67,1,1,1,1.0,111,Lost,767.67,1046,Lost,High,Low,1.0,Dormant,High,Low ROI
1786,526,3,6057.1,3,3,4,3.333333333333333,334,Potential Loyalists,2019.0333333333333,526,Growth,None,High,3.2,Regular,Low,Medium-High ROI
1787,458,7,6175.01,4,5,4,4.333333333333333,454,Champions,882.1442857142857,458,High Value,None,Very High,4.4,Active,Low,Low ROI
1788,376,3,2496.15,5,3,2,3.333333333333333,532,Potential Loyalists,832.0500000000001,376,Growth,None,Medium,3.6,Active,Low,Medium-High ROI
1789,647,4,2281.5,2,4,2,2.6666666666666665,242,At Risk,570.375,647,At Risk,Medium,Medium,2.8,Inactive,Urgent,Low ROI
1790,654,4,3623.43,1,4,3,2.6666666666666665,143,At Risk,905.8575,654,At Risk,Medium,High,2.6,Inactive,Urgent,Low ROI
1791,672,2,6532.27,1,2,4,2.333333333333333,124,Lost,3266.135,672,Lost,High,Medium,2.0,Dormant,High,Low ROI
1792,412,6,7075.8,4,5,4,4.333333333333333,454,Champions,1179.3,412,High Value,None,Very High,4.4,Active,Low,Low ROI
1794,387,4,2563.13,5,4,2,3.6666666666666665,542,Potential Loyalists,640.7825,387,Growth,None,Medium,4.0,Active,Low,Medium-High ROI
1795,436,6,3428.68,4,5,3,4.0,453,Loyal Customers,571.4466666666666,436,High Value,None,High,4.2,Active,Low,Medium-High ROI
1796,420,5,3503.88,4,4,3,3.6666666666666665,443,Loyal Customers,700.7760000000001,420,High Value,None,High,3.8,Active,Low,Medium-High ROI
1797,456,1,506.62,4,1,1,2.0,411,Recent Customers,506.62,456,Growth,Low,Low,2.2,New,Medium,Growth Potential
1798,477,5,9226.67,3,4,5,4.0,345,Potential Loyalists,1845.334,477,Growth,None,Very High,3.8,Regular,Low,Medium-High ROI
1799,502,6,5721.59,3,5,4,4.0,354,Potential Loyalists,953.5983333333334,502,Growth,None,Very High,4.0,Regular,Low,Medium-High ROI
1800,413,5,7574.889999999999,4,4,4,4.0,444,Champions,1514.9779999999998,413,High Value,None,Very High,4.0,Active,Low,Low ROI
1801,521,4,8624.39,3,4,5,4.0,345,Potential Loyalists,2156.0975,521,Growth,None,Very High,3.8,Regular,Low,Medium-High ROI
1802,498,8,5589.33,3,5,4,4.0,354,Potential Loyalists,698.66625,498,Growth,None,Very High,4.0,Regular,Low,Medium-High ROI
1803,391,2,2524.75,5,2,2,3.0,522,Recent Customers,1262.375,391,Growth,Low,Medium,3.2,New,Medium,Growth Potential
1804,755,3,1483.09,1,3,1,1.6666666666666667,131,Cant Lose Them,494.3633333333334,755,Lost,None,Medium,1.8,Inactive,Low,Low ROI
1805,510,6,5525.85,3,5,4,4.0,354,Potential Loyalists,920.975,510,Growth,None,Very High,4.0,Regular,Low,Medium-High ROI
1806,686,4,4139.76,1,4,3,2.6666666666666665,143,At Risk,1034.94,686,At Risk,Medium,High,2.6,Inactive,Urgent,Low ROI
1807,491,7,6941.13,3,5,4,4.0,354,Potential Loyalists,991.59,491,Growth,None,Very High,4.0,Regular,Low,Medium-High ROI
1808,454,7,6638.16,4,5,4,4.333333333333333,454,Champions,948.3085714285714,454,High Value,None,Very High,4.4,Active,Low,Low ROI
1809,567,5,3280.8,2,4,2,2.6666666666666665,242,At Risk,656.1600000000001,567,At Risk,Medium,Medium,2.8,Inactive,Urgent,Low ROI
1810,1002,2,2986.57,1,2,2,1.6666666666666667,122,Lost,1493.285,1002,Lost,High,Medium,1.6,Dormant,High,Low ROI
1811,698,2,1170.84,1,2,1,1.3333333333333333,121,Lost,585.42,698,Lost,High,Medium,1.4,Dormant,High,Low ROI
1812,758,3,2332.8,1,3,2,2.0,132,Cant Lose Them,777.6,758,Lost,None,Medium,2.0,Inactive,Low,Low ROI
1813,612,3,2663.57,2,3,2,2.333333333333333,232,Cant Lose Them,887.8566666666666,612,Lost,None,Medium,2.4,Inactive,Low,Low ROI
1814,386,2,1060.67,5,2,1,2.6666666666666665,521,Recent Customers,530.335,386,Growth,Low,Medium,3.0,New,Medium,Growth Potential
1815,495,7,5755.27,3,5,4,4.0,354,Potential Loyalists,822.1814285714285,495,Growth,None,Very High,4.0,Regular,Low,Medium-High ROI
1816,758,2,5936.93,1,2,4,2.333333333333333,124,Lost,2968.465,758,Lost,High,Medium,2.0,Dormant,High,Low ROI
1817,538,4,3244.36,2,4,2,2.6666666666666665,242,At Risk,811.09,538,At Risk,Medium,Medium,2.8,Inactive,Urgent,Low ROI
1818,434,7,7441.110000000001,4,5,4,4.333333333333333,454,Champions,1063.0157142857145,434,High Value,None,Very High,4.4,Active,Low,Low ROI
1819,544,2,2440.8500000000004,2,2,2,2.0,222,Need Attention,1220.4250000000002,544,Lost,None,Medium,2.0,Dormant,Low,Low ROI
1820,451,2,2375.0,4,2,2,2.6666666666666665,422,Recent Customers,1187.5,451,Growth,Low,Medium,2.8,New,Medium,Growth Potential
1821,447,3,2273.92,4,3,2,3.0,432,Potential Loyalists,757.9733333333334,447,Growth,None,Medium,3.2,Active,Low,Medium-High ROI
1822,577,5,7748.18,2,4,4,3.333333333333333,244,At Risk,1549.636,577,At Risk,Medium,Very High,3.2,Inactive,Urgent,Critical (Win-back)
1823,392,5,4837.71,5,4,3,4.0,543,Loyal Customers,967.542,392,High Value,None,High,4.2,Active,Low,Medium-High ROI
1824,369,5,7030.379999999999,5,4,4,4.333333333333333,544,Champions,1406.0759999999998,369,High Value,None,Very High,4.4,Active,Low,Low ROI
1826,481,4,2169.37,3,4,2,3.0,342,Potential Loyalists,542.3425,481,Growth,None,Medium,3.2,Regular,Low,Medium-High ROI
1827,369,6,6979.36,5,5,4,4.666666666666667,554,Champions,1163.2266666666667,369,High Value,None,Very High,4.8,Active,Low,Low ROI
1828,658,3,2022.5,1,3,2,2.0,132,Cant Lose Them,674.1666666666667,658,Lost,None,Medium,2.0,Inactive,Low,Low ROI
1829,886,2,821.84,1,2,1,1.3333333333333333,121,Lost,410.92,886,Lost,High,Medium,1.4,Dormant,High,Low ROI
1830,416,6,3837.93,4,5,3,4.0,453,Loyal Customers,639.6550000000001,416,High Value,None,High,4.2,Active,Low,Medium-High ROI
1831,450,5,5624.69,4,4,4,4.0,444,Champions,1124.938,450,High Value,None,Very High,4.0,Active,Low,Low ROI
1832,803,1,419.39,1,1,1,1.0,111,Lost,419.39,803,Lost,High,Low,1.0,Dormant,High,Low ROI
1833,478,4,5296.650000000001,3,4,4,3.6666666666666665,344,Potential Loyalists,1324.1625,478,Growth,None,Very High,3.6,Regular,Low,Medium-High ROI
1834,803,2,2693.34,1,2,2,1.6666666666666667,122,Lost,1346.67,803,Lost,High,Medium,1.6,Dormant,High,Low ROI
1835,387,4,8155.96,5,4,5,4.666666666666667,545,Champions,2038.99,387,High Value,None,Very High,4.6,Active,Low,High ROI
1836,611,4,3561.45,2,4,3,3.0,243,At Risk,890.3625,611,At Risk,Medium,High,3.0,Inactive,Urgent,Low ROI
1837,530,7,6074.87,2,5,4,3.6666666666666665,254,At Risk,867.8385714285714,530,At Risk,Medium,Very High,3.6,Inactive,Urgent,Critical (Win-back)
1838,561,3,3346.38,2,3,3,2.6666666666666665,233,Cant Lose Them,1115.46,561,Lost,None,High,2.6,Inactive,Low,Low ROI
1839,489,7,5635.49,3,5,4,4.0,354,Potential Loyalists,805.0699999999999,489,Growth,None,Very High,4.0,Regular,Low,Medium-High ROI
1840,684,4,5611.15,1,4,4,3.0,144,At Risk,1402.7875,684,At Risk,Medium,Very High,2.8,Inactive,Urgent,Critical (Win-back)
1841,371,3,2467.4700000000003,5,3,2,3.333333333333333,532,Potential Loyalists,822.4900000000001,371,Growth,None,Medium,3.6,Active,Low,Medium-High ROI
1842,379,1,420.27,5,1,1,2.333333333333333,511,Recent Customers,420.27,379,Growth,Low,Low,2.6,New,Medium,Growth Potential
1843,713,5,12894.98,1,4,5,3.333333333333333,145,At Risk,2578.996,713,At Risk,Medium,Very High,3.0,Inactive,Urgent,Critical (Win-back)
1844,474,6,15375.45,3,5,5,4.333333333333333,355,Potential Loyalists,2562.5750000000003,474,Growth,None,Very High,4.2,Regular,Low,Medium-High ROI
1845,496,4,8522.43,3,4,5,4.0,345,Potential Loyalists,2130.6075,496,Growth,None,Very High,3.8,Regular,Low,Medium-High ROI
1846,465,8,10695.56,3,5,5,4.333333333333333,355,Potential Loyalists,1336.945,465,Growth,None,Very High,4.2,Regular,Low,Medium-High ROI
1847,556,8,9748.54,2,5,5,4.0,255,At Risk,1218.5675,556,At Risk,Medium,Very High,3.8,Inactive,Urgent,Critical (Win-back)
1848,566,2,1242.94,2,2,1,1.6666666666666667,221,Need Attention,621.47,566,Lost,None,Medium,1.8,Dormant,Low,Low ROI
1849,829,4,2231.86,1,4,2,2.333333333333333,142,At Risk,557.965,829,At Risk,Medium,Medium,2.4,Inactive,Urgent,Low ROI
1850,713,6,6970.14,1,5,4,3.333333333333333,154,At Risk,1161.69,713,At Risk,Medium,Very High,3.2,Inactive,Urgent,Critical (Win-back)
1851,629,4,2510.13,2,4,2,2.6666666666666665,242,At Risk,627.5325,629,At Risk,Medium,Medium,2.8,Inactive,Urgent,Low ROI
1852,605,4,7398.52,2,4,4,3.333333333333333,244,At Risk,1849.63,605,At Risk,Medium,Very High,3.2,Inactive,Urgent,Critical (Win-back)
1853,562,3,2378.36,2,3,2,2.333333333333333,232,Cant Lose Them,792.7866666666667,562,Lost,None,Medium,2.4,Inactive,Low,Low ROI
1854,553,6,3831.16,2,5,3,3.333333333333333,253,At Risk,638.5266666666668,553,At Risk,Medium,High,3.4,Inactive,Urgent,Low ROI
1855,399,3,1980.85,5,3,1,3.0,531,Potential Loyalists,660.2833333333333,399,Growth,None,Medium,3.4,Active,Low,Medium-High ROI
1856,851,2,1650.19,1,2,1,1.3333333333333333,121,Lost,825.095,851,Lost,High,Medium,1.4,Dormant,High,Low ROI
1857,484,3,3829.55,3,3,3,3.0,333,Potential Loyalists,1276.5166666666669,484,Growth,None,High,3.0,Regular,Low,Medium-High ROI
1858,463,7,4540.2,3,5,3,3.6666666666666665,353,Potential Loyalists,648.6,463,Growth,None,High,3.8,Regular,Low,Medium-High ROI
1859,530,3,2519.4700000000003,2,3,2,2.333333333333333,232,Cant Lose Them,839.8233333333334,530,Lost,None,Medium,2.4,Inactive,Low,Low ROI
1860,434,3,1327.06,4,3,1,2.6666666666666665,431,Potential Loyalists,442.3533333333333,434,Growth,None,Medium,3.0,Active,Low,Medium-High ROI
1861,831,2,1519.5700000000002,1,2,1,1.3333333333333333,121,Lost,759.7850000000001,831,Lost,High,Medium,1.4,Dormant,High,Low ROI
1862,535,4,7331.55,2,4,4,3.333333333333333,244,At Risk,1832.8875,535,At Risk,Medium,Very High,3.2,Inactive,Urgent,Critical (Win-back)
1863,540,7,13030.62,2,5,5,4.0,255,At Risk,1861.517142857143,540,At Risk,Medium,Very High,3.8,Inactive,Urgent,Critical (Win-back)
1864,707,4,2354.22,1,4,2,2.333333333333333,142,At Risk,588.555,707,At Risk,Medium,Medium,2.4,Inactive,Urgent,Low ROI
1865,510,4,7353.27,3,4,4,3.6666666666666665,344,Potential Loyalists,1838.3175,510,Growth,None,Very High,3.6,Regular,Low,Medium-High ROI
1866,572,4,3876.47,2,4,3,3.0,243,At Risk,969.1175,572,At Risk,Medium,High,3.0,Inactive,Urgent,Low ROI
1867,573,5,6086.6,2,4,4,3.333333333333333,244,At Risk,1217.3200000000002,573,At Risk,Medium,Very High,3.2,Inactive,Urgent,Critical (Win-back)
1868,555,4,2915.67,2,4,2,2.6666666666666665,242,At Risk,728.9175,555,At Risk,Medium,Medium,2.8,Inactive,Urgent,Low ROI
1869,458,7,16204.51,4,5,5,4.666666666666667,455,Champions,2314.93,458,High Value,None,Very High,4.6,Active,Low,High ROI
1870,589,5,5671.13,2,4,4,3.333333333333333,244,At Risk,1134.226,589,At Risk,Medium,Very High,3.2,Inactive,Urgent,Critical (Win-back)
1871,876,1,1647.88,1,1,1,1.0,111,Lost,1647.88,876,Lost,High,Low,1.0,Dormant,High,Low ROI
1872,474,5,6621.280000000001,3,4,4,3.6666666666666665,344,Potential Loyalists,1324.256,474,Growth,None,Very High,3.6,Regular,Low,Medium-High ROI
1873,476,4,4252.33,3,4,3,3.333333333333333,343,Potential Loyalists,1063.0825,476,Growth,None,High,3.4,Regular,Low,Medium-High ROI
1874,543,8,9232.92,2,5,5,4.0,255,At Risk,1154.115,543,At Risk,Medium,Very High,3.8,Inactive,Urgent,Critical (Win-back)
1875,572,4,1993.99,2,4,1,2.333333333333333,241,At Risk,498.4975,572,At Risk,Medium,Medium,2.6,Inactive,Urgent,Low ROI
1876,451,5,4307.14,4,4,3,3.6666666666666665,443,Loyal Customers,861.4280000000001,451,High Value,None,High,3.8,Active,Low,Medium-High ROI
1877,783,1,270.28,1,1,1,1.0,111,Lost,270.28,783,Lost,High,Low,1.0,Dormant,High,Low ROI
1878,613,5,5429.610000000001,2,4,4,3.333333333333333,244,At Risk,1085.922,613,At Risk,Medium,Very High,3.2,Inactive,Urgent,Critical (Win-back)
1879,369,3,1787.53,5,3,1,3.0,531,Potential Loyalists,595.8433333333334,369,Growth,None,Medium,3.4,Active,Low,Medium-High ROI
1880,480,1,1424.61,3,1,1,1.6666666666666667,311,Need Attention,1424.61,480,Lost,None,Low,1.8,Regular,Low,Low ROI
1881,403,3,6836.56,5,3,4,4.0,534,Loyal Customers,2278.853333333333,403,High Value,None,High,4.0,Active,Low,Medium-High ROI
1882,448,2,2567.2200000000003,4,2,2,2.6666666666666665,422,Recent Customers,1283.61,448,Growth,Low,Medium,2.8,New,Medium,Growth Potential
1883,811,1,576.42,1,1,1,1.0,111,Lost,576.42,811,Lost,High,Low,1.0,Dormant,High,Low ROI
1884,875,2,2129.38,1,2,2,1.6666666666666667,122,Lost,1064.69,875,Lost,High,Medium,1.6,Dormant,High,Low ROI
1885,545,7,12276.8,2,5,5,4.0,255,At Risk,1753.8285714285714,545,At Risk,Medium,Very High,3.8,Inactive,Urgent,Critical (Win-back)
1886,806,2,2883.7,1,2,2,1.6666666666666667,122,Lost,1441.85,806,Lost,High,Medium,1.6,Dormant,High,Low ROI
1887,931,2,783.01,1,2,1,1.3333333333333333,121,Lost,391.505,931,Lost,High,Medium,1.4,Dormant,High,Low ROI
1888,707,4,3981.9,1,4,3,2.6666666666666665,143,At Risk,995.475,707,At Risk,Medium,High,2.6,Inactive,Urgent,Low ROI
1889,420,6,3008.17,4,5,2,3.6666666666666665,452,Potential Loyalists,501.3616666666667,420,Growth,None,Medium,4.0,Active,Low,Medium-High ROI
1890,445,4,8632.46,4,4,5,4.333333333333333,445,Champions,2158.115,445,High Value,None,Very High,4.2,Active,Low,High ROI
1891,848,1,1908.9,1,1,1,1.0,111,Lost,1908.9,848,Lost,High,Low,1.0,Dormant,High,Low ROI
1892,399,3,7258.74,5,3,4,4.0,534,Loyal Customers,2419.58,399,High Value,None,High,4.0,Active,Low,Medium-High ROI
1893,389,6,5620.52,5,5,4,4.666666666666667,554,Champions,936.7533333333334,389,High Value,None,Very High,4.8,Active,Low,Low ROI
1894,1079,1,379.15,1,1,1,1.0,111,Lost,379.15,1079,Lost,High,Low,1.0,Dormant,High,Low ROI
1895,518,3,2429.36,3,3,2,2.6666666666666665,332,Potential Loyalists,809.7866666666667,518,Growth,None,Medium,2.8,Regular,Low,Medium-High ROI
1896,400,3,2857.83,5,3,2,3.333333333333333,532,Potential Loyalists,952.61,400,Growth,None,Medium,3.6,Active,Low,Medium-High ROI
1897,916,4,7787.96,1,4,5,3.333333333333333,145,At Risk,1946.99,916,At Risk,Medium,Very High,3.0,Inactive,Urgent,Critical (Win-back)
1898,616,3,5047.09,2,3,3,2.6666666666666665,233,Cant Lose Them,1682.3633333333337,616,Lost,None,High,2.6,Inactive,Low,Low ROI
1899,566,3,6188.49,2,3,4,3.0,234,Cant Lose Them,2062.83,566,Lost,None,High,2.8,Inactive,Low,Low ROI
1900,504,4,6571.36,3,4,4,3.6666666666666665,344,Potential Loyalists,1642.84,504,Growth,None,Very High,3.6,Regular,Low,Medium-High ROI
1901,496,8,9493.39,3,5,5,4.333333333333333,355,Potential Loyalists,1186.67375,496,Growth,None,Very High,4.2,Regular,Low,Medium-High ROI
1902,780,3,2109.7200000000003,1,3,2,2.0,132,Cant Lose Them,703.2400000000001,780,Lost,None,Medium,2.0,Inactive,Low,Low ROI
1903,381,7,4489.03,5,5,3,4.333333333333333,553,Loyal Customers,641.29,381,High Value,None,High,4.6,Active,Low,Medium-High ROI
1904,367,4,2603.97,5,4,2,3.6666666666666665,542,Potential Loyalists,650.9925,367,Growth,None,Medium,4.0,Active,Low,Medium-High ROI
1905,508,4,3062.86,3,4,2,3.0,342,Potential Loyalists,765.715,508,Growth,None,Medium,3.2,Regular,Low,Medium-High ROI
1906,653,2,6862.05,1,2,4,2.333333333333333,124,Lost,3431.025,653,Lost,High,Medium,2.0,Dormant,High,Low ROI
1907,438,6,3749.02,4,5,3,4.0,453,Loyal Customers,624.8366666666667,438,High Value,None,High,4.2,Active,Low,Medium-High ROI
1908,730,3,2933.4300000000003,1,3,2,2.0,132,Cant Lose Them,977.81,730,Lost,None,Medium,2.0,Inactive,Low,Low ROI
1909,406,3,1832.0,5,3,1,3.0,531,Potential Loyalists,610.6666666666666,406,Growth,None,Medium,3.4,Active,Low,Medium-High ROI
1910,815,3,6349.06,1,3,4,2.6666666666666665,134,Cant Lose Them,2116.353333333333,815,Lost,None,High,2.4,Inactive,Low,Low ROI
1911,408,5,2377.49,5,4,2,3.6666666666666665,542,Potential Loyalists,475.49799999999993,408,Growth,None,Medium,4.0,Active,Low,Medium-High ROI
1912,673,5,8039.19,1,4,5,3.333333333333333,145,At Risk,1607.8380000000002,673,At Risk,Medium,Very High,3.0,Inactive,Urgent,Critical (Win-back)
1913,405,1,597.94,5,1,1,2.333333333333333,511,Recent Customers,597.94,405,Growth,Low,Low,2.6,New,Medium,Growth Potential
1914,487,7,3298.4700000000003,3,5,2,3.333333333333333,352,Potential Loyalists,471.21,487,Growth,None,Medium,3.6,Regular,Low,Medium-High ROI
1915,408,7,11337.93,5,5,5,5.0,555,Champions,1619.7042857142858,408,High Value,None,Very High,5.0,Active,Low,High ROI
1916,402,4,7442.11,5,4,4,4.333333333333333,544,Champions,1860.5275,402,High Value,None,Very High,4.4,Active,Low,Low ROI
1917,638,3,6934.12,2,3,4,3.0,234,Cant Lose Them,2311.373333333333,638,Lost,None,High,2.8,Inactive,Low,Low ROI
1918,463,2,4994.31,3,2,3,2.6666666666666665,323,Need Attention,2497.155,463,Lost,None,Medium,2.6,Regular,Low,Low ROI
1919,637,3,2505.76,2,3,2,2.333333333333333,232,Cant Lose Them,835.2533333333334,637,Lost,None,Medium,2.4,Inactive,Low,Low ROI
1920,453,10,11240.04,4,5,5,4.666666666666667,455,Champions,1124.004,453,High Value,None,Very High,4.6,Active,Low,High ROI
1921,979,1,380.55,1,1,1,1.0,111,Lost,380.55,979,Lost,High,Low,1.0,Dormant,High,Low ROI
1922,548,2,1304.7600000000002,2,2,1,1.6666666666666667,221,Need Attention,652.3800000000001,548,Lost,None,Medium,1.8,Dormant,Low,Low ROI
1923,537,2,1848.57,2,2,1,1.6666666666666667,221,Need Attention,924.285,537,Lost,None,Medium,1.8,Dormant,Low,Low ROI
1924,454,7,5785.4400000000005,4,5,4,4.333333333333333,454,Champions,826.4914285714286,454,High Value,None,Very High,4.4,Active,Low,Low ROI
1925,375,2,1613.58,5,2,1,2.6666666666666665,521,Recent Customers,806.79,375,Growth,Low,Medium,3.0,New,Medium,Growth Potential
1928,566,5,7587.73,2,4,4,3.333333333333333,244,At Risk,1517.5459999999998,566,At Risk,Medium,Very High,3.2,Inactive,Urgent,Critical (Win-back)
1929,960,2,1119.62,1,2,1,1.3333333333333333,121,Lost,559.81,960,Lost,High,Medium,1.4,Dormant,High,Low ROI
1930,407,9,5167.71,5,5,4,4.666666666666667,554,Champions,574.19,407,High Value,None,Very High,4.8,Active,Low,Low ROI
1931,687,4,2760.28,1,4,2,2.333333333333333,142,At Risk,690.07,687,At Risk,Medium,Medium,2.4,Inactive,Urgent,Low ROI
1932,406,5,9108.96,5,4,5,4.666666666666667,545,Champions,1821.792,406,High Value,None,Very High,4.6,Active,Low,High ROI
1933,425,7,12406.84,4,5,5,4.666666666666667,455,Champions,1772.4057142857143,425,High Value,None,Very High,4.6,Active,Low,High ROI
1934,575,3,5465.07,2,3,4,3.0,234,Cant Lose Them,1821.69,575,Lost,None,High,2.8,Inactive,Low,Low ROI
1935,450,6,15253.6,4,5,5,4.666666666666667,455,Champions,2542.2666666666664,450,High Value,None,Very High,4.6,Active,Low,High ROI
1936,549,4,6987.9800000000005,2,4,4,3.333333333333333,244,At Risk,1746.995,549,At Risk,Medium,Very High,3.2,Inactive,Urgent,Critical (Win-back)
1937,417,4,2739.53,4,4,2,3.333333333333333,442,Potential Loyalists,684.8824999999999,417,Growth,None,Medium,3.6,Active,Low,Medium-High ROI
1938,437,8,8504.41,4,5,5,4.666666666666667,455,Champions,1063.05125,437,High Value,None,Very High,4.6,Active,Low,High ROI
1939,693,3,2246.6,1,3,2,2.0,132,Cant Lose Them,748.8666666666667,693,Lost,None,Medium,2.0,Inactive,Low,Low ROI
1940,501,6,5122.54,3,5,3,3.6666666666666665,353,Potential Loyalists,853.7566666666667,501,Growth,None,High,3.8,Regular,Low,Medium-High ROI
1941,695,6,10664.16,1,5,5,3.6666666666666665,155,At Risk,1777.36,695,At Risk,Medium,Very High,3.4,Inactive,Urgent,Critical (Win-back)
1942,476,5,7794.559999999999,3,4,5,4.0,345,Potential Loyalists,1558.9119999999998,476,Growth,None,Very High,3.8,Regular,Low,Medium-High ROI
1943,977,2,1533.8200000000002,1,2,1,1.3333333333333333,121,Lost,766.9100000000001,977,Lost,High,Medium,1.4,Dormant,High,Low ROI
1944,400,3,1395.59,5,3,1,3.0,531,Potential Loyalists,465.19666666666666,400,Growth,None,Medium,3.4,Active,Low,Medium-High ROI
1945,578,4,4937.639999999999,2,4,3,3.0,243,At Risk,1234.41,578,At Risk,Medium,High,3.0,Inactive,Urgent,Low ROI
1946,383,2,6777.08,5,2,4,3.6666666666666665,524,Recent Customers,3388.54,383,Growth,Low,Medium,3.6,New,Medium,Growth Potential
1947,530,5,2363.91,2,4,2,2.6666666666666665,242,At Risk,472.782,530,At Risk,Medium,Medium,2.8,Inactive,Urgent,Low ROI
1948,377,4,3475.62,5,4,3,4.0,543,Loyal Customers,868.905,377,High Value,None,High,4.2,Active,Low,Medium-High ROI
1949,367,3,2560.64,5,3,2,3.333333333333333,532,Potential Loyalists,853.5466666666666,367,Growth,None,Medium,3.6,Active,Low,Medium-High ROI
1950,398,5,9910.71,5,4,5,4.666666666666667,545,Champions,1982.142,398,High Value,None,Very High,4.6,Active,Low,High ROI
1951,392,1,963.71,5,1,1,2.333333333333333,511,Recent Customers,963.71,392,Growth,Low,Low,2.6,New,Medium,Growth Potential
1952,854,4,8362.2,1,4,5,3.333333333333333,145,At Risk,2090.55,854,At Risk,Medium,Very High,3.0,Inactive,Urgent,Critical (Win-back)
1953,491,5,16366.9,3,4,5,4.0,345,Potential Loyalists,3273.38,491,Growth,None,Very High,3.8,Regular,Low,Medium-High ROI
1954,511,5,4559.98,3,4,3,3.333333333333333,343,Potential Loyalists,911.996,511,Growth,None,High,3.4,Regular,Low,Medium-High ROI
1955,466,3,9265.32,3,3,5,3.6666666666666665,335,Potential Loyalists,3088.44,466,Growth,None,High,3.4,Regular,Low,Medium-High ROI
1956,524,3,6235.27,3,3,4,3.333333333333333,334,Potential Loyalists,2078.4233333333336,524,Growth,None,High,3.2,Regular,Low,Medium-High ROI
1957,409,6,8111.119999999999,4,5,5,4.666666666666667,455,Champions,1351.8533333333332,409,High Value,None,Very High,4.6,Active,Low,High ROI
1958,543,6,7168.02,2,5,4,3.6666666666666665,254,At Risk,1194.67,543,At Risk,Medium,Very High,3.6,Inactive,Urgent,Critical (Win-back)
1959,405,6,9009.79,5,5,5,5.0,555,Champions,1501.631666666667,405,High Value,None,Very High,5.0,Active,Low,High ROI
1960,518,5,3467.35,3,4,3,3.333333333333333,343,Potential Loyalists,693.47,518,Growth,None,High,3.4,Regular,Low,Medium-High ROI
1961,530,3,6767.74,2,3,4,3.0,234,Cant Lose Them,2255.9133333333334,530,Lost,None,High,2.8,Inactive,Low,Low ROI
1962,579,4,4072.07,2,4,3,3.0,243,At Risk,1018.0175,579,At Risk,Medium,High,3.0,Inactive,Urgent,Low ROI
1963,533,4,7943.389999999999,2,4,5,3.6666666666666665,245,At Risk,1985.8475,533,At Risk,Medium,Very High,3.4,Inactive,Urgent,Critical (Win-back)
1964,614,4,12498.33,2,4,5,3.6666666666666665,245,At Risk,3124.5825,614,At Risk,Medium,Very High,3.4,Inactive,Urgent,Critical (Win-back)
1965,368,5,4673.89,5,4,3,4.0,543,Loyal Customers,934.778,368,High Value,None,High,4.2,Active,Low,Medium-High ROI
1967,433,8,11923.51,4,5,5,4.666666666666667,455,Champions,1490.43875,433,High Value,None,Very High,4.6,Active,Low,High ROI
1968,375,6,8347.42,5,5,5,5.0,555,Champions,1391.236666666667,375,High Value,None,Very High,5.0,Active,Low,High ROI
1969,786,5,5428.01,1,4,4,3.0,144,At Risk,1085.602,786,At Risk,Medium,Very High,2.8,Inactive,Urgent,Critical (Win-back)
1970,576,3,1561.9,2,3,1,2.0,231,Cant Lose Them,520.6333333333333,576,Lost,None,Medium,2.2,Inactive,Low,Low ROI
1971,417,8,13161.38,4,5,5,4.666666666666667,455,Champions,1645.1725,417,High Value,None,Very High,4.6,Active,Low,High ROI
1972,614,2,9519.6,2,2,5,3.0,225,Need Attention,4759.8,614,Lost,None,Medium,2.6,Dormant,Low,Low ROI
1973,426,3,1857.13,4,3,1,2.6666666666666665,431,Potential Loyalists,619.0433333333333,426,Growth,None,Medium,3.0,Active,Low,Medium-High ROI
1974,581,3,5033.76,2,3,3,2.6666666666666665,233,Cant Lose Them,1677.92,581,Lost,None,High,2.6,Inactive,Low,Low ROI
1975,651,6,5280.75,1,5,4,3.333333333333333,154,At Risk,880.125,651,At Risk,Medium,Very High,3.2,Inactive,Urgent,Critical (Win-back)
1976,473,3,3451.17,3,3,3,3.0,333,Potential Loyalists,1150.39,473,Growth,None,High,3.0,Regular,Low,Medium-High ROI
1977,808,1,522.46,1,1,1,1.0,111,Lost,522.46,808,Lost,High,Low,1.0,Dormant,High,Low ROI
1978,577,3,2437.19,2,3,2,2.333333333333333,232,Cant Lose Them,812.3966666666666,577,Lost,None,Medium,2.4,Inactive,Low,Low ROI
1979,464,3,4636.49,3,3,3,3.0,333,Potential Loyalists,1545.496666666667,464,Growth,None,High,3.0,Regular,Low,Medium-High ROI
1980,382,4,2317.13,5,4,2,3.6666666666666665,542,Potential Loyalists,579.2825,382,Growth,None,Medium,4.0,Active,Low,Medium-High ROI
1981,375,4,1712.91,5,4,1,3.333333333333333,541,Potential Loyalists,428.2275,375,Growth,None,Medium,3.8,Active,Low,Medium-High ROI
1982,631,5,2495.9700000000003,2,4,2,2.6666666666666665,242,At Risk,499.1940000000001,631,At Risk,Medium,Medium,2.8,Inactive,Urgent,Low ROI
1983,791,4,2515.31,1,4,2,2.333333333333333,142,At Risk,628.8275,791,At Risk,Medium,Medium,2.4,Inactive,Urgent,Low ROI
1984,932,1,480.84,1,1,1,1.0,111,Lost,480.84,932,Lost,High,Low,1.0,Dormant,High,Low ROI
1985,622,5,10621.89,2,4,5,3.6666666666666665,245,At Risk,2124.378,622,At Risk,Medium,Very High,3.4,Inactive,Urgent,Critical (Win-back)
1986,368,4,9833.57,5,4,5,4.666666666666667,545,Champions,2458.3925,368,High Value,None,Very High,4.6,Active,Low,High ROI
1987,472,5,5102.88,3,4,3,3.333333333333333,343,Potential Loyalists,1020.576,472,Growth,None,High,3.4,Regular,Low,Medium-High ROI
1988,1005,1,5264.02,1,1,4,2.0,114,Lost,5264.02,1005,Lost,High,Medium,1.6,Dormant,High,Low ROI
1989,640,3,1808.11,2,3,1,2.0,231,Cant Lose Them,602.7033333333334,640,Lost,None,Medium,2.2,Inactive,Low,Low ROI
1990,395,5,4127.01,5,4,3,4.0,543,Loyal Customers,825.402,395,High Value,None,High,4.2,Active,Low,Medium-High ROI
1991,367,4,6993.25,5,4,4,4.333333333333333,544,Champions,1748.3125,367,High Value,None,Very High,4.4,Active,Low,Low ROI
1992,375,5,4271.65,5,4,3,4.0,543,Loyal Customers,854.3299999999999,375,High Value,None,High,4.2,Active,Low,Medium-High ROI
1993,460,4,3051.9700000000003,4,4,2,3.333333333333333,442,Potential Loyalists,762.9925000000001,460,Growth,None,Medium,3.6,Active,Low,Medium-High ROI
1994,410,2,2838.02,4,2,2,2.6666666666666665,422,Recent Customers,1419.01,410,Growth,Low,Medium,2.8,New,Medium,Growth Potential
1995,565,7,4642.25,2,5,3,3.333333333333333,253,At Risk,663.1785714285714,565,At Risk,Medium,High,3.4,Inactive,Urgent,Low ROI
1997,366,6,16703.38,5,5,5,5.0,555,Champions,2783.896666666667,366,High Value,None,Very High,5.0,Active,Low,High ROI
1998,483,7,6762.92,3,5,4,4.0,354,Potential Loyalists,966.1314285714286,483,Growth,None,Very High,4.0,Regular,Low,Medium-High ROI
2000,696,2,1939.47,1,2,1,1.3333333333333333,121,Lost,969.735,696,Lost,High,Medium,1.4,Dormant,High,Low ROI
